cause_event_type,effect_event_type,count,pct_all_causal_relations,pct_of_cause_type
Catastrophe,Damaging,1925,3.6077,17.3517
Catastrophe,Destroying,850,1.5930,7.6618
Catastrophe,Death,822,1.5405,7.4094
Catastrophe,Killing,626,1.1732,5.6427
Catastrophe,Motion,615,1.1526,5.5435
Catastrophe,Catastrophe,553,1.0364,4.9847
Catastrophe,Influence,538,1.0083,4.8495
Attack,Killing,428,0.8021,10.4441
Coming_to_be,Cause_change_of_strength,423,0.7928,11.8487
Catastrophe,Bodily_harm,369,0.6916,3.3261
Attack,Bodily_harm,351,0.6578,8.5652
Coming_to_be,Motion,319,0.5978,8.9356
Catastrophe,Creating,251,0.4704,2.2625
Hostile_encounter,Killing,249,0.4667,7.9578
Catastrophe,Reporting,208,0.3898,1.8749
Hostile_encounter,Conquering,198,0.3711,6.3279
Catastrophe,Earnings_and_losses,196,0.3673,1.7667
Coming_to_be,Arriving,196,0.3673,5.4902
Coming_to_be,Damaging,189,0.3542,5.2941
Attack,Statement,188,0.3523,4.5876
Catastrophe,Attack,186,0.3486,1.6766
Catastrophe,Statement,184,0.3448,1.6586
Hostile_encounter,Earnings_and_losses,183,0.3430,5.8485
Attack,Destroying,174,0.3261,4.2460
Hostile_encounter,Death,174,0.3261,5.5609
Competition,Competition,171,0.3205,11.4842
Attack,Death,164,0.3074,4.0020
Hostile_encounter,Bodily_harm,161,0.3017,5.1454
Catastrophe,Arriving,157,0.2942,1.4152
Competition,Getting,153,0.2867,10.2754
Catastrophe,Departing,145,0.2717,1.3070
Attack,Conquering,144,0.2699,3.5139
Catastrophe,Cause_change_of_position_on_a_scale,144,0.2699,1.2980
Coming_to_be,Becoming,144,0.2699,4.0336
Coming_to_be,Motion_directional,143,0.2680,4.0056
Catastrophe,Coming_to_be,140,0.2624,1.2619
Coming_to_be,Catastrophe,140,0.2624,3.9216
Catastrophe,Bringing,129,0.2418,1.1628
Attack,Damaging,128,0.2399,3.1235
Coming_to_be,Self_motion,128,0.2399,3.5854
Hostile_encounter,Destroying,124,0.2324,3.9629
Catastrophe,Cause_change_of_strength,122,0.2286,1.0997
Killing,Killing,120,0.2249,12.3077
Hostile_encounter,Process_end,114,0.2137,3.6433
Catastrophe,Self_motion,111,0.2080,1.0005
Catastrophe,Expressing_publicly,110,0.2062,0.9915
Traveling,Supporting,109,0.2043,10.1774
Terrorism,Bodily_harm,108,0.2024,18.9474
Coming_to_be,Cause_change_of_position_on_a_scale,104,0.1949,2.9132
Terrorism,Killing,104,0.1949,18.2456
Attack,Judgment_communication,102,0.1912,2.4890
Competition,Earnings_and_losses,98,0.1837,6.5816
Catastrophe,Removing,95,0.1780,0.8563
Catastrophe,Criminal_investigation,92,0.1724,0.8293
Catastrophe,Manufacturing,91,0.1705,0.8203
Traveling,Earnings_and_losses,91,0.1705,8.4967
Coming_to_be,Killing,90,0.1687,2.5210
Hostile_encounter,Hostile_encounter,88,0.1649,2.8124
Coming_to_be,Dispersal,87,0.1630,2.4370
Competition,Conquering,87,0.1630,5.8428
Attack,Process_end,86,0.1612,2.0986
Catastrophe,Recording,86,0.1612,0.7752
Attack,Motion,83,0.1556,2.0254
Process_start,Process_end,82,0.1537,6.2835
Coming_to_be,Destroying,82,0.1537,2.2969
Attack,Attack,82,0.1537,2.0010
Catastrophe,Motion_directional,79,0.1481,0.7121
Coming_to_be,Death,79,0.1481,2.2129
Coming_to_be,Change,78,0.1462,2.1849
Catastrophe,Presence,78,0.1462,0.7031
Catastrophe,Know,77,0.1443,0.6941
Coming_to_be,Coming_to_be,77,0.1443,2.1569
Hostile_encounter,Escaping,75,0.1406,2.3969
Motion,Motion,74,0.1387,5.7055
Catastrophe,Change,74,0.1387,0.6670
Catastrophe,Escaping,73,0.1368,0.6580
Coming_to_be,Bodily_harm,72,0.1349,2.0168
Attack,Earnings_and_losses,72,0.1349,1.7570
Catastrophe,Giving,72,0.1349,0.6490
Catastrophe,Check,72,0.1349,0.6490
Military_operation,Destroying,72,0.1349,8.0447
Hostile_encounter,Statement,71,0.1331,2.2691
Attack,Escaping,70,0.1312,1.7082
Hostile_encounter,Control,65,0.1218,2.0773
Catastrophe,Placing,64,0.1199,0.5769
Traveling,Recording,64,0.1199,5.9757
Hostile_encounter,Becoming,63,0.1181,2.0134
Arranging,Competition,63,0.1181,8.2569
Use_firearm,Death,62,0.1162,8.1579
Use_firearm,Bodily_harm,61,0.1143,8.0263
Process_start,Conquering,61,0.1143,4.6743
Catastrophe,Assistance,61,0.1143,0.5498
Social_event,Recording,61,0.1143,4.7768
Traveling,Publishing,61,0.1143,5.6956
Traveling,Judgment_communication,61,0.1143,5.6956
Use_firearm,Killing,60,0.1124,7.8947
Catastrophe,Becoming,60,0.1124,0.5408
Coming_to_be,Getting,59,0.1106,1.6527
Motion,Damaging,58,0.1087,4.4719
Hostile_encounter,Attack,58,0.1087,1.8536
Motion,Catastrophe,58,0.1087,4.4719
Killing,Death,58,0.1087,5.9487
Death,Criminal_investigation,58,0.1087,12.3404
Motion,Killing,57,0.1068,4.3948
Attack,Hostile_encounter,57,0.1068,1.3909
Coming_to_be,Attack,57,0.1068,1.5966
Attack,Arrest,56,0.1050,1.3665
Use_firearm,Statement,56,0.1050,7.3684
Catastrophe,Scrutiny,55,0.1031,0.4958
Catastrophe,Coming_to_believe,55,0.1031,0.4958
Coming_to_be,Influence,54,0.1012,1.5126
Competition,Process_end,54,0.1012,3.6266
Attack,Expressing_publicly,53,0.0993,1.2933
Coming_to_be,Creating,53,0.0993,1.4846
Attack,Cause_change_of_position_on_a_scale,53,0.0993,1.2933
Bodily_harm,Death,52,0.0975,16.2500
Social_event,Competition,52,0.0975,4.0720
Catastrophe,Hindering,52,0.0975,0.4687
Catastrophe,Rescuing,52,0.0975,0.4687
Hostile_encounter,Cause_change_of_position_on_a_scale,52,0.0975,1.6619
Violence,Bodily_harm,50,0.0937,11.4943
Competition,Becoming_a_member,50,0.0937,3.3580
Hostile_encounter,Surrendering,50,0.0937,1.5980
Social_event,Hold,50,0.0937,3.9154
Terrorism,Statement,50,0.0937,8.7719
Attack,Legal_rulings,49,0.0918,1.1957
Motion,Destroying,49,0.0918,3.7779
Catastrophe,Cause_to_make_progress,49,0.0918,0.4417
Catastrophe,Perception_active,49,0.0918,0.4417
Competition,Social_event,49,0.0918,3.2908
Hostile_encounter,Damaging,48,0.0900,1.5340
Hold,Competition,48,0.0900,7.8303
Attack,Request,47,0.0881,1.1469
Catastrophe,Change_event_time,47,0.0881,0.4237
Hostile_encounter,Recording,47,0.0881,1.5021
Military_operation,Killing,46,0.0862,5.1397
Competition,Giving,46,0.0862,3.0893
Social_event,Motion,45,0.0843,3.5239
Social_event,Receiving,45,0.0843,3.5239
Conquering,Conquering,45,0.0843,5.8670
Use_firearm,Judgment_communication,45,0.0843,5.9211
Coming_to_be,Statement,45,0.0843,1.2605
Catastrophe,Sending,45,0.0843,0.4056
Competition,Hold,44,0.0825,2.9550
Catastrophe,Emptying,44,0.0825,0.3966
Attack,Reporting,44,0.0825,1.0737
Kidnapping,Killing,44,0.0825,23.7838
Process_start,Killing,44,0.0825,3.3716
Motion,Arriving,43,0.0806,3.3153
Catastrophe,Judgment_communication,43,0.0806,0.3876
Attack,Defending,43,0.0806,1.0493
Attack,Preventing_or_letting,43,0.0806,1.0493
Coming_to_be,Achieve,42,0.0787,1.1765
Hostile_encounter,Quarreling,42,0.0787,1.3423
Motion,Death,41,0.0768,3.1611
Attack,Arriving,41,0.0768,1.0005
Hostile_encounter,Motion,41,0.0768,1.3103
Hostile_encounter,Communication,41,0.0768,1.3103
Hostile_encounter,Getting,41,0.0768,1.3103
Attack,Check,41,0.0768,1.0005
Motion,Bodily_harm,41,0.0768,3.1611
Presence,Killing,41,0.0768,7.2310
Motion,Attack,41,0.0768,3.1611
Terrorism,Death,40,0.0750,7.0175
Attack,Catastrophe,39,0.0731,0.9517
Social_event,Statement,39,0.0731,3.0540
Military_operation,Conquering,39,0.0731,4.3575
Arranging,Social_event,39,0.0731,5.1114
Killing,Criminal_investigation,39,0.0731,4.0000
Attack,Getting,39,0.0731,0.9517
Self_motion,Killing,38,0.0712,5.0465
Social_event,Cause_change_of_position_on_a_scale,38,0.0712,2.9757
Catastrophe,Convincing,38,0.0712,0.3425
Catastrophe,Building,38,0.0712,0.3425
Catastrophe,Publishing,38,0.0712,0.3425
Hostile_encounter,Name_conferral,37,0.0693,1.1825
Hostile_encounter,Preventing_or_letting,37,0.0693,1.1825
Social_event,Creating,37,0.0693,2.8974
Coming_to_be,Cause_to_make_progress,37,0.0693,1.0364
Social_event,Publishing,36,0.0675,2.8191
Social_event,Judgment_communication,36,0.0675,2.8191
Conquering,Killing,36,0.0675,4.6936
Self_motion,Attack,36,0.0675,4.7809
Coming_to_be,Removing,36,0.0675,1.0084
Killing,Bodily_harm,36,0.0675,3.6923
Creating,Social_event,36,0.0675,6.1750
Coming_to_be,Manufacturing,36,0.0675,1.0084
Catastrophe,Openness,36,0.0675,0.3245
Traveling,Commerce_sell,36,0.0675,3.3613
Attack,Self_motion,35,0.0656,0.8541
Violence,Killing,35,0.0656,8.0460
Attack,Know,35,0.0656,0.8541
Catastrophe,Dispersal,35,0.0656,0.3155
Process_start,Competition,35,0.0656,2.6820
Conquering,Getting,35,0.0656,4.5632
Process_start,Process_start,35,0.0656,2.6820
Catastrophe,Supply,35,0.0656,0.3155
Hostile_encounter,Agree_or_refuse_to_act,35,0.0656,1.1186
Catastrophe,GiveUp,35,0.0656,0.3155
Killing,Judgment_communication,34,0.0637,3.4872
Attack,Removing,34,0.0637,0.8297
Coming_to_be,Presence,34,0.0637,0.9524
Presence,Bodily_harm,34,0.0637,5.9965
Catastrophe,Name_conferral,34,0.0637,0.3065
Killing,Statement,34,0.0637,3.4872
Traveling,Statement,34,0.0637,3.1746
Violence,Statement,34,0.0637,7.8161
Cause_change_of_strength,Cause_change_of_strength,34,0.0637,8.6076
Traveling,Social_event,34,0.0637,3.1746
Motion,Escaping,33,0.0618,2.5443
Process_start,Becoming,33,0.0618,2.5287
Process_start,Earnings_and_losses,33,0.0618,2.5287
Attack,Recovering,33,0.0618,0.8053
Social_event,Influence,33,0.0618,2.5842
Attack,Influence,33,0.0618,0.8053
Process_start,Destroying,33,0.0618,2.5287
Arriving,Bodily_harm,33,0.0618,4.3825
Violence,Death,33,0.0618,7.5862
Competition,Change,33,0.0618,2.2163
Self_motion,Destroying,32,0.0600,4.2497
Arriving,Attack,32,0.0600,4.2497
Process_start,Motion,32,0.0600,2.4521
Self_motion,Self_motion,32,0.0600,4.2497
Self_motion,Motion,32,0.0600,4.2497
Military_operation,Process_end,32,0.0600,3.5754
Catastrophe,Action,32,0.0600,0.2884
Motion,Conquering,31,0.0581,2.3901
Attack,Hindering,31,0.0581,0.7565
Killing,Legal_rulings,31,0.0581,3.1795
Change_of_leadership,Process_end,31,0.0581,5.4867
Military_operation,Earnings_and_losses,31,0.0581,3.4637
Catastrophe,Process_end,31,0.0581,0.2794
Catastrophe,Hold,31,0.0581,0.2794
Conquering,Process_end,31,0.0581,4.0417
Motion,Cause_change_of_strength,31,0.0581,2.3901
Social_event,Expressing_publicly,30,0.0562,2.3493
Social_event,Supporting,30,0.0562,2.3493
Cause_change_of_strength,Catastrophe,30,0.0562,7.5949
Catastrophe,Research,30,0.0562,0.2704
Attack,Motion_directional,30,0.0562,0.7321
Military_operation,Agree_or_refuse_to_act,30,0.0562,3.3520
Use_firearm,Destroying,30,0.0562,3.9474
Catastrophe,Recovering,30,0.0562,0.2704
Attack,Action,30,0.0562,0.7321
Attack,Surrendering,30,0.0562,0.7321
Traveling,Competition,30,0.0562,2.8011
Hostile_encounter,Departing,30,0.0562,0.9588
Violence,Judgment_communication,29,0.0543,6.6667
Coming_to_be,Earnings_and_losses,29,0.0543,0.8123
Hostile_encounter,Cause_change_of_strength,29,0.0543,0.9268
Conquering,Escaping,29,0.0543,3.7810
Competition,Becoming,29,0.0543,1.9476
Attack,Giving,29,0.0543,0.7077
Attack,Creating,29,0.0543,0.7077
Attack,Hold,29,0.0543,0.7077
Social_event,Expansion,29,0.0543,2.2709
Hostile_encounter,Arriving,29,0.0543,0.9268
Conquering,Attack,29,0.0543,3.7810
Catastrophe,Warning,29,0.0543,0.2614
Competition,Name_conferral,29,0.0543,1.9476
Death,Placing,28,0.0525,5.9574
Cause_change_of_strength,Dispersal,28,0.0525,7.0886
Self_motion,Death,28,0.0525,3.7185
Attack,Control,28,0.0525,0.6833
Catastrophe,Writing,28,0.0525,0.2524
Coming_to_be,Reporting,28,0.0525,0.7843
Self_motion,Arriving,28,0.0525,3.7185
Competition,Preserving,28,0.0525,1.8805
Traveling,Hold,28,0.0525,2.6144
Process_start,Hold,27,0.0506,2.0690
Arranging,Attack,27,0.0506,3.5387
Hostile_encounter,Catastrophe,27,0.0506,0.8629
Hostile_encounter,Creating,27,0.0506,0.8629
Attack,Protest,27,0.0506,0.6589
Destroying,Killing,27,0.0506,5.7203
Arriving,Escaping,27,0.0506,3.5857
Social_event,Process_end,27,0.0506,2.1143
Death,Statement,27,0.0506,5.7447
Cause_change_of_strength,Motion,27,0.0506,6.8354
Change_of_leadership,Conquering,27,0.0506,4.7788
Hostile_encounter,Giving,27,0.0506,0.8629
Cause_change_of_strength,Cause_change_of_position_on_a_scale,27,0.0506,6.8354
Control,Attack,26,0.0487,7.3034
Catastrophe,Getting,26,0.0487,0.2344
Motion,Process_end,26,0.0487,2.0046
Coming_to_be,Process_end,26,0.0487,0.7283
Process_start,Attack,26,0.0487,1.9923
Motion,Cause_change_of_position_on_a_scale,26,0.0487,2.0046
Coming_to_be,Expressing_publicly,26,0.0487,0.7283
Killing,Arrest,26,0.0487,2.6667
Hostile_encounter,Presence,26,0.0487,0.8309
Attack,Cause_change_of_strength,26,0.0487,0.6345
Motion_directional,Death,26,0.0487,7.3239
Arriving,Killing,26,0.0487,3.4529
Attack,Hiding_objects,26,0.0487,0.6345
Military_operation,Releasing,26,0.0487,2.9050
Catastrophe,Deciding,26,0.0487,0.2344
Competition,Recording,26,0.0487,1.7461
Coming_to_be,Bringing,26,0.0487,0.7283
Hostile_encounter,Removing,26,0.0487,0.8309
Traveling,Receiving,26,0.0487,2.4276
Catastrophe,Connect,26,0.0487,0.2344
Coming_to_be,Know,25,0.0469,0.7003
Self_motion,Conquering,25,0.0469,3.3201
Competition,Presence,25,0.0469,1.6790
Military_operation,Death,25,0.0469,2.7933
Catastrophe,Request,25,0.0469,0.2253
Cause_change_of_strength,Arriving,25,0.0469,6.3291
Action,Killing,25,0.0469,6.7385
Military_operation,Attack,25,0.0469,2.7933
Arranging,Killing,25,0.0469,3.2765
Motion,Statement,25,0.0469,1.9275
Attack,Change,25,0.0469,0.6101
Hostile_encounter,Change,24,0.0450,0.7670
Process_start,Statement,24,0.0450,1.8391
Coming_to_be,Process_start,24,0.0450,0.6723
Arriving,Conquering,24,0.0450,3.1873
Attack,Response,24,0.0450,0.5857
Attack,Use_firearm,24,0.0450,0.5857
Killing,Destroying,24,0.0450,2.4615
Attack,Writing,24,0.0450,0.5857
Hostile_encounter,Judgment_communication,24,0.0450,0.7670
Terrorism,Check,24,0.0450,4.2105
Competition,Achieve,24,0.0450,1.6118
Attack,Bringing,23,0.0431,0.5612
Cause_change_of_position_on_a_scale,Catastrophe,23,0.0431,5.9126
Military_operation,Removing,23,0.0431,2.5698
Process_start,Death,23,0.0431,1.7625
Attack,Agree_or_refuse_to_act,23,0.0431,0.5612
Killing,Know,23,0.0431,2.3590
Cause_change_of_strength,Becoming,23,0.0431,5.8228
Hold,Process_end,23,0.0431,3.7520
Attack,Change_sentiment,23,0.0431,0.5612
Attack,Change_of_leadership,23,0.0431,0.5612
Catastrophe,Cause_to_amalgamate,23,0.0431,0.2073
Process_start,Getting,23,0.0431,1.7625
Process_start,Hostile_encounter,23,0.0431,1.7625
Conquering,Control,23,0.0431,2.9987
Motion,Self_motion,23,0.0431,1.7733
Catastrophe,Preventing_or_letting,23,0.0431,0.2073
Arriving,Catastrophe,23,0.0431,3.0544
Motion_directional,Killing,22,0.0412,6.1972
Use_firearm,Check,22,0.0412,2.8947
Competition,Statement,22,0.0412,1.4775
Killing,Motion,22,0.0412,2.2564
Arriving,Motion,22,0.0412,2.9216
Self_motion,Catastrophe,22,0.0412,2.9216
Presence,Statement,22,0.0412,3.8801
Creating,Motion,22,0.0412,3.7736
Attack,Sending,22,0.0412,0.5368
Self_motion,Bodily_harm,22,0.0412,2.9216
Hostile_encounter,Bringing,22,0.0412,0.7031
Defending,Attack,22,0.0412,6.8111
Departing,Catastrophe,22,0.0412,9.0535
Traveling,Getting,22,0.0412,2.0542
Conquering,Earnings_and_losses,22,0.0412,2.8683
Military_operation,Damaging,22,0.0412,2.4581
Choosing,Competition,22,0.0412,7.6389
Competition,Receiving,22,0.0412,1.4775
Hostile_encounter,Response,22,0.0412,0.7031
Catastrophe,Confronting_problem,22,0.0412,0.1983
Catastrophe,Filling,22,0.0412,0.1983
Use_firearm,Expressing_publicly,21,0.0394,2.7632
Process_start,Creating,21,0.0394,1.6092
Competition,Action,21,0.0394,1.4103
Coming_to_be,Judgment_communication,21,0.0394,0.5882
Creating,Process_start,21,0.0394,3.6021
Killing,Scrutiny,21,0.0394,2.1538
Attack,Criminal_investigation,21,0.0394,0.5124
Arranging,Motion,21,0.0394,2.7523
Arriving,Destroying,21,0.0394,2.7888
Presence,Destroying,21,0.0394,3.7037
Social_event,Social_event,21,0.0394,1.6445
Motion,Coming_to_be,21,0.0394,1.6191
Besieging,Conquering,21,0.0394,7.9545
Traveling,Expressing_publicly,21,0.0394,1.9608
Social_event,Process_start,21,0.0394,1.6445
Coming_to_be,Perception_active,21,0.0394,0.5882
Catastrophe,Conquering,21,0.0394,0.1893
Change_of_leadership,Change_of_leadership,21,0.0394,3.7168
Sending,Conquering,21,0.0394,7.8652
Terrorism,Judgment_communication,21,0.0394,3.6842
Competition,Bringing,21,0.0394,1.4103
Traveling,Traveling,21,0.0394,1.9608
Competition,Destroying,21,0.0394,1.4103
Process_start,Bodily_harm,20,0.0375,1.5326
Catastrophe,Scouring,20,0.0375,0.1803
Escaping,Conquering,20,0.0375,5.7971
Besieging,Killing,20,0.0375,7.5758
Arriving,Damaging,20,0.0375,2.6560
Attack,Scrutiny,20,0.0375,0.4880
Motion,Earnings_and_losses,20,0.0375,1.5420
Creating,Damaging,20,0.0375,3.4305
Arranging,Conquering,20,0.0375,2.6212
Motion,Becoming,20,0.0375,1.5420
Military_operation,Escaping,20,0.0375,2.2346
Cause_change_of_position_on_a_scale,Cause_change_of_position_on_a_scale,20,0.0375,5.1414
Conquering,Motion,20,0.0375,2.6076
Hostile_encounter,Arrest,20,0.0375,0.6392
Attack,Receiving,20,0.0375,0.4880
Hostile_encounter,Sign_agreement,20,0.0375,0.6392
Terrorism,Legal_rulings,20,0.0375,3.5088
Creating,Creating,20,0.0375,3.4305
Attack,Military_operation,20,0.0375,0.4880
Catastrophe,Achieve,20,0.0375,0.1803
Motion,Reporting,20,0.0375,1.5420
Terrorism,Arrest,20,0.0375,3.5088
Hostile_encounter,Supporting,19,0.0356,0.6072
Use_firearm,Arrest,19,0.0356,2.5000
Traveling,Self_motion,19,0.0356,1.7740
Traveling,Presence,19,0.0356,1.7740
Social_event,Placing,19,0.0356,1.4879
Use_firearm,Use_firearm,19,0.0356,2.5000
Change_of_leadership,Hostile_encounter,19,0.0356,3.3628
Escaping,Arriving,19,0.0356,5.5072
Social_event,Defending,19,0.0356,1.4879
Destroying,Death,19,0.0356,4.0254
Military_operation,Bodily_harm,19,0.0356,2.1229
Testing,Testing,19,0.0356,12.5000
Change_of_leadership,Creating,19,0.0356,3.3628
Destroying,Escaping,19,0.0356,4.0254
Terrorism,Attack,19,0.0356,3.3333
Protest,Statement,19,0.0356,15.9664
Hold,Earnings_and_losses,19,0.0356,3.0995
Hold,Social_event,19,0.0356,3.0995
Coming_to_be,Recovering,19,0.0356,0.5322
Traveling,Placing,19,0.0356,1.7740
Cause_to_make_progress,Cause_change_of_strength,19,0.0356,8.9623
Control,Escaping,18,0.0337,5.0562
Social_event,Becoming,18,0.0337,1.4096
Motion,Action,18,0.0337,1.3878
Cause_change_of_strength,Getting,18,0.0337,4.5570
Motion_directional,Motion,18,0.0337,5.0704
Arranging,Self_motion,18,0.0337,2.3591
Social_event,Getting,18,0.0337,1.4096
Removing,Conquering,18,0.0337,9.4241
Attack,Prison,18,0.0337,0.4392
Agree_or_refuse_to_act,Attack,18,0.0337,6.8966
Motion_directional,Attack,18,0.0337,5.0704
Cause_change_of_position_on_a_scale,Cause_change_of_strength,18,0.0337,4.6272
Process_start,Escaping,18,0.0337,1.3793
Hostile_encounter,Self_motion,18,0.0337,0.5753
Hostile_encounter,Defending,18,0.0337,0.5753
Committing_crime,Legal_rulings,18,0.0337,6.5455
Traveling,Know,18,0.0337,1.6807
Catastrophe,Receiving,18,0.0337,0.1622
Defending,Defending,18,0.0337,5.5728
Process_start,Arriving,18,0.0337,1.3793
Conquering,Hostile_encounter,18,0.0337,2.3468
Hostile_encounter,Convincing,18,0.0337,0.5753
Hold,Getting,18,0.0337,2.9364
Attack,Arranging,18,0.0337,0.4392
Hostile_encounter,Know,18,0.0337,0.5753
Self_motion,Process_end,17,0.0319,2.2576
Motion,Judgment_communication,17,0.0319,1.3107
Process_start,Removing,17,0.0319,1.3027
Control,Hostile_encounter,17,0.0319,4.7753
Motion,Preventing_or_letting,17,0.0319,1.3107
Competition,Know,17,0.0319,1.1417
Motion_directional,Destroying,17,0.0319,4.7887
Sending,Attack,17,0.0319,6.3670
Social_event,Name_conferral,17,0.0319,1.3312
Change_of_leadership,Attack,17,0.0319,3.0088
Arriving,Self_motion,17,0.0319,2.2576
Destroying,Destroying,17,0.0319,3.6017
Getting,Becoming,17,0.0319,5.0296
Committing_crime,Request,17,0.0319,6.1818
Motion,Know,17,0.0319,1.3107
Social_event,Change,17,0.0319,1.3312
Change_of_leadership,Legal_rulings,17,0.0319,3.0088
Killing,Cause_change_of_position_on_a_scale,17,0.0319,1.7436
Presence,Death,17,0.0319,2.9982
Destroying,Bodily_harm,17,0.0319,3.6017
Self_motion,Damaging,17,0.0319,2.2576
Presence,Motion,17,0.0319,2.9982
Protest,Judgment_communication,17,0.0319,14.2857
Choosing,Judgment_communication,17,0.0319,5.9028
Arranging,Terrorism,17,0.0319,2.2280
Process_start,Expressing_publicly,17,0.0319,1.3027
Change_of_leadership,Hindering,17,0.0319,3.0088
Process_start,Cause_change_of_position_on_a_scale,17,0.0319,1.3027
Expressing_publicly,Process_end,17,0.0319,6.9106
Attack,Dispersal,17,0.0319,0.4148
Competition,Cause_to_make_progress,17,0.0319,1.1417
Hostile_encounter,Violence,17,0.0319,0.5433
Damaging,Killing,17,0.0319,6.8273
Creating,Competition,17,0.0319,2.9160
Catastrophe,Cure,17,0.0319,0.1532
Violence,Violence,16,0.0300,3.6782
Conquering,Arriving,16,0.0300,2.0860
Attack,Committing_crime,16,0.0300,0.3904
Killing,Giving,16,0.0300,1.6410
Social_event,Giving,16,0.0300,1.2529
Social_event,Earnings_and_losses,16,0.0300,1.2529
Competition,Preventing_or_letting,16,0.0300,1.0745
Coming_to_be,Preventing_or_letting,16,0.0300,0.4482
Action,Conquering,16,0.0300,4.3127
Process_start,Social_event,16,0.0300,1.2261
Motion,Getting,16,0.0300,1.2336
Hostile_encounter,GiveUp,16,0.0300,0.5113
Testing,Catastrophe,16,0.0300,10.5263
Catastrophe,Expansion,16,0.0300,0.1442
Presence,Catastrophe,16,0.0300,2.8219
Request,Agree_or_refuse_to_act,16,0.0300,3.5011
Arranging,Process_start,16,0.0300,2.0970
Attack,Submitting_documents,16,0.0300,0.3904
Change_of_leadership,Statement,16,0.0300,2.8319
Social_event,Create_artwork,16,0.0300,1.2529
Creating,Hold,16,0.0300,2.7444
Coming_to_be,Departing,16,0.0300,0.4482
Attack,Departing,16,0.0300,0.3904
Conquering,Becoming,16,0.0300,2.0860
Military_operation,Arriving,16,0.0300,1.7877
Military_operation,Surrendering,16,0.0300,1.7877
Attack,Placing,16,0.0300,0.3904
Damaging,Damaging,16,0.0300,6.4257
Catastrophe,Military_operation,16,0.0300,0.1442
Arranging,Hold,16,0.0300,2.0970
Creating,Attack,16,0.0300,2.7444
Competition,Expressing_publicly,16,0.0300,1.0745
Competition,Cause_change_of_position_on_a_scale,16,0.0300,1.0745
Death,Expressing_publicly,16,0.0300,3.4043
Catastrophe,Reforming_a_system,16,0.0300,0.1442
Traveling,Becoming,16,0.0300,1.4939
Military_operation,Name_conferral,16,0.0300,1.7877
Committing_crime,Receiving,15,0.0281,5.4545
Destroying,Conquering,15,0.0281,3.1780
Action,Judgment_communication,15,0.0281,4.0431
Know,Legal_rulings,15,0.0281,4.8544
Competition,Process_start,15,0.0281,1.0074
Earnings_and_losses,Bodily_harm,15,0.0281,4.5872
Earnings_and_losses,Earnings_and_losses,15,0.0281,4.5872
Hostile_encounter,Prison,15,0.0281,0.4794
Hostile_encounter,Recovering,15,0.0281,0.4794
Arriving,Process_end,15,0.0281,1.9920
Process_start,Cause_to_make_progress,15,0.0281,1.1494
Motion,Influence,15,0.0281,1.1565
Process_start,Self_motion,15,0.0281,1.1494
Arranging,Change_event_time,15,0.0281,1.9659
Coming_to_be,Escaping,15,0.0281,0.4202
Getting,Getting,15,0.0281,4.4379
Military_operation,Self_motion,15,0.0281,1.6760
Arriving,Earnings_and_losses,15,0.0281,1.9920
Committing_crime,Arrest,15,0.0281,5.4545
Arrest,Judgment_communication,15,0.0281,7.0423
Besieging,Surrendering,15,0.0281,5.6818
Hold,Becoming,15,0.0281,2.4470
Motion_directional,Arriving,15,0.0281,4.2254
Arranging,Hostile_encounter,15,0.0281,1.9659
Catastrophe,Hiding_objects,15,0.0281,0.1352
Self_motion,Hostile_encounter,15,0.0281,1.9920
Hostile_encounter,Placing,15,0.0281,0.4794
Escaping,Escaping,15,0.0281,4.3478
Motion,Telling,15,0.0281,1.1565
Attack,Quarreling,15,0.0281,0.3660
Getting,Process_end,15,0.0281,4.4379
Hostile_encounter,Receiving,15,0.0281,0.4794
Bodily_harm,Killing,15,0.0281,4.6875
Attack,Recording,15,0.0281,0.3660
Social_event,Preventing_or_letting,15,0.0281,1.1746
Killing,Influence,15,0.0281,1.5385
Traveling,Bodily_harm,15,0.0281,1.4006
Change_of_leadership,Destroying,15,0.0281,2.6549
Judgment_communication,Statement,15,0.0281,6.0976
Violence,Committing_crime,15,0.0281,3.4483
Motion,Motion_directional,15,0.0281,1.1565
Hold,Conquering,15,0.0281,2.4470
Social_event,Cause_to_make_progress,15,0.0281,1.1746
Cause_change_of_strength,Change,15,0.0281,3.7975
Hostile_encounter,Dispersal,15,0.0281,0.4794
Arranging,Process_end,15,0.0281,1.9659
Change_of_leadership,Name_conferral,15,0.0281,2.6549
Placing,Attack,15,0.0281,6.0241
Change_of_leadership,Communication,15,0.0281,2.6549
Cause_to_make_progress,Catastrophe,15,0.0281,7.0755
Traveling,Communication,15,0.0281,1.4006
Judgment_communication,Legal_rulings,14,0.0262,5.6911
Killing,Escaping,14,0.0262,1.4359
Control,Killing,14,0.0262,3.9326
Social_event,Presence,14,0.0262,1.0963
Competition,Sending,14,0.0262,0.9402
Competition,Hostile_encounter,14,0.0262,0.9402
Request,Self_motion,14,0.0262,3.0635
Earnings_and_losses,Attack,14,0.0262,4.2813
Coming_to_be,Hostile_encounter,14,0.0262,0.3922
Attack,Process_start,14,0.0262,0.3416
Process_start,Placing,14,0.0262,1.0728
Know,Attack,14,0.0262,4.5307
Change_of_leadership,Control,14,0.0262,2.4779
Arriving,Cause_change_of_strength,14,0.0262,1.8592
Attack,Reveal_secret,14,0.0262,0.3416
Arranging,Arriving,14,0.0262,1.8349
Destroying,Motion,14,0.0262,2.9661
Military_operation,Hostile_encounter,14,0.0262,1.5642
Social_event,Reporting,14,0.0262,1.0963
Military_operation,Getting,14,0.0262,1.5642
Hold,Giving,14,0.0262,2.2838
Change_of_leadership,Escaping,14,0.0262,2.4779
Conquering,Statement,14,0.0262,1.8253
Hold,Hold,14,0.0262,2.2838
Hold,Statement,14,0.0262,2.2838
Coming_to_be,Arranging,14,0.0262,0.3922
Coming_to_be,Check,14,0.0262,0.3922
Military_operation,Statement,14,0.0262,1.5642
Catastrophe,Response,14,0.0262,0.1262
Attack,Achieve,14,0.0262,0.3416
Killing,Damaging,14,0.0262,1.4359
Process_start,Traveling,14,0.0262,1.0728
Hostile_encounter,Rewards_and_punishments,14,0.0262,0.4474
Self_motion,Know,14,0.0262,1.8592
Process_start,Agree_or_refuse_to_act,14,0.0262,1.0728
Preventing_or_letting,Motion,14,0.0262,5.4475
Cause_change_of_position_on_a_scale,Becoming,14,0.0262,3.5990
Coming_to_be,Telling,14,0.0262,0.3922
Hostile_encounter,Change_of_leadership,14,0.0262,0.4474
Besieging,Hostile_encounter,14,0.0262,5.3030
Deciding,Attack,14,0.0262,7.2539
Attack,Sign_agreement,14,0.0262,0.3416
Coming_to_be,Hold,14,0.0262,0.3922
Commerce_buy,Killing,14,0.0262,40.0000
Military_operation,Change,14,0.0262,1.5642
Catastrophe,Process_start,14,0.0262,0.1262
Catastrophe,Temporary_stay,14,0.0262,0.1262
Arriving,Use_firearm,14,0.0262,1.8592
Earnings_and_losses,Killing,14,0.0262,4.2813
Action,Destroying,14,0.0262,3.7736
Action,Attack,14,0.0262,3.7736
Attack,Rewards_and_punishments,14,0.0262,0.3416
Catastrophe,Submitting_documents,14,0.0262,0.1262
Arranging,Earnings_and_losses,14,0.0262,1.8349
Control,Catastrophe,14,0.0262,3.9326
Being_in_operation,Catastrophe,14,0.0262,11.2000
Getting,Attack,14,0.0262,4.1420
Death,Reporting,14,0.0262,2.9787
Conquering,Surrendering,14,0.0262,1.8253
Killing,Creating,14,0.0262,1.4359
Catastrophe,Come_together,14,0.0262,0.1262
Committing_crime,Damaging,14,0.0262,5.0909
Motion,Removing,13,0.0244,1.0023
Committing_crime,Judgment_communication,13,0.0244,4.7273
Know,Motion,13,0.0244,4.2071
Death,Rite,13,0.0244,2.7660
Arriving,Departing,13,0.0244,1.7264
Process_start,Change,13,0.0244,0.9962
Social_event,Perception_active,13,0.0244,1.0180
Process_start,Judgment_communication,13,0.0244,0.9962
Competition,Placing,13,0.0244,0.8731
Earnings_and_losses,Process_end,13,0.0244,3.9755
Process_start,Know,13,0.0244,0.9962
Cause_change_of_position_on_a_scale,Motion,13,0.0244,3.3419
Creating,Destroying,13,0.0244,2.2298
Violence,Arrest,13,0.0244,2.9885
Conquering,Recovering,13,0.0244,1.6949
Request,Surrendering,13,0.0244,2.8446
Hostile_encounter,Hindering,13,0.0244,0.4155
Self_motion,Cause_change_of_position_on_a_scale,13,0.0244,1.7264
Arriving,Hostile_encounter,13,0.0244,1.7264
Hold,Bodily_harm,13,0.0244,2.1207
Cause_change_of_position_on_a_scale,Arriving,13,0.0244,3.3419
Arriving,Death,13,0.0244,1.7264
Change_of_leadership,Self_motion,13,0.0244,2.3009
Conquering,Removing,13,0.0244,1.6949
Creating,Becoming,13,0.0244,2.2298
Attack,Rescuing,13,0.0244,0.3172
Motion,Control,13,0.0244,1.0023
Military_operation,Request,13,0.0244,1.4525
Arranging,Escaping,13,0.0244,1.7038
Manufacturing,Damaging,13,0.0244,9.6296
Attack,Communication,13,0.0244,0.3172
Coming_to_be,Recording,13,0.0244,0.3641
Change_of_leadership,Becoming,13,0.0244,2.3009
Military_operation,Use_firearm,13,0.0244,1.4525
Killing,Request,13,0.0244,1.3333
Hold,Motion,13,0.0244,2.1207
Conquering,Defending,13,0.0244,1.6949
Catastrophe,Change_sentiment,13,0.0244,0.1172
Hostile_encounter,Action,13,0.0244,0.4155
Sign_agreement,Process_end,13,0.0244,7.9755
Coming_to_be,Cause_to_amalgamate,13,0.0244,0.3641
Process_start,Giving,13,0.0244,0.9962
Coming_to_be,Warning,13,0.0244,0.3641
Presence,Process_end,13,0.0244,2.2928
Killing,Committing_crime,13,0.0244,1.3333
Attack,Deciding,13,0.0244,0.3172
Attack,Becoming,13,0.0244,0.3172
Motion_directional,Damaging,13,0.0244,3.6620
Use_firearm,Catastrophe,13,0.0244,1.7105
Change_of_leadership,Preventing_or_letting,13,0.0244,2.3009
Departing,Arriving,13,0.0244,5.3498
Conquering,Change_of_leadership,13,0.0244,1.6949
Attack,Besieging,13,0.0244,0.3172
Conquering,Agree_or_refuse_to_act,13,0.0244,1.6949
Arranging,Preventing_or_letting,13,0.0244,1.7038
Know,Self_motion,13,0.0244,4.2071
Process_end,Process_end,13,0.0244,4.5139
Coming_to_be,Temporary_stay,13,0.0244,0.3641
Attack,Coming_to_be,13,0.0244,0.3172
Conquering,Recording,13,0.0244,1.6949
Creating,Presence,13,0.0244,2.2298
Preventing_or_letting,Arriving,13,0.0244,5.0584
Creating,Giving,13,0.0244,2.2298
Process_start,Expansion,13,0.0244,0.9962
Action,Bodily_harm,13,0.0244,3.5040
Process_start,Damaging,13,0.0244,0.9962
Process_start,Coming_to_be,13,0.0244,0.9962
Violence,Protest,13,0.0244,2.9885
Social_event,Temporary_stay,13,0.0244,1.0180
Hostile_encounter,Perception_active,13,0.0244,0.4155
Catastrophe,Telling,13,0.0244,0.1172
Earnings_and_losses,Conquering,13,0.0244,3.9755
Presence,Influence,13,0.0244,2.2928
Getting,Earnings_and_losses,13,0.0244,3.8462
Arriving,Preventing_or_letting,13,0.0244,1.7264
Hostile_encounter,Influence,13,0.0244,0.4155
Departing,Motion,13,0.0244,5.3498
Competition,Coming_to_believe,13,0.0244,0.8731
Military_operation,Know,13,0.0244,1.4525
Motion_directional,Self_motion,13,0.0244,3.6620
Military_operation,Recovering,13,0.0244,1.4525
Process_start,Cause_change_of_strength,13,0.0244,0.9962
Traveling,Destroying,13,0.0244,1.2138
Competition,Arranging,13,0.0244,0.8731
Cause_to_make_progress,Self_motion,12,0.0225,5.6604
Cause_to_make_progress,Motion,12,0.0225,5.6604
Arriving,Cause_change_of_position_on_a_scale,12,0.0225,1.5936
Earnings_and_losses,Motion,12,0.0225,3.6697
Arriving,Arriving,12,0.0225,1.5936
Process_start,Perception_active,12,0.0225,0.9195
Process_start,Influence,12,0.0225,0.9195
Use_firearm,Reveal_secret,12,0.0225,1.5789
Presence,Expressing_publicly,12,0.0225,2.1164
Process_end,Change,12,0.0225,4.1667
Creating,Statement,12,0.0225,2.0583
Cause_change_of_position_on_a_scale,Destroying,12,0.0225,3.0848
Killing,Attack,12,0.0225,1.2308
Request,Attack,12,0.0225,2.6258
Killing,Removing,12,0.0225,1.2308
Killing,Building,12,0.0225,1.2308
Attack,Warning,12,0.0225,0.2928
Process_start,Building,12,0.0225,0.9195
Killing,Action,12,0.0225,1.2308
Arriving,Know,12,0.0225,1.5936
Social_event,Self_motion,12,0.0225,0.9397
Arriving,Control,12,0.0225,1.5936
Scrutiny,Know,12,0.0225,13.6364
Use_firearm,Attack,12,0.0225,1.5789
Killing,Use_firearm,12,0.0225,1.2308
Kidnapping,Arrest,12,0.0225,6.4865
Agree_or_refuse_to_act,Process_end,12,0.0225,4.5977
Destroying,Earnings_and_losses,12,0.0225,2.5424
Arriving,Removing,12,0.0225,1.5936
Motion,Placing,12,0.0225,0.9252
Criminal_investigation,Coming_to_believe,12,0.0225,10.0840
Presence,Conquering,12,0.0225,2.1164
Presence,Judgment_communication,12,0.0225,2.1164
Committing_crime,Statement,12,0.0225,4.3636
Hold,Arriving,12,0.0225,1.9576
Arranging,Statement,12,0.0225,1.5727
Hostile_encounter,Publishing,12,0.0225,0.3835
Arranging,Getting,12,0.0225,1.5727
Killing,Reporting,12,0.0225,1.2308
Expressing_publicly,Hostile_encounter,12,0.0225,4.8780
Departing,Self_motion,12,0.0225,4.9383
Destroying,Catastrophe,12,0.0225,2.5424
Coming_to_be,Placing,12,0.0225,0.3361
Process_start,Action,12,0.0225,0.9195
Killing,Process_end,12,0.0225,1.2308
Destroying,Damaging,12,0.0225,2.5424
Change_of_leadership,Change,12,0.0225,2.1239
Know,Destroying,12,0.0225,3.8835
Coming_to_be,Coming_to_believe,12,0.0225,0.3361
Coming_to_be,Conquering,12,0.0225,0.3361
Motion,Departing,12,0.0225,0.9252
Hostile_encounter,Deciding,12,0.0225,0.3835
Traveling,Choosing,12,0.0225,1.1204
Traveling,Response,12,0.0225,1.1204
Hostile_encounter,Assistance,12,0.0225,0.3835
Traveling,Change,12,0.0225,1.1204
Motion_directional,Bodily_harm,12,0.0225,3.3803
Choosing,Statement,12,0.0225,4.1667
Hostile_encounter,Confronting_problem,12,0.0225,0.3835
Catastrophe,Employment,12,0.0225,0.1082
Escaping,Attack,12,0.0225,3.4783
Process_start,Bringing,12,0.0225,0.9195
Action,Statement,12,0.0225,3.2345
Coming_to_be,Expansion,12,0.0225,0.3361
Control,Arriving,12,0.0225,3.3708
Self_motion,Motion_directional,12,0.0225,1.5936
Hostile_encounter,Request,12,0.0225,0.3835
Competition,Come_together,12,0.0225,0.8059
Coming_to_be,Preserving,12,0.0225,0.3361
Military_operation,Action,12,0.0225,1.3408
Arriving,Change,12,0.0225,1.5936
Attack,Kidnapping,12,0.0225,0.2928
Cause_change_of_strength,Motion_directional,12,0.0225,3.0380
Traveling,Motion,12,0.0225,1.1204
Traveling,Bringing,12,0.0225,1.1204
Military_operation,Control,12,0.0225,1.3408
Competition,Deciding,12,0.0225,0.8059
Military_operation,Sign_agreement,12,0.0225,1.3408
Social_event,Supply,12,0.0225,0.9397
Response,Removing,12,0.0225,7.5949
Cause_to_make_progress,Conquering,11,0.0206,5.1887
Coming_to_be,Receiving,11,0.0206,0.3081
Request,Legal_rulings,11,0.0206,2.4070
Request,Killing,11,0.0206,2.4070
Control,Self_motion,11,0.0206,3.0899
Escaping,Self_motion,11,0.0206,3.1884
Process_start,Recording,11,0.0206,0.8429
Use_firearm,Receiving,11,0.0206,1.4474
Besieging,Process_end,11,0.0206,4.1667
Social_event,Coming_to_be,11,0.0206,0.8614
Arranging,Arranging,11,0.0206,1.4417
Social_event,Commerce_sell,11,0.0206,0.8614
Competition,Motion,11,0.0206,0.7388
Motion,Legal_rulings,11,0.0206,0.8481
Request,Preventing_or_letting,11,0.0206,2.4070
Motion,Creating,11,0.0206,0.8481
Killing,Social_event,11,0.0206,1.1282
Self_motion,Reporting,11,0.0206,1.4608
Process_start,Achieve,11,0.0206,0.8429
Becoming,Motion,11,0.0206,4.8458
Arriving,Process_start,11,0.0206,1.4608
Hold,Killing,11,0.0206,1.7945
Expressing_publicly,Change,11,0.0206,4.4715
Bodily_harm,Attack,11,0.0206,3.4375
Removing,Protest,11,0.0206,5.7592
Coming_to_be,Name_conferral,11,0.0206,0.3081
Kidnapping,Bodily_harm,11,0.0206,5.9459
Presence,Reporting,11,0.0206,1.9400
Becoming,Becoming,11,0.0206,4.8458
Hold,Self_motion,11,0.0206,1.7945
Attack,Assistance,11,0.0206,0.2684
Change_of_leadership,Agree_or_refuse_to_act,11,0.0206,1.9469
Arranging,Bodily_harm,11,0.0206,1.4417
Hold,Expressing_publicly,11,0.0206,1.7945
Hostile_encounter,Reporting,11,0.0206,0.3516
Arranging,Cause_change_of_position_on_a_scale,11,0.0206,1.4417
Catastrophe,Change_of_leadership,11,0.0206,0.0992
Killing,Placing,11,0.0206,1.1282
Use_firearm,Know,11,0.0206,1.4474
Cause_change_of_strength,Destroying,11,0.0206,2.7848
Motion,Expressing_publicly,11,0.0206,0.8481
Request,Defending,11,0.0206,2.4070
Process_end,Hostile_encounter,11,0.0206,3.8194
Social_event,Change_of_leadership,11,0.0206,0.8614
Motion,Request,11,0.0206,0.8481
Social_event,Bringing,11,0.0206,0.8614
Social_event,Assistance,11,0.0206,0.8614
Getting,Competition,11,0.0206,3.2544
Getting,Conquering,11,0.0206,3.2544
Besieging,Escaping,11,0.0206,4.1667
Terrorism,Criminal_investigation,11,0.0206,1.9298
Becoming,Attack,11,0.0206,4.8458
Conquering,Giving,11,0.0206,1.4342
Motion,Assistance,11,0.0206,0.8481
Committing_crime,Releasing,11,0.0206,4.0000
Arrest,Committing_crime,11,0.0206,5.1643
Catastrophe,Having_or_lacking_access,11,0.0206,0.0992
Influence,Damaging,11,0.0206,5.1163
Coming_to_be,Sending,11,0.0206,0.3081
Conquering,Destroying,11,0.0206,1.4342
Hostile_encounter,Limiting,11,0.0206,0.3516
Choosing,Expressing_publicly,11,0.0206,3.8194
Use_firearm,Reporting,11,0.0206,1.4474
Use_firearm,Communication,11,0.0206,1.4474
Social_event,Convincing,11,0.0206,0.8614
Presence,Presence,11,0.0206,1.9400
Kidnapping,Catastrophe,11,0.0206,5.9459
Military_operation,Becoming,11,0.0206,1.2291
Motion_directional,Becoming,11,0.0206,3.0986
Social_event,Destroying,11,0.0206,0.8614
Hold,Communication,11,0.0206,1.7945
Process_end,Earnings_and_losses,11,0.0206,3.8194
Death,Convincing,11,0.0206,2.3404
Social_event,Death,11,0.0206,0.8614
Competition,Publishing,11,0.0206,0.7388
Competition,Assistance,11,0.0206,0.7388
Communication,Agree_or_refuse_to_act,11,0.0206,7.0064
Hold,Bringing,11,0.0206,1.7945
Cause_change_of_position_on_a_scale,Change,11,0.0206,2.8278
Competition,Influence,11,0.0206,0.7388
Attack,Violence,11,0.0206,0.2684
Self_motion,Earnings_and_losses,11,0.0206,1.4608
Conquering,Bodily_harm,11,0.0206,1.4342
Arriving,Statement,11,0.0206,1.4608
Cause_to_make_progress,Becoming,11,0.0206,5.1887
Self_motion,Departing,10,0.0187,1.3280
Process_start,Preventing_or_letting,10,0.0187,0.7663
Use_firearm,Deciding,10,0.0187,1.3158
Use_firearm,Building,10,0.0187,1.3158
Preventing_or_letting,Attack,10,0.0187,3.8911
Request,Removing,10,0.0187,2.1882
Creating,Process_end,10,0.0187,1.7153
Motion,Perception_active,10,0.0187,0.7710
Influence,Death,10,0.0187,4.6512
Coming_to_be,Rescuing,10,0.0187,0.2801
Killing,Change,10,0.0187,1.0256
Attack,Social_event,10,0.0187,0.2440
Attack,Commitment,10,0.0187,0.2440
Hostile_encounter,Change_event_time,10,0.0187,0.3196
Death,Judgment_communication,10,0.0187,2.1277
Creating,Expansion,10,0.0187,1.7153
Committing_crime,Criminal_investigation,10,0.0187,3.6364
Arriving,Defending,10,0.0187,1.3280
Hostile_encounter,Expressing_publicly,10,0.0187,0.3196
Change_of_leadership,Choosing,10,0.0187,1.7699
Coming_to_be,Giving,10,0.0187,0.2801
Motion_directional,Catastrophe,10,0.0187,2.8169
Attack,Becoming_a_member,10,0.0187,0.2440
Destroying,Recovering,10,0.0187,2.1186
Hold,Preventing_or_letting,10,0.0187,1.6313
Hold,Choosing,10,0.0187,1.6313
Process_start,Control,10,0.0187,0.7663
Defending,Bodily_harm,10,0.0187,3.0960
Self_motion,Judgment_communication,10,0.0187,1.3280
Violence,Request,10,0.0187,2.2989
Death,Process_start,10,0.0187,2.1277
Social_event,Reveal_secret,10,0.0187,0.7831
Destroying,Know,10,0.0187,2.1186
Judgment_communication,Request,10,0.0187,4.0650
Change_of_leadership,Killing,10,0.0187,1.7699
Influence,Social_event,10,0.0187,4.6512
Death,Social_event,10,0.0187,2.1277
Damaging,Motion,10,0.0187,4.0161
Arranging,Destroying,10,0.0187,1.3106
Destroying,Arriving,10,0.0187,2.1186
Motion,Temporary_stay,10,0.0187,0.7710
Traveling,Process_end,10,0.0187,0.9337
Presence,Damaging,10,0.0187,1.7637
Influence,Killing,10,0.0187,4.6512
Coming_to_be,Hindering,10,0.0187,0.2801
Motion,Supply,10,0.0187,0.7710
Arrest,Legal_rulings,10,0.0187,4.6948
Placing,Know,10,0.0187,4.0161
Agree_or_refuse_to_act,Preventing_or_letting,10,0.0187,3.8314
Killing,Preventing_or_letting,10,0.0187,1.0256
Arranging,Becoming,10,0.0187,1.3106
Preventing_or_letting,Conquering,10,0.0187,3.8911
Cause_change_of_position_on_a_scale,Attack,10,0.0187,2.5707
Conquering,Bringing,10,0.0187,1.3038
Destroying,Self_motion,10,0.0187,2.1186
Hostile_encounter,Process_start,10,0.0187,0.3196
Request,Know,10,0.0187,2.1882
Judgment_communication,Killing,10,0.0187,4.0650
Process_start,Arrest,10,0.0187,0.7663
Motion,Presence,10,0.0187,0.7710
Arranging,Control,10,0.0187,1.3106
Besieging,Destroying,10,0.0187,3.7879
Arrest,Killing,10,0.0187,4.6948
Military_operation,Resolve_problem,10,0.0187,1.1173
Process_start,Receiving,10,0.0187,0.7663
Attack,Change_event_time,10,0.0187,0.2440
Process_start,Defending,10,0.0187,0.7663
Sign_agreement,Change_of_leadership,10,0.0187,6.1350
Creating,Judgment_communication,10,0.0187,1.7153
Earnings_and_losses,Getting,10,0.0187,3.0581
Testing,Action,10,0.0187,6.5789
Hold,Presence,10,0.0187,1.6313
Defending,Earnings_and_losses,10,0.0187,3.0960
Violence,Damaging,10,0.0187,2.2989
Violence,Change_of_leadership,10,0.0187,2.2989
Request,Escaping,10,0.0187,2.1882
Creating,Supporting,10,0.0187,1.7153
Choosing,Creating,10,0.0187,3.4722
Motion,Change,10,0.0187,0.7710
Earnings_and_losses,Catastrophe,10,0.0187,3.0581
Hostile_encounter,Robbery,10,0.0187,0.3196
Creating,Coming_to_be,10,0.0187,1.7153
Violence,Earnings_and_losses,10,0.0187,2.2989
Hostile_encounter,Preserving,10,0.0187,0.3196
Military_operation,Cause_change_of_strength,10,0.0187,1.1173
Coming_to_be,Assistance,10,0.0187,0.2801
Arriving,Getting,10,0.0187,1.3280
Hostile_encounter,Besieging,10,0.0187,0.3196
Hostile_encounter,Achieve,10,0.0187,0.3196
Request,Motion_directional,10,0.0187,2.1882
Traveling,Process_start,10,0.0187,0.9337
Attack,Releasing,10,0.0187,0.2440
Protest,Change_of_leadership,10,0.0187,8.4034
Action,Process_end,10,0.0187,2.6954
Military_operation,Expansion,10,0.0187,1.1173
Creating,Arriving,10,0.0187,1.7153
Military_operation,Giving,10,0.0187,1.1173
Traveling,Becoming_a_member,10,0.0187,0.9337
Publishing,Supporting,10,0.0187,8.7719
Terrorism,Perception_active,10,0.0187,1.7544
Arranging,Traveling,10,0.0187,1.3106
Education_teaching,Criminal_investigation,10,0.0187,14.9254
Education_teaching,Death,10,0.0187,14.9254
Social_event,Deciding,10,0.0187,0.7831
Bodily_harm,Damaging,10,0.0187,3.1250
Competition,Bodily_harm,10,0.0187,0.6716
Attack,Building,10,0.0187,0.2440
Sign_agreement,Traveling,10,0.0187,6.1350
Military_operation,Emptying,10,0.0187,1.1173
Catastrophe,Commitment,10,0.0187,0.0901
Terrorism,Hostile_encounter,10,0.0187,1.7544
Self_motion,Dispersal,9,0.0169,1.1952
Placing,Death,9,0.0169,3.6145
Agree_or_refuse_to_act,Death,9,0.0169,3.4483
Death,Legal_rulings,9,0.0169,1.9149
Legal_rulings,Rewards_and_punishments,9,0.0169,11.6883
Process_start,Hindering,9,0.0169,0.6897
Besieging,Death,9,0.0169,3.4091
Presence,Perception_active,9,0.0169,1.5873
Social_event,Action,9,0.0169,0.7048
Arranging,Expressing_publicly,9,0.0169,1.1796
Arranging,Communication,9,0.0169,1.1796
Escaping,Killing,9,0.0169,2.6087
Earnings_and_losses,Preventing_or_letting,9,0.0169,2.7523
Death,Change_of_leadership,9,0.0169,1.9149
Destroying,Departing,9,0.0169,1.9068
Creating,Expressing_publicly,9,0.0169,1.5437
Escaping,Process_end,9,0.0169,2.6087
Process_start,Sending,9,0.0169,0.6897
Death,Scrutiny,9,0.0169,1.9149
Killing,Arranging,9,0.0169,0.9231
Influence,Destroying,9,0.0169,4.1860
Arranging,Defending,9,0.0169,1.1796
Self_motion,Sending,9,0.0169,1.1952
Hostile_encounter,Motion_directional,9,0.0169,0.2876
Request,Assistance,9,0.0169,1.9694
Process_start,Presence,9,0.0169,0.6897
Request,Sending,9,0.0169,1.9694
Becoming,Catastrophe,9,0.0169,3.9648
Being_in_operation,Preventing_or_letting,9,0.0169,7.2000
Earnings_and_losses,Recovering,9,0.0169,2.7523
Self_motion,Arrest,9,0.0169,1.1952
Committing_crime,Prison,9,0.0169,3.2727
Presence,Criminal_investigation,9,0.0169,1.5873
Presence,Request,9,0.0169,1.5873
Protest,Arrest,9,0.0169,7.5630
Request,Giving,9,0.0169,1.9694
Departing,Conquering,9,0.0169,3.7037
Hold,Judgment_communication,9,0.0169,1.4682
Being_in_operation,Killing,9,0.0169,7.2000
Change,Cause_change_of_position_on_a_scale,9,0.0169,3.8298
Military_operation,Arrest,9,0.0169,1.0056
Hold,Change,9,0.0169,1.4682
Choosing,Becoming,9,0.0169,3.1250
Hold,Process_start,9,0.0169,1.4682
Hostile_encounter,Choosing,9,0.0169,0.2876
Request,Process_end,9,0.0169,1.9694
Communication,Process_end,9,0.0169,5.7325
Presence,Creating,9,0.0169,1.5873
Process_start,Supporting,9,0.0169,0.6897
Control,Death,9,0.0169,2.5281
Arrest,Statement,9,0.0169,4.2254
Military_operation,Coming_to_be,9,0.0169,1.0056
Arriving,Creating,9,0.0169,1.1952
Come_together,Conquering,9,0.0169,4.1475
Hostile_encounter,Coming_to_be,9,0.0169,0.2876
Arriving,Giving,9,0.0169,1.1952
Placing,Becoming,9,0.0169,3.6145
Killing,Getting,9,0.0169,0.9231
Recording,Publishing,9,0.0169,20.0000
Getting,Defending,9,0.0169,2.6627
Control,Conquering,9,0.0169,2.5281
Committing_crime,Killing,9,0.0169,3.2727
Request,Arriving,9,0.0169,1.9694
Motion,Building,9,0.0169,0.6939
Escaping,Destroying,9,0.0169,2.6087
Choosing,Preventing_or_letting,9,0.0169,3.1250
Conquering,Hold,9,0.0169,1.1734
Assistance,Conquering,9,0.0169,5.8824
Arriving,Expressing_publicly,9,0.0169,1.1952
Motion,Releasing,9,0.0169,0.6939
Besieging,Earnings_and_losses,9,0.0169,3.4091
Use_firearm,Quarreling,9,0.0169,1.1842
Traveling,Death,9,0.0169,0.8403
Military_operation,Response,9,0.0169,1.0056
Military_operation,Kidnapping,9,0.0169,1.0056
Preventing_or_letting,Process_end,9,0.0169,3.5019
Control,Bodily_harm,9,0.0169,2.5281
Creating,Getting,9,0.0169,1.5437
Death,Know,9,0.0169,1.9149
Defending,Process_end,9,0.0169,2.7864
Earnings_and_losses,Change,9,0.0169,2.7523
Self_motion,Escaping,9,0.0169,1.1952
Social_event,Check,9,0.0169,0.7048
Judgment_communication,Death,9,0.0169,3.6585
Judgment_communication,Arrest,9,0.0169,3.6585
Arrest,Violence,9,0.0169,4.2254
Use_firearm,Publishing,9,0.0169,1.1842
Social_event,Hindering,9,0.0169,0.7048
Body_movement,Death,9,0.0169,10.1124
Earnings_and_losses,Becoming,9,0.0169,2.7523
Action,Creating,9,0.0169,2.4259
Presence,Cause_change_of_strength,9,0.0169,1.5873
Social_event,Agree_or_refuse_to_act,9,0.0169,0.7048
Social_event,Killing,9,0.0169,0.7048
Change_of_leadership,Research,9,0.0169,1.5929
Attack,Emptying,9,0.0169,0.2196
Catastrophe,Resolve_problem,9,0.0169,0.0811
Competition,Commerce_sell,9,0.0169,0.6044
Placing,Bodily_harm,9,0.0169,3.6145
Earnings_and_losses,Escaping,9,0.0169,2.7523
Besieging,Giving,9,0.0169,3.4091
Cause_change_of_position_on_a_scale,Damaging,9,0.0169,2.3136
Motion,Arrest,9,0.0169,0.6939
Hold,Creating,9,0.0169,1.4682
Use_firearm,Hindering,9,0.0169,1.1842
Attack,Presence,9,0.0169,0.2196
Publishing,Traveling,9,0.0169,7.8947
Killing,Violence,9,0.0169,0.9231
Self_motion,Defending,9,0.0169,1.1952
Departing,Killing,9,0.0169,3.7037
Know,Hostile_encounter,9,0.0169,2.9126
Damaging,Destroying,9,0.0169,3.6145
Becoming,Cause_change_of_position_on_a_scale,9,0.0169,3.9648
Process_start,Surrendering,9,0.0169,0.6897
Destroying,Cause_to_make_progress,9,0.0169,1.9068
Besieging,Defending,9,0.0169,3.4091
Attack,Publishing,9,0.0169,0.2196
Self_motion,Achieve,8,0.0150,1.0624
Committing_crime,Influence,8,0.0150,2.9091
Bodily_harm,Bringing,8,0.0150,2.5000
Know,Arriving,8,0.0150,2.5890
Process_start,Motion_directional,8,0.0150,0.6130
Process_end,Preventing_or_letting,8,0.0150,2.7778
Conquering,Death,8,0.0150,1.0430
Cause_change_of_strength,Creating,8,0.0150,2.0253
Besieging,Cause_change_of_strength,8,0.0150,3.0303
Besieging,Reforming_a_system,8,0.0150,3.0303
Death,Process_end,8,0.0150,1.7021
Social_event,Change_sentiment,8,0.0150,0.6265
Competition,Creating,8,0.0150,0.5373
Request,Action,8,0.0150,1.7505
Coming_to_be,Arrest,8,0.0150,0.2241
Creating,Removing,8,0.0150,1.3722
Escaping,Motion,8,0.0150,2.3188
Change,Change,8,0.0150,3.4043
Creating,Change,8,0.0150,1.3722
Creating,Killing,8,0.0150,1.3722
Come_together,Self_motion,8,0.0150,3.6866
Escaping,Hostile_encounter,8,0.0150,2.3188
Know,Conquering,8,0.0150,2.5890
Removing,Arriving,8,0.0150,4.1885
Competition,Communication,8,0.0150,0.5373
Cause_change_of_position_on_a_scale,Creating,8,0.0150,2.0566
Cause_change_of_position_on_a_scale,Killing,8,0.0150,2.0566
Destroying,Becoming,8,0.0150,1.6949
Action,Use_firearm,8,0.0150,2.1563
Presence,Know,8,0.0150,1.4109
Social_event,Writing,8,0.0150,0.6265
Change_of_leadership,Recovering,8,0.0150,1.4159
Cause_change_of_position_on_a_scale,Statement,8,0.0150,2.0566
Defending,Motion,8,0.0150,2.4768
Motion,Sending,8,0.0150,0.6168
Criminal_investigation,Statement,8,0.0150,6.7227
Use_firearm,Legal_rulings,8,0.0150,1.0526
Connect,Motion,8,0.0150,9.7561
Motion,Hold,8,0.0150,0.6168
Presence,Attack,8,0.0150,1.4109
Request,Judgment_communication,8,0.0150,1.7505
Becoming,Cause_change_of_strength,8,0.0150,3.5242
Process_end,Motion,8,0.0150,2.7778
Supporting,Conquering,8,0.0150,5.7971
Process_end,Attack,8,0.0150,2.7778
Being_in_operation,Motion,8,0.0150,6.4000
Military_operation,Reporting,8,0.0150,0.8939
Arranging,Arrest,8,0.0150,1.0485
Criminal_investigation,Know,8,0.0150,6.7227
Communication,Sign_agreement,8,0.0150,5.0955
Conquering,Self_motion,8,0.0150,1.0430
Process_end,Recovering,8,0.0150,2.7778
Catastrophe,Traveling,8,0.0150,0.0721
Bodily_harm,Perception_active,8,0.0150,2.5000
Criminal_investigation,Judgment_communication,8,0.0150,6.7227
Catastrophe,GetReady,8,0.0150,0.0721
Change_of_leadership,Arriving,8,0.0150,1.4159
Commerce_sell,Cause_change_of_position_on_a_scale,8,0.0150,11.7647
Response,Motion,8,0.0150,5.0633
Control,Process_end,8,0.0150,2.2472
Cause_to_amalgamate,Judgment_communication,8,0.0150,6.2016
Cause_change_of_strength,Damaging,8,0.0150,2.0253
Self_motion,Control,8,0.0150,1.0624
Hold,Deciding,8,0.0150,1.3051
Traveling,Cause_change_of_position_on_a_scale,8,0.0150,0.7470
Death,Coming_to_believe,8,0.0150,1.7021
Control,Destroying,8,0.0150,2.2472
Control,Change_of_leadership,8,0.0150,2.2472
Self_motion,Influence,8,0.0150,1.0624
Presence,Preventing_or_letting,8,0.0150,1.4109
Bodily_harm,Legal_rulings,8,0.0150,2.5000
Killing,Agree_or_refuse_to_act,8,0.0150,0.8205
Destroying,Scrutiny,8,0.0150,1.6949
Terrorism,Suspicion,8,0.0150,1.4035
Request,Change_of_leadership,8,0.0150,1.7505
Social_event,Reforming_a_system,8,0.0150,0.6265
Conquering,Preventing_or_letting,8,0.0150,1.0430
Change,Agree_or_refuse_to_act,8,0.0150,3.4043
Action,Motion,8,0.0150,2.1563
Escaping,Know,8,0.0150,2.3188
Military_operation,Change_of_leadership,8,0.0150,0.8939
Choosing,Bodily_harm,8,0.0150,2.7778
Bodily_harm,Motion,8,0.0150,2.5000
Process_start,Response,8,0.0150,0.6130
Legal_rulings,Releasing,8,0.0150,10.3896
Response,Statement,8,0.0150,5.0633
Criminal_investigation,Legal_rulings,8,0.0150,6.7227
Request,Military_operation,8,0.0150,1.7505
Attack,Temporary_stay,8,0.0150,0.1952
Destroying,Preventing_or_letting,8,0.0150,1.6949
Traveling,Killing,8,0.0150,0.7470
Request,Conquering,8,0.0150,1.7505
Expressing_publicly,Process_start,8,0.0150,3.2520
Process_start,Becoming_a_member,8,0.0150,0.6130
Come_together,Attack,8,0.0150,3.6866
Social_event,Achieve,8,0.0150,0.6265
Destroying,Building,8,0.0150,1.6949
Attack,Supply,8,0.0150,0.1952
Competition,Defending,8,0.0150,0.5373
Control,Control,8,0.0150,2.2472
Expressing_publicly,Statement,8,0.0150,3.2520
Expressing_publicly,Judgment_communication,8,0.0150,3.2520
Arranging,Coming_to_be,8,0.0150,1.0485
Attack,Research,8,0.0150,0.1952
Hostile_encounter,Military_operation,8,0.0150,0.2557
Use_firearm,Scrutiny,8,0.0150,1.0526
Defending,Conquering,8,0.0150,2.4768
Violence,Attack,8,0.0150,1.8391
Getting,Escaping,8,0.0150,2.3669
Motion_directional,Know,8,0.0150,2.2535
Statement,Request,8,0.0150,4.2328
Hostile_encounter,Cause_to_make_progress,8,0.0150,0.2557
Change_of_leadership,Becoming_a_member,8,0.0150,1.4159
Process_end,Becoming,8,0.0150,2.7778
Besieging,Bodily_harm,8,0.0150,3.0303
Attack,Supporting,8,0.0150,0.1952
Surrendering,Process_end,8,0.0150,9.0909
Change_of_leadership,Death,8,0.0150,1.4159
Terrorism,Connect,8,0.0150,1.4035
Statement,Statement,8,0.0150,4.2328
Attack,Confronting_problem,8,0.0150,0.1952
Change_of_leadership,Coming_to_be,8,0.0150,1.4159
Escaping,Control,8,0.0150,2.3188
Agree_or_refuse_to_act,Expressing_publicly,8,0.0150,3.0651
Getting,Killing,8,0.0150,2.3669
Hostile_encounter,Writing,8,0.0150,0.2557
Cause_change_of_position_on_a_scale,Coming_to_be,8,0.0150,2.0566
Sending,Arriving,8,0.0150,2.9963
Hold,Perception_active,8,0.0150,1.3051
Conquering,Request,8,0.0150,1.0430
Coming_to_be,Control,8,0.0150,0.2241
Self_motion,Process_start,8,0.0150,1.0624
Preventing_or_letting,Escaping,8,0.0150,3.1128
Communication,Expressing_publicly,8,0.0150,5.0955
Competition,Perception_active,8,0.0150,0.5373
Removing,Attack,8,0.0150,4.1885
Traveling,Change_event_time,8,0.0150,0.7470
Social_event,Bodily_harm,8,0.0150,0.6265
Arriving,Influence,8,0.0150,1.0624
Terrorism,Action,8,0.0150,1.4035
Competition,Change_event_time,8,0.0150,0.5373
Cause_change_of_strength,Self_motion,8,0.0150,2.0253
Cause_change_of_strength,Achieve,8,0.0150,2.0253
Traveling,Body_movement,8,0.0150,0.7470
Traveling,Openness,8,0.0150,0.7470
Expend_resource,Catastrophe,8,0.0150,14.5455
Expressing_publicly,Conquering,8,0.0150,3.2520
Creating,Self_motion,8,0.0150,1.3722
Come_together,Social_event,8,0.0150,3.6866
Process_start,Choosing,8,0.0150,0.6130
Getting,Arriving,8,0.0150,2.3669
Getting,Cause_change_of_strength,8,0.0150,2.3669
Quarreling,Military_operation,8,0.0150,7.2727
Manufacturing,Motion,8,0.0150,5.9259
Competition,Removing,8,0.0150,0.5373
Violence,Change,8,0.0150,1.8391
Catastrophe,Supporting,8,0.0150,0.0721
Arranging,Receiving,8,0.0150,1.0485
Damaging,Self_motion,8,0.0150,3.2129
Terrorism,Reveal_secret,8,0.0150,1.4035
Besieging,Change_of_leadership,8,0.0150,3.0303
Preventing_or_letting,Change,7,0.0131,2.7237
Committing_crime,Know,7,0.0131,2.5455
Publishing,Know,7,0.0131,6.1404
Escaping,Hindering,7,0.0131,2.0290
Deciding,Motion,7,0.0131,3.6269
Motion_directional,Cause_change_of_strength,7,0.0131,1.9718
Use_firearm,Criminal_investigation,7,0.0131,0.9211
Competition,Change_sentiment,7,0.0131,0.4701
Earnings_and_losses,Judgment_communication,7,0.0131,2.1407
Competition,Body_movement,7,0.0131,0.4701
Action,Preventing_or_letting,7,0.0131,1.8868
Violence,Reporting,7,0.0131,1.6092
Request,Request,7,0.0131,1.5317
Request,Creating,7,0.0131,1.5317
Earnings_and_losses,Destroying,7,0.0131,2.1407
Damaging,Reporting,7,0.0131,2.8112
Quarreling,Conquering,7,0.0131,6.3636
Quarreling,Killing,7,0.0131,6.3636
Becoming_a_member,Competition,7,0.0131,8.6420
Death,Bringing,7,0.0131,1.4894
Preventing_or_letting,Getting,7,0.0131,2.7237
Self_motion,Getting,7,0.0131,0.9296
Motion,Hostile_encounter,7,0.0131,0.5397
Judgment_communication,Judgment_communication,7,0.0131,2.8455
Becoming_a_member,Judgment_communication,7,0.0131,8.6420
Agree_or_refuse_to_act,Escaping,7,0.0131,2.6820
Removing,Removing,7,0.0131,3.6649
Motion,Hindering,7,0.0131,0.5397
Attack,GiveUp,7,0.0131,0.1708
Motion,Rescuing,7,0.0131,0.5397
Attack,Resolve_problem,7,0.0131,0.1708
Traveling,Check,7,0.0131,0.6536
Self_motion,Surrendering,7,0.0131,0.9296
Use_firearm,Motion_directional,7,0.0131,0.9211
Influence,Cause_change_of_position_on_a_scale,7,0.0131,3.2558
Destroying,Attack,7,0.0131,1.4831
Preventing_or_letting,Cause_change_of_strength,7,0.0131,2.7237
Choosing,Getting,7,0.0131,2.4306
Use_firearm,Damaging,7,0.0131,0.9211
Creating,Cause_change_of_position_on_a_scale,7,0.0131,1.2007
Arranging,Assistance,7,0.0131,0.9174
Legal_rulings,Legal_rulings,7,0.0131,9.0909
Sending,Killing,7,0.0131,2.6217
Placing,Legal_rulings,7,0.0131,2.8112
Influence,Creating,7,0.0131,3.2558
Self_motion,Use_firearm,7,0.0131,0.9296
Know,Request,7,0.0131,2.2654
Presence,Arrest,7,0.0131,1.2346
Kidnapping,Judgment_communication,7,0.0131,3.7838
Conquering,Arrest,7,0.0131,0.9126
Kidnapping,Conquering,7,0.0131,3.7838
Killing,Becoming,7,0.0131,0.7179
Hostile_encounter,Emptying,7,0.0131,0.2237
Creating,Cause_change_of_strength,7,0.0131,1.2007
Process_end,Departing,7,0.0131,2.4306
Preventing_or_letting,Self_motion,7,0.0131,2.7237
Destroying,Rescuing,7,0.0131,1.4831
Hold,Rescuing,7,0.0131,1.1419
Hold,Destroying,7,0.0131,1.1419
Change_of_leadership,Defending,7,0.0131,1.2389
Motion,Process_start,7,0.0131,0.5397
Influence,Statement,7,0.0131,3.2558
Self_motion,Come_together,7,0.0131,0.9296
Request,Cause_change_of_position_on_a_scale,7,0.0131,1.5317
Removing,Process_end,7,0.0131,3.6649
Arranging,Becoming_a_member,7,0.0131,0.9174
Process_start,Come_together,7,0.0131,0.5364
Social_event,Removing,7,0.0131,0.5482
Terrorism,Rite,7,0.0131,1.2281
Coming_to_be,Use_firearm,7,0.0131,0.1961
Action,Escaping,7,0.0131,1.8868
Response,Process_end,7,0.0131,4.4304
Escaping,Cause_change_of_position_on_a_scale,7,0.0131,2.0290
Arranging,Cause_change_of_strength,7,0.0131,0.9174
Death,Hold,7,0.0131,1.4894
Death,Giving,7,0.0131,1.4894
Death,Becoming,7,0.0131,1.4894
Destroying,Process_end,7,0.0131,1.4831
Creating,Cause_to_make_progress,7,0.0131,1.2007
Building,Defending,7,0.0131,5.4264
Judgment_communication,Preventing_or_letting,7,0.0131,2.8455
Hold,Cause_change_of_position_on_a_scale,7,0.0131,1.1419
Motion,Coming_to_believe,7,0.0131,0.5397
Attack,Labeling,7,0.0131,0.1708
Terrorism,Legality,7,0.0131,1.2281
Creating,Defending,7,0.0131,1.2007
Use_firearm,Cause_change_of_strength,7,0.0131,0.9211
Self_motion,Criminal_investigation,7,0.0131,0.9296
Use_firearm,Sign_agreement,7,0.0131,0.9211
Traveling,Create_artwork,7,0.0131,0.6536
Cause_change_of_strength,Cause_to_make_progress,7,0.0131,1.7722
Hostile_encounter,Rescuing,7,0.0131,0.2237
Departing,Death,7,0.0131,2.8807
Traveling,Wearing,7,0.0131,0.6536
Terrorism,Know,7,0.0131,1.2281
Becoming,Arriving,7,0.0131,3.0837
Judgment_communication,Removing,7,0.0131,2.8455
Killing,Change_of_leadership,7,0.0131,0.7179
Deciding,Change_of_leadership,7,0.0131,3.6269
Arranging,Change,7,0.0131,0.9174
Terrorism,Reporting,7,0.0131,1.2281
Choosing,Arrest,7,0.0131,2.4306
Process_start,Catastrophe,7,0.0131,0.5364
Change_of_leadership,Giving,7,0.0131,1.2389
Response,Arrest,7,0.0131,4.4304
Know,Know,7,0.0131,2.2654
Presence,Self_motion,7,0.0131,1.2346
Arriving,Surrendering,7,0.0131,0.9296
Manufacturing,Process_start,7,0.0131,5.1852
Conquering,Preserving,7,0.0131,0.9126
Come_together,Hostile_encounter,7,0.0131,3.2258
Come_together,Earnings_and_losses,7,0.0131,3.2258
Sign_agreement,Preventing_or_letting,7,0.0131,4.2945
Bodily_harm,Judgment_communication,7,0.0131,2.1875
Cause_change_of_position_on_a_scale,Process_end,7,0.0131,1.7995
Self_motion,Coming_to_be,7,0.0131,0.9296
Process_start,Sign_agreement,7,0.0131,0.5364
Conquering,Placing,7,0.0131,0.9126
Manufacturing,Competition,7,0.0131,5.1852
Coming_to_be,Committing_crime,7,0.0131,0.1961
Earnings_and_losses,Statement,7,0.0131,2.1407
Action,Action,7,0.0131,1.8868
Attack,Traveling,7,0.0131,0.1708
Destroying,Change,7,0.0131,1.4831
Response,Reporting,7,0.0131,4.4304
Change,Know,7,0.0131,2.9787
Conquering,Rewards_and_punishments,7,0.0131,0.9126
Hostile_encounter,Revenge,7,0.0131,0.2237
Motion_directional,Conquering,7,0.0131,1.9718
Defending,Cause_to_be_included,7,0.0131,2.1672
Traveling,Perception_active,7,0.0131,0.6536
Bodily_harm,Destroying,7,0.0131,2.1875
Choosing,Process_end,7,0.0131,2.4306
Getting,Removing,7,0.0131,2.0710
Getting,Death,7,0.0131,2.0710
Catastrophe,Communication,7,0.0131,0.0631
Catastrophe,Testing,7,0.0131,0.0631
Hostile_encounter,Criminal_investigation,7,0.0131,0.2237
Quarreling,Hostile_encounter,7,0.0131,6.3636
Sending,Preventing_or_letting,7,0.0131,2.6217
Arrest,Releasing,7,0.0131,3.2864
Getting,Cause_change_of_position_on_a_scale,7,0.0131,2.0710
Getting,Motion,7,0.0131,2.0710
Earnings_and_losses,Presence,7,0.0131,2.1407
Conquering,Achieve,7,0.0131,0.9126
Violence,Influence,7,0.0131,1.6092
Killing,Supporting,7,0.0131,0.7179
Change_of_leadership,Receiving,7,0.0131,1.2389
Sending,Cause_change_of_strength,7,0.0131,2.6217
Supply,Getting,7,0.0131,6.2500
Defending,Giving,7,0.0131,2.1672
Self_motion,Bringing,7,0.0131,0.9296
Deciding,Escaping,7,0.0131,3.6269
Protest,Bodily_harm,7,0.0131,5.8824
Deciding,Hostile_encounter,7,0.0131,3.6269
Killing,Expressing_publicly,7,0.0131,0.7179
Arrest,Sending,7,0.0131,3.2864
Manufacturing,Killing,7,0.0131,5.1852
Assistance,Arriving,7,0.0131,4.5752
Coming_to_be,Body_movement,7,0.0131,0.1961
Killing,Releasing,7,0.0131,0.7179
Committing_crime,Motion,7,0.0131,2.5455
Coming_to_be,Communication,7,0.0131,0.1961
Coming_to_be,Openness,7,0.0131,0.1961
Come_together,Motion,7,0.0131,3.2258
Arriving,Arrest,7,0.0131,0.9296
Killing,Name_conferral,7,0.0131,0.7179
Killing,Assistance,7,0.0131,0.7179
Escaping,Motion_directional,7,0.0131,2.0290
Publishing,Judgment_communication,7,0.0131,6.1404
Process_end,Conquering,7,0.0131,2.4306
Violence,Warning,7,0.0131,1.6092
Sign_agreement,Request,7,0.0131,4.2945
Social_event,Openness,7,0.0131,0.5482
Publishing,Process_start,7,0.0131,6.1404
Publishing,Check,7,0.0131,6.1404
Death,Perception_active,7,0.0131,1.4894
Arriving,Recovering,7,0.0131,0.9296
Change,Preventing_or_letting,7,0.0131,2.9787
Presence,Process_start,7,0.0131,1.2346
Cause_change_of_position_on_a_scale,Departing,7,0.0131,1.7995
Self_motion,Cause_change_of_strength,7,0.0131,0.9296
Hold,Catastrophe,7,0.0131,1.1419
Preventing_or_letting,Motion_directional,7,0.0131,2.7237
Catastrophe,Legal_rulings,7,0.0131,0.0631
Military_operation,Motion,7,0.0131,0.7821
Process_start,Request,7,0.0131,0.5364
Cause_to_make_progress,Change,7,0.0131,3.3019
Process_start,Dispersal,7,0.0131,0.5364
Change_of_leadership,Removing,7,0.0131,1.2389
Arriving,Becoming,7,0.0131,0.9296
Military_operation,Reforming_a_system,7,0.0131,0.7821
Competition,Supply,7,0.0131,0.4701
Attack,Name_conferral,7,0.0131,0.1708
Change_of_leadership,Manufacturing,7,0.0131,1.2389
Motion,Carry_goods,7,0.0131,0.5397
Catastrophe,Protest,7,0.0131,0.0631
Arranging,Publishing,7,0.0131,0.9174
Traveling,Conquering,7,0.0131,0.6536
Manufacturing,Conquering,7,0.0131,5.1852
Competition,Supporting,7,0.0131,0.4701
Assistance,Releasing,6,0.0112,3.9216
Publishing,Motion,6,0.0112,5.2632
Request,Bodily_harm,6,0.0112,1.3129
Manufacturing,Cause_change_of_position_on_a_scale,6,0.0112,4.4444
Cause_change_of_position_on_a_scale,Judgment_communication,6,0.0112,1.5424
Arrest,Death,6,0.0112,2.8169
Process_start,Change_event_time,6,0.0112,0.4598
Creating,Influence,6,0.0112,1.0292
Conquering,Cause_change_of_position_on_a_scale,6,0.0112,0.7823
Statement,Presence,6,0.0112,3.1746
Change,Destroying,6,0.0112,2.5532
Deciding,Choosing,6,0.0112,3.1088
Competition,Arriving,6,0.0112,0.4030
Competition,Self_motion,6,0.0112,0.4030
Cause_change_of_position_on_a_scale,Dispersal,6,0.0112,1.5424
Action,Arrest,6,0.0112,1.6173
Know,Process_end,6,0.0112,1.9417
Earnings_and_losses,Motion_directional,6,0.0112,1.8349
Coming_to_be,Deciding,6,0.0112,0.1681
Agree_or_refuse_to_act,Agree_or_refuse_to_act,6,0.0112,2.2989
Hostile_encounter,Warning,6,0.0112,0.1918
Arranging,Hindering,6,0.0112,0.7864
Removing,Process_start,6,0.0112,3.1414
Damaging,Bodily_harm,6,0.0112,2.4096
Sending,Motion,6,0.0112,2.2472
Motion_directional,Military_operation,6,0.0112,1.6901
Agree_or_refuse_to_act,Becoming,6,0.0112,2.2989
Change,Becoming,6,0.0112,2.5532
Removing,Statement,6,0.0112,3.1414
Recovering,Process_start,6,0.0112,5.8824
Change,Cause_to_make_progress,6,0.0112,2.5532
Control,Building,6,0.0112,1.6854
Arriving,Building,6,0.0112,0.7968
Sign_agreement,Control,6,0.0112,3.6810
Arriving,Placing,6,0.0112,0.7968
Control,Placing,6,0.0112,1.6854
Control,Process_start,6,0.0112,1.6854
Arriving,Arranging,6,0.0112,0.7968
Preventing_or_letting,Preventing_or_letting,6,0.0112,2.3346
Testing,Death,6,0.0112,3.9474
Choosing,Giving,6,0.0112,2.0833
Hold,Death,6,0.0112,0.9788
Kidnapping,Use_firearm,6,0.0112,3.2432
Change,Attack,6,0.0112,2.5532
Competition,Connect,6,0.0112,0.4030
Change,Getting,6,0.0112,2.5532
Expressing_publicly,Expressing_publicly,6,0.0112,2.4390
Self_motion,Hindering,6,0.0112,0.7968
Creating,Preventing_or_letting,6,0.0112,1.0292
Giving,Destroying,6,0.0112,3.5714
Action,Know,6,0.0112,1.6173
Arriving,Change_of_leadership,6,0.0112,0.7968
Use_firearm,Bringing,6,0.0112,0.7895
Military_operation,Judgment_communication,6,0.0112,0.6704
Attack,Revenge,6,0.0112,0.1464
GetReady,Attack,6,0.0112,13.0435
Committing_crime,Destroying,6,0.0112,2.1818
Legal_rulings,Prison,6,0.0112,7.7922
Committing_crime,Conquering,6,0.0112,2.1818
Presence,Agree_or_refuse_to_act,6,0.0112,1.0582
Creating,Catastrophe,6,0.0112,1.0292
Departing,Bodily_harm,6,0.0112,2.4691
Arriving,Openness,6,0.0112,0.7968
Request,Motion,6,0.0112,1.3129
Supporting,Attack,6,0.0112,4.3478
Destroying,Assistance,6,0.0112,1.2712
Earnings_and_losses,Rescuing,6,0.0112,1.8349
Agree_or_refuse_to_act,Destroying,6,0.0112,2.2989
Agree_or_refuse_to_act,Request,6,0.0112,2.2989
Presence,Escaping,6,0.0112,1.0582
Escaping,Defending,6,0.0112,1.7391
Statement,Arrest,6,0.0112,3.1746
Bodily_harm,Cause_change_of_position_on_a_scale,6,0.0112,1.8750
Self_motion,Change,6,0.0112,0.7968
Self_motion,Statement,6,0.0112,0.7968
Expressing_publicly,Becoming,6,0.0112,2.4390
Preventing_or_letting,Coming_to_be,6,0.0112,2.3346
Hold,Reporting,6,0.0112,0.9788
Sending,Process_end,6,0.0112,2.2472
Process_end,Cause_change_of_position_on_a_scale,6,0.0112,2.0833
Military_operation,Building,6,0.0112,0.6704
Cause_change_of_position_on_a_scale,Earnings_and_losses,6,0.0112,1.5424
Judgment_communication,Criminal_investigation,6,0.0112,2.4390
Conquering,Expansion,6,0.0112,0.7823
Expressing_publicly,Attack,6,0.0112,2.4390
Control,Motion_directional,6,0.0112,1.6854
Defending,Getting,6,0.0112,1.8576
Defending,Arriving,6,0.0112,1.8576
Communication,Releasing,6,0.0112,3.8217
Change_of_leadership,Convincing,6,0.0112,1.0619
Influence,Arranging,6,0.0112,2.7907
Dispersal,Cause_change_of_strength,6,0.0112,6.3158
Bodily_harm,Arrest,6,0.0112,1.8750
Bodily_harm,Cure,6,0.0112,1.8750
Process_end,Escaping,6,0.0112,2.0833
Self_motion,Deciding,6,0.0112,0.7968
Arriving,Judgment_communication,6,0.0112,0.7968
Placing,Destroying,6,0.0112,2.4096
Motion,GiveUp,6,0.0112,0.4626
Defending,Judgment_communication,6,0.0112,1.8576
Death,Death,6,0.0112,1.2766
Cause_change_of_strength,Removing,6,0.0112,1.5190
Judgment_communication,Attack,6,0.0112,2.4390
Killing,Legality,6,0.0112,0.6154
Presence,Communication,6,0.0112,1.0582
Assistance,Escaping,6,0.0112,3.9216
Destroying,Control,6,0.0112,1.2712
Giving,Motion,6,0.0112,3.5714
Arrest,Departing,6,0.0112,2.8169
Social_event,Preserving,6,0.0112,0.4699
Deciding,Conquering,6,0.0112,3.1088
Defending,Becoming,6,0.0112,1.8576
Use_firearm,Openness,6,0.0112,0.7895
Use_firearm,Control,6,0.0112,0.7895
Use_firearm,Lighting,6,0.0112,0.7895
Process_end,Arriving,6,0.0112,2.0833
Conquering,Judgment_communication,6,0.0112,0.7823
Arranging,Cause_to_make_progress,6,0.0112,0.7864
Conquering,Action,6,0.0112,0.7823
Conquering,Expressing_publicly,6,0.0112,0.7823
Change_of_leadership,Expressing_publicly,6,0.0112,1.0619
Hostile_encounter,Arranging,6,0.0112,0.1918
Arranging,Choosing,6,0.0112,0.7864
Hostile_encounter,Change_sentiment,6,0.0112,0.1918
Statement,Preventing_or_letting,6,0.0112,3.1746
Agree_or_refuse_to_act,Hostile_encounter,6,0.0112,2.2989
Choosing,Attack,6,0.0112,2.0833
Social_event,Know,6,0.0112,0.4699
Terrorism,Scrutiny,6,0.0112,1.0526
Confronting_problem,Escaping,6,0.0112,8.2192
Creating,Conquering,6,0.0112,1.0292
Process_start,Assistance,6,0.0112,0.4598
Change_of_leadership,Response,6,0.0112,1.0619
Self_motion,Presence,6,0.0112,0.7968
Catastrophe,Arrest,6,0.0112,0.0541
Damaging,Request,6,0.0112,2.4096
Bodily_harm,Bodily_harm,6,0.0112,1.8750
Know,Removing,6,0.0112,1.9417
Use_firearm,Name_conferral,6,0.0112,0.7895
Attack,Cause_to_make_progress,6,0.0112,0.1464
Choosing,Coming_to_be,6,0.0112,2.0833
Departing,Statement,6,0.0112,2.4691
Traveling,Sending,6,0.0112,0.5602
Legal_rulings,Death,6,0.0112,7.7922
Request,Use_firearm,6,0.0112,1.3129
Catastrophe,Institutionalization,6,0.0112,0.0541
Coming_to_be,Expend_resource,6,0.0112,0.1681
Arrest,Know,6,0.0112,2.8169
Change,Creating,6,0.0112,2.5532
Cause_change_of_position_on_a_scale,Control,6,0.0112,1.5424
Control,Creating,6,0.0112,1.6854
Death,Assistance,6,0.0112,1.2766
Testing,Attack,6,0.0112,3.9474
Hold,Escaping,6,0.0112,0.9788
Action,Presence,6,0.0112,1.6173
Action,Motion_directional,6,0.0112,1.6173
Self_motion,Giving,6,0.0112,0.7968
Becoming_a_member,Conquering,6,0.0112,7.4074
Arranging,Recovering,6,0.0112,0.7864
Getting,Statement,6,0.0112,1.7751
Judgment_communication,Expressing_publicly,6,0.0112,2.4390
Besieging,Arriving,6,0.0112,2.2727
Placing,Judgment_communication,6,0.0112,2.4096
Hostile_encounter,Hiding_objects,6,0.0112,0.1918
Judgment_communication,Placing,6,0.0112,2.4390
Hold,Receiving,6,0.0112,0.9788
Catastrophe,Agree_or_refuse_to_act,6,0.0112,0.0541
Process_start,Reporting,6,0.0112,0.4598
Judgment_communication,Bodily_harm,6,0.0112,2.4390
Creating,Death,6,0.0112,1.0292
Presence,Coming_to_believe,6,0.0112,1.0582
Damaging,Attack,6,0.0112,2.4096
Arranging,Expansion,6,0.0112,0.7864
Agree_or_refuse_to_act,Removing,6,0.0112,2.2989
Presence,Motion_directional,6,0.0112,1.0582
Social_event,Collaboration,6,0.0112,0.4699
Destroying,Statement,6,0.0112,1.2712
Social_event,Commerce_pay,6,0.0112,0.4699
Body_movement,Bodily_harm,6,0.0112,6.7416
Presence,Earnings_and_losses,6,0.0112,1.0582
Catastrophe,Prison,6,0.0112,0.0541
Use_firearm,Arriving,6,0.0112,0.7895
Arriving,Robbery,6,0.0112,0.7968
Process_start,Change_of_leadership,6,0.0112,0.4598
Testing,Preventing_or_letting,6,0.0112,3.9474
Self_motion,Assistance,6,0.0112,0.7968
Defending,Cause_change_of_position_on_a_scale,6,0.0112,1.8576
Attack,Having_or_lacking_access,6,0.0112,0.1464
Action,Catastrophe,6,0.0112,1.6173
Motion,Use_firearm,6,0.0112,0.4626
Catastrophe,Body_movement,6,0.0112,0.0541
Motion,Dispersal,6,0.0112,0.4626
Control,Preventing_or_letting,6,0.0112,1.6854
Attack,Filling,6,0.0112,0.1464
Know,Agree_or_refuse_to_act,6,0.0112,1.9417
Social_event,Response,6,0.0112,0.4699
Use_firearm,Becoming,6,0.0112,0.7895
Getting,Response,6,0.0112,1.7751
Military_operation,Departing,6,0.0112,0.6704
Deciding,Process_end,6,0.0112,3.1088
Becoming,Bodily_harm,6,0.0112,2.6432
Bringing,Motion,6,0.0112,4.5113
Social_event,Cause_to_be_included,6,0.0112,0.4699
Departing,Attack,6,0.0112,2.4691
Damaging,Expressing_publicly,6,0.0112,2.4096
Assistance,Motion,6,0.0112,3.9216
Statement,Change_of_leadership,6,0.0112,3.1746
Killing,Dispersal,6,0.0112,0.6154
Process_start,Resolve_problem,6,0.0112,0.4598
Sending,Control,6,0.0112,2.2472
Arriving,Assistance,6,0.0112,0.7968
Motion_directional,Escaping,6,0.0112,1.6901
Killing,Process_start,6,0.0112,0.6154
Come_together,Arriving,6,0.0112,2.7650
Perception_active,Attack,6,0.0112,6.7416
Destroying,Cause_change_of_position_on_a_scale,6,0.0112,1.2712
Request,Getting,6,0.0112,1.3129
Terrorism,Committing_crime,6,0.0112,1.0526
Process_end,Defending,6,0.0112,2.0833
Defending,Removing,6,0.0112,1.8576
Traveling,Commerce_buy,6,0.0112,0.5602
Process_start,Confronting_problem,6,0.0112,0.4598
Committing_crime,Confronting_problem,6,0.0112,2.1818
Death,Quarreling,6,0.0112,1.2766
Hostile_encounter,Legal_rulings,6,0.0112,0.1918
Military_operation,Quarreling,6,0.0112,0.6704
Cause_change_of_position_on_a_scale,Recording,6,0.0112,1.5424
Escaping,Cause_to_amalgamate,6,0.0112,1.7391
Death,Conquering,6,0.0112,1.2766
Military_operation,Supply,6,0.0112,0.6704
Motion,Recovering,6,0.0112,0.4626
Defending,Supply,6,0.0112,1.8576
Getting,Recording,6,0.0112,1.7751
Preventing_or_letting,Departing,6,0.0112,2.3346
Attack,Coming_to_believe,6,0.0112,0.1464
Use_firearm,Perception_active,6,0.0112,0.7895
Destroying,Giving,6,0.0112,1.2712
Manufacturing,Destroying,6,0.0112,4.4444
Testing,Use_firearm,6,0.0112,3.9474
Hostile_encounter,Labeling,6,0.0112,0.1918
Process_start,Departing,6,0.0112,0.4598
Hostile_encounter,Sending,6,0.0112,0.1918
Social_event,Conquering,6,0.0112,0.4699
Cause_change_of_position_on_a_scale,Arrest,6,0.0112,1.5424
Death,Deciding,6,0.0112,1.2766
Arriving,Coming_to_be,6,0.0112,0.7968
Coming_to_be,Connect,6,0.0112,0.1681
Coming_to_be,Agree_or_refuse_to_act,6,0.0112,0.1681
Judgment_communication,Hostile_encounter,6,0.0112,2.4390
Process_start,Arranging,6,0.0112,0.4598
Cause_change_of_position_on_a_scale,Know,6,0.0112,1.5424
Cause_change_of_strength,Attack,6,0.0112,1.5190
Violence,Destroying,6,0.0112,1.3793
Destroying,Hostile_encounter,6,0.0112,1.2712
Military_operation,Creating,6,0.0112,0.6704
Assistance,Attack,6,0.0112,3.9216
Statement,Agree_or_refuse_to_act,6,0.0112,3.1746
Motion_directional,Influence,6,0.0112,1.6901
Supply,Competition,6,0.0112,5.3571
Change,Hold,6,0.0112,2.5532
Control,Cause_to_make_progress,6,0.0112,1.6854
Response,Bodily_harm,6,0.0112,3.7975
Arriving,Deciding,6,0.0112,0.7968
Perception_active,Bodily_harm,6,0.0112,6.7416
Presence,Cause_change_of_position_on_a_scale,6,0.0112,1.0582
Catastrophe,Preserving,6,0.0112,0.0541
Competition,Choosing,6,0.0112,0.4030
Arriving,Dispersal,6,0.0112,0.7968
Come_together,Process_end,6,0.0112,2.7650
Attack,Cause_to_amalgamate,6,0.0112,0.1464
Expressing_publicly,Traveling,6,0.0112,2.4390
Motion,Deciding,6,0.0112,0.4626
Cause_to_make_progress,Killing,6,0.0112,2.8302
Presence,Removing,6,0.0112,1.0582
Social_event,Damaging,6,0.0112,0.4699
Killing,Traveling,6,0.0112,0.6154
Emptying,Catastrophe,6,0.0112,15.0000
Damaging,Protest,6,0.0112,2.4096
Openness,Process_end,6,0.0112,7.4074
Social_event,Cause_to_amalgamate,6,0.0112,0.4699
Traveling,Arriving,6,0.0112,0.5602
Catastrophe,Quarreling,6,0.0112,0.0541
Criminal_investigation,Convincing,5,0.0094,4.2017
Request,Earnings_and_losses,5,0.0094,1.0941
Death,Recording,5,0.0094,1.0638
Destroying,Perception_active,5,0.0094,1.0593
Arrest,Motion,5,0.0094,2.3474
Request,Recovering,5,0.0094,1.0941
Request,Change,5,0.0094,1.0941
Motion_directional,Creating,5,0.0094,1.4085
Conquering,Departing,5,0.0094,0.6519
Use_firearm,Institutionalization,5,0.0094,0.6579
Use_firearm,Cure,5,0.0094,0.6579
Use_firearm,Giving,5,0.0094,0.6579
Arrest,Arrest,5,0.0094,2.3474
Arrest,Criminal_investigation,5,0.0094,2.3474
Receiving,Arriving,5,0.0094,5.3191
Process_end,Destroying,5,0.0094,1.7361
Social_event,Change_event_time,5,0.0094,0.3915
Creating,Name_conferral,5,0.0094,0.8576
Arranging,Come_together,5,0.0094,0.6553
Competition,Response,5,0.0094,0.3358
Earnings_and_losses,Placing,5,0.0094,1.5291
Competition,Award,5,0.0094,0.3358
Receiving,Attack,5,0.0094,5.3191
Earnings_and_losses,Death,5,0.0094,1.5291
Creating,Perception_active,5,0.0094,0.8576
Sending,Destroying,5,0.0094,1.8727
Arranging,Perception_active,5,0.0094,0.6553
Preventing_or_letting,Control,5,0.0094,1.9455
Action,Process_start,5,0.0094,1.3477
Surrounding,Escaping,5,0.0094,15.1515
Hostile_encounter,Surrounding,5,0.0094,0.1598
Hold,Expansion,5,0.0094,0.8157
Social_event,Building,5,0.0094,0.3915
Escaping,Placing,5,0.0094,1.4493
Agree_or_refuse_to_act,Departing,5,0.0094,1.9157
Ingestion,Death,5,0.0094,55.5556
Know,Statement,5,0.0094,1.6181
Warning,Process_start,5,0.0094,6.5789
Convincing,Process_start,5,0.0094,5.3191
Getting,Placing,5,0.0094,1.4793
Motion,Arranging,5,0.0094,0.3855
Change,Choosing,5,0.0094,2.1277
Know,Check,5,0.0094,1.6181
Removing,Know,5,0.0094,2.6178
Removing,Motion,5,0.0094,2.6178
Deciding,Expressing_publicly,5,0.0094,2.5907
Hindering,Conquering,5,0.0094,6.2500
Building,Process_end,5,0.0094,3.8760
Recovering,Becoming,5,0.0094,4.9020
Attack,Expend_resource,5,0.0094,0.1220
Influence,Getting,5,0.0094,2.3256
Motion_directional,Request,5,0.0094,1.4085
Expansion,Attack,5,0.0094,6.4935
Hostile_encounter,Commerce_pay,5,0.0094,0.1598
Getting,Hostile_encounter,5,0.0094,1.4793
Traveling,Name_conferral,5,0.0094,0.4669
Cause_change_of_position_on_a_scale,Hostile_encounter,5,0.0094,1.2853
Escaping,Giving,5,0.0094,1.4493
Deciding,Destroying,5,0.0094,2.5907
Action,Cause_change_of_position_on_a_scale,5,0.0094,1.3477
Placing,Killing,5,0.0094,2.0080
Sending,Placing,5,0.0094,1.8727
Getting,Destroying,5,0.0094,1.4793
Arranging,Departing,5,0.0094,0.6553
Connect,Destroying,5,0.0094,6.0976
Kidnapping,Request,5,0.0094,2.7027
Presence,Prison,5,0.0094,0.8818
Presence,Giving,5,0.0094,0.8818
Kidnapping,Reporting,5,0.0094,2.7027
Committing_crime,Reveal_secret,5,0.0094,1.8182
Agree_or_refuse_to_act,Legal_rulings,5,0.0094,1.9157
Agree_or_refuse_to_act,Killing,5,0.0094,1.9157
Agree_or_refuse_to_act,Know,5,0.0094,1.9157
Conquering,Know,5,0.0094,0.6519
Departing,Defending,5,0.0094,2.0576
Departing,Request,5,0.0094,2.0576
Arriving,Come_together,5,0.0094,0.6640
Process_end,Rescuing,5,0.0094,1.7361
Control,Agree_or_refuse_to_act,5,0.0094,1.4045
Presence,Legal_rulings,5,0.0094,0.8818
Escaping,Agree_or_refuse_to_act,5,0.0094,1.4493
Escaping,Request,5,0.0094,1.4493
Control,Defending,5,0.0094,1.4045
Defending,Killing,5,0.0094,1.5480
Conquering,Becoming_a_member,5,0.0094,0.6519
Statement,Judgment_communication,5,0.0094,2.6455
Bodily_harm,Change,5,0.0094,1.5625
Criminal_investigation,Reporting,5,0.0094,4.2017
Conquering,Communication,5,0.0094,0.6519
Conquering,Besieging,5,0.0094,0.6519
Process_start,Recovering,5,0.0094,0.3831
Escaping,Cause_change_of_strength,5,0.0094,1.4493
Cause_change_of_position_on_a_scale,Self_motion,5,0.0094,1.2853
Manufacturing,Death,5,0.0094,3.7037
Openness,Killing,5,0.0094,6.1728
Killing,Robbery,5,0.0094,0.5128
Attack,Perception_active,5,0.0094,0.1220
Supply,Supporting,5,0.0094,4.4643
Request,Criminal_investigation,5,0.0094,1.0941
Defending,Communication,5,0.0094,1.5480
Know,Change,5,0.0094,1.6181
Patrolling,Know,5,0.0094,10.8696
Preventing_or_letting,Killing,5,0.0094,1.9455
Bodily_harm,Conquering,5,0.0094,1.5625
Dispersal,Arriving,5,0.0094,5.2632
Damaging,Bringing,5,0.0094,2.0080
Cause_change_of_strength,Escaping,5,0.0094,1.2658
Cause_to_amalgamate,Conquering,5,0.0094,3.8760
Death,Come_together,5,0.0094,1.0638
Sending,Recovering,5,0.0094,1.8727
Creating,Building,5,0.0094,0.8576
Committing_crime,Legality,5,0.0094,1.8182
Motion,Surrendering,5,0.0094,0.3855
Bodily_harm,Sending,5,0.0094,1.5625
Bodily_harm,Statement,5,0.0094,1.5625
Bringing,Destroying,5,0.0094,3.7594
Motion,Communication,5,0.0094,0.3855
Escaping,Change,5,0.0094,1.4493
Know,Arrest,5,0.0094,1.6181
Hostile_encounter,Cause_to_be_included,5,0.0094,0.1598
Creating,Action,5,0.0094,0.8576
Preventing_or_letting,Scrutiny,5,0.0094,1.9455
Becoming,Getting,5,0.0094,2.2026
Use_firearm,Process_end,5,0.0094,0.6579
Cause_change_of_strength,Death,5,0.0094,1.2658
Coming_to_be,Change_event_time,5,0.0094,0.1401
Getting,Preventing_or_letting,5,0.0094,1.4793
Killing,Communication,5,0.0094,0.5128
Presence,Getting,5,0.0094,0.8818
Self_motion,Supply,5,0.0094,0.6640
Escaping,Departing,5,0.0094,1.4493
Giving,Killing,5,0.0094,2.9762
Request,Placing,5,0.0094,1.0941
Sign_agreement,Action,5,0.0094,3.0675
Giving,Assistance,5,0.0094,2.9762
Conquering,Building,5,0.0094,0.6519
Testing,Know,5,0.0094,3.2895
Use_firearm,Escaping,5,0.0094,0.6579
Choosing,Reporting,5,0.0094,1.7361
Escaping,Bodily_harm,5,0.0094,1.4493
Killing,Revenge,5,0.0094,0.5128
Change,Recovering,5,0.0094,2.1277
Preventing_or_letting,Earnings_and_losses,5,0.0094,1.9455
Attack,Openness,5,0.0094,0.1220
Arranging,Removing,5,0.0094,0.6553
Control,Cause_change_of_position_on_a_scale,5,0.0094,1.4045
Self_motion,Choosing,5,0.0094,0.6640
Bodily_harm,Getting,5,0.0094,1.5625
Come_together,Defending,5,0.0094,2.3041
Expressing_publicly,Removing,5,0.0094,2.0325
Self_motion,Preventing_or_letting,5,0.0094,0.6640
Destroying,Reporting,5,0.0094,1.0593
Preventing_or_letting,Judgment_communication,5,0.0094,1.9455
Action,Arriving,5,0.0094,1.3477
Action,Hold,5,0.0094,1.3477
Cause_change_of_position_on_a_scale,Bodily_harm,5,0.0094,1.2853
Attack,Exchange,5,0.0094,0.1220
Becoming,Conquering,5,0.0094,2.2026
Conquering,Response,5,0.0094,0.6519
Process_start,Temporary_stay,5,0.0094,0.3831
Process_start,Cause_to_be_included,5,0.0094,0.3831
Change_of_leadership,Cause_to_be_included,5,0.0094,0.8850
Protest,Expressing_publicly,5,0.0094,4.2017
Hostile_encounter,Scrutiny,5,0.0094,0.1598
Come_together,Escaping,5,0.0094,2.3041
Choosing,Dispersal,5,0.0094,1.7361
Process_start,Create_artwork,5,0.0094,0.3831
Supply,Statement,5,0.0094,4.4643
Action,Military_operation,5,0.0094,1.3477
Catastrophe,Reveal_secret,5,0.0094,0.0451
Convincing,Escaping,5,0.0094,5.3191
Hostile_encounter,Becoming_a_member,5,0.0094,0.1598
Supporting,Self_motion,5,0.0094,3.6232
Expressing_publicly,Assistance,5,0.0094,2.0325
Hostile_encounter,Expend_resource,5,0.0094,0.1598
Military_operation,Hold,5,0.0094,0.5587
Military_operation,Defending,5,0.0094,0.5587
Death,Response,5,0.0094,1.0638
Death,Creating,5,0.0094,1.0638
Arranging,Creating,5,0.0094,0.6553
Killing,Catastrophe,5,0.0094,0.5128
Agree_or_refuse_to_act,Process_start,5,0.0094,1.9157
Arranging,Reforming_a_system,5,0.0094,0.6553
Reforming_a_system,Change,5,0.0094,10.2041
Reforming_a_system,Statement,5,0.0094,10.2041
Cause_change_of_position_on_a_scale,Hold,5,0.0094,1.2853
Being_in_operation,Expressing_publicly,5,0.0094,4.0000
Conquering,Process_start,5,0.0094,0.6519
Violence,Robbery,5,0.0094,1.1494
Placing,Getting,5,0.0094,2.0080
Statement,Action,5,0.0094,2.6455
Change_of_leadership,Motion,5,0.0094,0.8850
Preventing_or_letting,Destroying,5,0.0094,1.9455
Motion_directional,Hostile_encounter,5,0.0094,1.4085
Come_together,Preventing_or_letting,5,0.0094,2.3041
Cause_change_of_strength,Defending,5,0.0094,1.2658
Self_motion,Placing,5,0.0094,0.6640
Social_event,Communication,5,0.0094,0.3915
Getting,Bodily_harm,5,0.0094,1.4793
Judgment_communication,Hindering,5,0.0094,2.0325
Judgment_communication,Dispersal,5,0.0094,2.0325
Choosing,Removing,5,0.0094,1.7361
Hostile_encounter,Social_event,5,0.0094,0.1598
Coming_to_be,Quarreling,5,0.0094,0.1401
Change,Killing,5,0.0094,2.1277
Reporting,Judgment_communication,5,0.0094,11.9048
Killing,Check,5,0.0094,0.5128
Process_start,Manufacturing,5,0.0094,0.3831
Coming_to_be,Emptying,5,0.0094,0.1401
Conquering,Change_event_time,5,0.0094,0.6519
Change_of_leadership,Judgment_communication,5,0.0094,0.8850
Conquering,Cause_to_amalgamate,5,0.0094,0.6519
Sign_agreement,Creating,5,0.0094,3.0675
Hold,Removing,5,0.0094,0.8157
Motion,Openness,5,0.0094,0.3855
Catastrophe,Lighting,5,0.0094,0.0451
Hostile_encounter,Use_firearm,5,0.0094,0.1598
Change_of_leadership,Prison,5,0.0094,0.8850
Hostile_encounter,Protest,5,0.0094,0.1598
Conquering,Robbery,5,0.0094,0.6519
Damaging,Assistance,5,0.0094,2.0080
Death,Cause_change_of_position_on_a_scale,5,0.0094,1.0638
Arranging,Judgment_communication,5,0.0094,0.6553
Judgment_communication,Change_of_leadership,5,0.0094,2.0325
Killing,Response,5,0.0094,0.5128
Defending,Legal_rulings,5,0.0094,1.5480
Violence,GiveUp,5,0.0094,1.1494
Social_event,Dispersal,5,0.0094,0.3915
Bodily_harm,Process_end,5,0.0094,1.5625
Cause_to_amalgamate,Process_end,5,0.0094,3.8760
Arriving,Hindering,5,0.0094,0.6640
Traveling,Escaping,5,0.0094,0.4669
Arranging,Deciding,5,0.0094,0.6553
Choosing,Arriving,5,0.0094,1.7361
Arranging,Use_firearm,5,0.0094,0.6553
Hold,Request,5,0.0094,0.8157
Hold,Response,5,0.0094,0.8157
Social_event,Quarreling,5,0.0094,0.3915
Attack,Patrolling,5,0.0094,0.1220
Action,Earnings_and_losses,5,0.0094,1.3477
Creating,Choosing,5,0.0094,0.8576
Choosing,Escaping,5,0.0094,1.7361
Arriving,Request,5,0.0094,0.6640
Choosing,Choosing,5,0.0094,1.7361
Placing,Cause_change_of_position_on_a_scale,5,0.0094,2.0080
Damaging,Preventing_or_letting,5,0.0094,2.0080
Damaging,Statement,5,0.0094,2.0080
Assistance,Process_end,5,0.0094,3.2680
Statement,Conquering,5,0.0094,2.6455
Change_of_leadership,Dispersal,5,0.0094,0.8850
Filling,Catastrophe,5,0.0094,10.8696
Choosing,Earnings_and_losses,5,0.0094,1.7361
Know,Use_firearm,5,0.0094,1.6181
Know,Surrendering,5,0.0094,1.6181
Escaping,Process_start,5,0.0094,1.4493
Coming_to_be,Action,5,0.0094,0.1401
Escaping,Preventing_or_letting,5,0.0094,1.4493
Death,Request,5,0.0094,1.0638
Control,Getting,5,0.0094,1.4045
Arranging,Motion_directional,5,0.0094,0.6553
Besieging,Confronting_problem,5,0.0094,1.8939
Rite,Killing,5,0.0094,27.7778
Departing,Process_end,5,0.0094,2.0576
Departing,Escaping,5,0.0094,2.0576
Know,Giving,5,0.0094,1.6181
Forming_relationships,Motion,5,0.0094,10.6383
Process_start,Publishing,5,0.0094,0.3831
Getting,Giving,5,0.0094,1.4793
Process_end,Getting,5,0.0094,1.7361
Coming_to_be,Criminal_investigation,5,0.0094,0.1401
Arriving,Motion_directional,5,0.0094,0.6640
Come_together,Competition,5,0.0094,2.3041
Violence,Change_sentiment,5,0.0094,1.1494
Social_event,Violence,5,0.0094,0.3915
Placing,Receiving,5,0.0094,2.0080
Scrutiny,Process_end,5,0.0094,5.6818
Communication,Giving,5,0.0094,3.1847
Cause_to_amalgamate,Becoming,5,0.0094,3.8760
Request,Process_start,5,0.0094,1.0941
Cause_change_of_position_on_a_scale,Motion_directional,5,0.0094,1.2853
Becoming,Change,5,0.0094,2.2026
Bringing,Damaging,5,0.0094,3.7594
Sending,Surrendering,5,0.0094,1.8727
Change,Judgment_communication,5,0.0094,2.1277
Use_firearm,Placing,5,0.0094,0.6579
Bodily_harm,Placing,5,0.0094,1.5625
Change_of_leadership,Getting,5,0.0094,0.8850
Coming_to_be,Request,5,0.0094,0.1401
Supply,Receiving,5,0.0094,4.4643
Perception_active,Motion,5,0.0094,5.6180
Traveling,Coming_to_be,5,0.0094,0.4669
Influence,Cause_change_of_strength,5,0.0094,2.3256
Surrendering,Arriving,5,0.0094,5.6818
Placing,Statement,5,0.0094,2.0080
Defending,Surrendering,5,0.0094,1.5480
Destroying,Removing,5,0.0094,1.0593
Conquering,Sending,5,0.0094,0.6519
Publishing,Process_end,5,0.0094,4.3860
Action,Name_conferral,5,0.0094,1.3477
Escaping,Achieve,5,0.0094,1.4493
Defending,Process_start,5,0.0094,1.5480
Connect,Self_motion,5,0.0094,6.0976
Statement,Influence,5,0.0094,2.6455
Commerce_sell,Traveling,5,0.0094,7.3529
Placing,Reporting,5,0.0094,2.0080
Arriving,Reporting,5,0.0094,0.6640
Coming_to_be,Rewards_and_punishments,5,0.0094,0.1401
Terrorism,Earnings_and_losses,5,0.0094,0.8772
Terrorism,Social_event,5,0.0094,0.8772
Terrorism,Coming_to_be,5,0.0094,0.8772
Conquering,Exchange,5,0.0094,0.6519
Creating,Hostile_encounter,5,0.0094,0.8576
Control,Cause_change_of_strength,5,0.0094,1.4045
Hostile_encounter,Award,5,0.0094,0.1598
Getting,Criminal_investigation,5,0.0094,1.4793
Traveling,Criminal_investigation,5,0.0094,0.4669
Motion_directional,Criminal_investigation,5,0.0094,1.4085
Death,Education_teaching,5,0.0094,1.0638
Social_event,GiveUp,5,0.0094,0.3915
Placing,Hostile_encounter,5,0.0094,2.0080
Expressing_publicly,Preventing_or_letting,5,0.0094,2.0325
Catastrophe,Arranging,5,0.0094,0.0451
Removing,Preventing_or_letting,5,0.0094,2.6178
Sign_agreement,Getting,5,0.0094,3.0675
Supporting,Hostile_encounter,5,0.0094,3.6232
Change,Influence,5,0.0094,2.1277
Change,Removing,5,0.0094,2.1277
Supply,Bodily_harm,5,0.0094,4.4643
Supporting,Social_event,5,0.0094,3.6232
Damaging,Removing,5,0.0094,2.0080
Hostile_encounter,Research,5,0.0094,0.1598
Request,Reporting,5,0.0094,1.0941
Cause_to_make_progress,Cause_change_of_position_on_a_scale,5,0.0094,2.3585
Self_motion,Connect,5,0.0094,0.6640
Action,Cause_change_of_strength,5,0.0094,1.3477
Commerce_sell,Military_operation,5,0.0094,7.3529
Conquering,Cause_change_of_strength,5,0.0094,0.6519
Sending,Self_motion,5,0.0094,1.8727
Killing,Earnings_and_losses,5,0.0094,0.5128
Emptying,Destroying,5,0.0094,12.5000
Expressing_publicly,Motion,5,0.0094,2.0325
Social_event,Being_in_operation,5,0.0094,0.3915
Change_of_leadership,Cause_change_of_position_on_a_scale,5,0.0094,0.8850
Come_together,Getting,5,0.0094,2.3041
Creating,Supply,5,0.0094,0.8576
Social_event,Hostile_encounter,5,0.0094,0.3915
Choosing,Killing,5,0.0094,1.7361
Reforming_a_system,Attack,5,0.0094,10.2041
Know,Judgment_communication,5,0.0094,1.6181
Perception_active,Judgment_communication,5,0.0094,5.6180
Supply,Catastrophe,5,0.0094,4.4643
Cause_to_make_progress,Getting,5,0.0094,2.3585
Response,Know,5,0.0094,3.1646
Response,Expressing_publicly,5,0.0094,3.1646
Publishing,Publishing,5,0.0094,4.3860
Arriving,Warning,5,0.0094,0.6640
Hold,Publishing,5,0.0094,0.8157
Damaging,Building,5,0.0094,2.0080
Damaging,Emptying,5,0.0094,2.0080
Damaging,Being_in_operation,5,0.0094,2.0080
Cause_change_of_strength,Check,5,0.0094,1.2658
Commerce_sell,Expressing_publicly,5,0.0094,7.3529
Hostile_encounter,Come_together,5,0.0094,0.1598
Traveling,Cause_to_make_progress,5,0.0094,0.4669
Departing,Supply,5,0.0094,2.0576
Cause_to_make_progress,Dispersal,4,0.0075,1.8868
Communication,Judgment_communication,4,0.0075,2.5478
Supporting,Destroying,4,0.0075,2.8986
Control,Hindering,4,0.0075,1.1236
Earnings_and_losses,Change_of_leadership,4,0.0075,1.2232
Placing,Hindering,4,0.0075,1.6064
Agree_or_refuse_to_act,Hindering,4,0.0075,1.5326
Hindering,Placing,4,0.0075,5.0000
Criminal_investigation,Rewards_and_punishments,4,0.0075,3.3613
Destroying,Hindering,4,0.0075,0.8475
Death,Arriving,4,0.0075,0.8511
Expansion,Creating,4,0.0075,5.1948
Creating,Hindering,4,0.0075,0.6861
Commerce_sell,Earnings_and_losses,4,0.0075,5.8824
Come_together,Expressing_publicly,4,0.0075,1.8433
Arranging,Protest,4,0.0075,0.5242
Body_movement,Motion,4,0.0075,4.4944
Recovering,Earnings_and_losses,4,0.0075,3.9216
Process_start,Body_movement,4,0.0075,0.3065
Competition,Judgment_communication,4,0.0075,0.2686
Hold,Sending,4,0.0075,0.6525
Cause_change_of_position_on_a_scale,Death,4,0.0075,1.0283
Cause_change_of_position_on_a_scale,Conquering,4,0.0075,1.0283
Preventing_or_letting,Military_operation,4,0.0075,1.5564
Influence,Request,4,0.0075,1.8605
Request,Arrest,4,0.0075,0.8753
Action,Removing,4,0.0075,1.0782
Influence,Earnings_and_losses,4,0.0075,1.8605
Coming_to_be,Change_of_leadership,4,0.0075,0.1120
Legal_rulings,Arrest,4,0.0075,5.1948
Rescuing,Award,4,0.0075,10.2564
Cause_to_amalgamate,Getting,4,0.0075,3.1008
Cause_to_amalgamate,Preventing_or_letting,4,0.0075,3.1008
Scrutiny,Bodily_harm,4,0.0075,4.5455
Cause_change_of_strength,Process_end,4,0.0075,1.0127
Creating,Bodily_harm,4,0.0075,0.6861
Agree_or_refuse_to_act,Self_motion,4,0.0075,1.5326
Convincing,Creating,4,0.0075,4.2553
Cause_change_of_position_on_a_scale,Defending,4,0.0075,1.0283
Expressing_publicly,Cause_change_of_position_on_a_scale,4,0.0075,1.6260
Choosing,Hostile_encounter,4,0.0075,1.3889
Conquering,Hindering,4,0.0075,0.5215
Process_end,Cause_to_make_progress,4,0.0075,1.3889
Committing_crime,Preventing_or_letting,4,0.0075,1.4545
Becoming,Action,4,0.0075,1.7621
Killing,Rescuing,4,0.0075,0.4103
Arranging,Action,4,0.0075,0.5242
Judgment_communication,Assistance,4,0.0075,1.6260
Arranging,Rescuing,4,0.0075,0.5242
Becoming,Killing,4,0.0075,1.7621
Arranging,Know,4,0.0075,0.5242
Sign_agreement,Exchange,4,0.0075,2.4540
Control,Social_event,4,0.0075,1.1236
Arriving,Social_event,4,0.0075,0.5312
Departing,Expressing_publicly,4,0.0075,1.6461
Testing,Assistance,4,0.0075,2.6316
Being_in_operation,Destroying,4,0.0075,3.2000
Action,Hostile_encounter,4,0.0075,1.0782
Kidnapping,Action,4,0.0075,2.1622
Destroying,Judgment_communication,4,0.0075,0.8475
Coming_to_be,Testing,4,0.0075,0.1120
Attack,Body_movement,4,0.0075,0.0976
Use_firearm,Defending,4,0.0075,0.5263
Bringing,Resolve_problem,4,0.0075,3.0075
Bringing,Cause_change_of_position_on_a_scale,4,0.0075,3.0075
Motion_directional,Assistance,4,0.0075,1.1268
Coming_to_believe,Attack,4,0.0075,8.1633
Cause_change_of_position_on_a_scale,Arranging,4,0.0075,1.0283
Self_motion,Check,4,0.0075,0.5312
Bodily_harm,Change_event_time,4,0.0075,1.2500
Deciding,Change_event_time,4,0.0075,2.0725
Change_event_time,Recovering,4,0.0075,5.6338
Supporting,Coming_to_be,4,0.0075,2.8986
Judgment_communication,Reporting,4,0.0075,1.6260
Building,Know,4,0.0075,3.1008
Preventing_or_letting,Placing,4,0.0075,1.5564
Know,Prison,4,0.0075,1.2945
Motion,Confronting_problem,4,0.0075,0.3084
Assistance,Recovering,4,0.0075,2.6144
Giving,Arriving,4,0.0075,2.3810
Being_in_operation,Action,4,0.0075,3.2000
Defending,Coming_to_be,4,0.0075,1.2384
Process_start,Check,4,0.0075,0.3065
Scrutiny,Killing,4,0.0075,4.5455
Action,Cause_to_make_progress,4,0.0075,1.0782
Change,Conquering,4,0.0075,1.7021
Sending,Bringing,4,0.0075,1.4981
Sending,Use_firearm,4,0.0075,1.4981
Removing,Motion_directional,4,0.0075,2.0942
Earnings_and_losses,Arriving,4,0.0075,1.2232
Military_operation,Catastrophe,4,0.0075,0.4469
Convincing,Agree_or_refuse_to_act,4,0.0075,4.2553
Kidnapping,Motion,4,0.0075,2.1622
Legality,Prison,4,0.0075,12.1212
Legality,Legal_rulings,4,0.0075,12.1212
Kidnapping,Giving,4,0.0075,2.1622
Committing_crime,Convincing,4,0.0075,1.4545
Committing_crime,Scrutiny,4,0.0075,1.4545
Attack,Convincing,4,0.0075,0.0976
Know,Becoming,4,0.0075,1.2945
Hindering,Preventing_or_letting,4,0.0075,5.0000
Agree_or_refuse_to_act,Rescuing,4,0.0075,1.5326
Change_tool,Rescuing,4,0.0075,40.0000
Hold,Attack,4,0.0075,0.6525
Hold,Assistance,4,0.0075,0.6525
Removing,Becoming,4,0.0075,2.0942
Change_of_leadership,Bringing,4,0.0075,0.7080
Change_of_leadership,Presence,4,0.0075,0.7080
Agree_or_refuse_to_act,Control,4,0.0075,1.5326
Control,Bringing,4,0.0075,1.1236
Creating,Control,4,0.0075,0.6861
Self_motion,Preserving,4,0.0075,0.5312
Influence,Self_motion,4,0.0075,1.8605
Influence,Bodily_harm,4,0.0075,1.8605
Hold,Hostile_encounter,4,0.0075,0.6525
Assistance,Use_firearm,4,0.0075,2.6144
Attack,Telling,4,0.0075,0.0976
Coming_to_be,Military_operation,4,0.0075,0.1120
Earnings_and_losses,Self_motion,4,0.0075,1.2232
GetReady,Process_end,4,0.0075,8.6957
Response,Change_of_leadership,4,0.0075,2.5316
Arrest,Process_start,4,0.0075,1.8779
Process_start,Cause_to_amalgamate,4,0.0075,0.3065
Process_start,Education_teaching,4,0.0075,0.3065
Openness,Becoming,4,0.0075,4.9383
Use_firearm,Surrendering,4,0.0075,0.5263
Expressing_publicly,Destroying,4,0.0075,1.6260
Patrolling,Use_firearm,4,0.0075,8.6957
Process_start,Supply,4,0.0075,0.3065
Testing,Hold,4,0.0075,2.6316
Sign_agreement,Escaping,4,0.0075,2.4540
Dispersal,Influence,4,0.0075,4.2105
Defending,Rescuing,4,0.0075,1.2384
Arranging,Change_of_leadership,4,0.0075,0.5242
Giving,Self_motion,4,0.0075,2.3810
Defending,Cause_change_of_strength,4,0.0075,1.2384
Response,Control,4,0.0075,2.5316
Control,Motion,4,0.0075,1.1236
Dispersal,Damaging,4,0.0075,4.2105
Dispersal,Motion,4,0.0075,4.2105
Sending,Come_together,4,0.0075,1.4981
Know,Process_start,4,0.0075,1.2945
Sending,Communication,4,0.0075,1.4981
Request,Building,4,0.0075,0.8753
Create_artwork,Publishing,4,0.0075,21.0526
Self_motion,Warning,4,0.0075,0.5312
Death,Sending,4,0.0075,0.8511
Destroying,Confronting_problem,4,0.0075,0.8475
Sign_agreement,Agree_or_refuse_to_act,4,0.0075,2.4540
Openness,Destroying,4,0.0075,4.9383
Bringing,Placing,4,0.0075,3.0075
Testing,Influence,4,0.0075,2.6316
Testing,Change,4,0.0075,2.6316
Placing,Removing,4,0.0075,1.6064
Openness,Self_motion,4,0.0075,4.9383
Manufacturing,Preventing_or_letting,4,0.0075,2.9630
Giving,Preventing_or_letting,4,0.0075,2.3810
Communication,Statement,4,0.0075,2.5478
Defending,Statement,4,0.0075,1.2384
Cause_change_of_strength,Influence,4,0.0075,1.0127
Killing,Protest,4,0.0075,0.4103
Bodily_harm,Committing_crime,4,0.0075,1.2500
Coming_to_be,Reveal_secret,4,0.0075,0.1120
Recovering,Motion,4,0.0075,3.9216
Escaping,Sign_agreement,4,0.0075,1.1594
Escaping,Arrest,4,0.0075,1.1594
Becoming,Process_end,4,0.0075,1.7621
Getting,Creating,4,0.0075,1.1834
Earnings_and_losses,Hostile_encounter,4,0.0075,1.2232
Departing,Coming_to_believe,4,0.0075,1.6461
Recovering,Conquering,4,0.0075,3.9216
Destroying,Bringing,4,0.0075,0.8475
Destroying,Change_of_leadership,4,0.0075,0.8475
Destroying,Expressing_publicly,4,0.0075,0.8475
Motion,Bringing,4,0.0075,0.3084
Attack,Suspicion,4,0.0075,0.0976
Getting,Process_start,4,0.0075,1.1834
Control,Action,4,0.0075,1.1236
Self_motion,Agree_or_refuse_to_act,4,0.0075,0.5312
Destroying,Creating,4,0.0075,0.8475
Supply,Attack,4,0.0075,3.5714
Defending,Assistance,4,0.0075,1.2384
Social_event,Commerce_buy,4,0.0075,0.3132
Conquering,Confronting_problem,4,0.0075,0.5215
Communication,Defending,4,0.0075,2.5478
Request,Commerce_pay,4,0.0075,0.8753
Hold,Building,4,0.0075,0.6525
Hold,Arranging,4,0.0075,0.6525
Self_motion,GetReady,4,0.0075,0.5312
Cause_change_of_strength,Killing,4,0.0075,1.0127
Conquering,Damaging,4,0.0075,0.5215
Change_of_leadership,Process_start,4,0.0075,0.7080
Choosing,Self_motion,4,0.0075,1.3889
Choosing,Motion,4,0.0075,1.3889
Destroying,Surrendering,4,0.0075,0.8475
Hostile_encounter,Having_or_lacking_access,4,0.0075,0.1278
Hostile_encounter,Coming_to_believe,4,0.0075,0.1278
Come_together,Destroying,4,0.0075,1.8433
Expressing_publicly,Sending,4,0.0075,1.6260
Know,Sending,4,0.0075,1.2945
Giving,Action,4,0.0075,2.3810
Choosing,Come_together,4,0.0075,1.3889
Agree_or_refuse_to_act,Releasing,4,0.0075,1.5326
Legal_rulings,Removing,4,0.0075,5.1948
Sign_agreement,Commerce_pay,4,0.0075,2.4540
Choosing,Know,4,0.0075,1.3889
Criminal_investigation,Deciding,4,0.0075,3.3613
Request,Hold,4,0.0075,0.8753
Request,Hostile_encounter,4,0.0075,0.8753
Social_event,Confronting_problem,4,0.0075,0.3132
Recording,Expressing_publicly,4,0.0075,8.8889
Arriving,Competition,4,0.0075,0.5312
Cause_change_of_position_on_a_scale,Expressing_publicly,4,0.0075,1.0283
Bringing,Conquering,4,0.0075,3.0075
Come_together,Death,4,0.0075,1.8433
Cause_change_of_strength,Name_conferral,4,0.0075,1.0127
Placing,Defending,4,0.0075,1.6064
Request,Destroying,4,0.0075,0.8753
Patrolling,Self_motion,4,0.0075,8.6957
Control,Robbery,4,0.0075,1.1236
Use_firearm,Self_motion,4,0.0075,0.5263
Besieging,Attack,4,0.0075,1.5152
Creating,Change_event_time,4,0.0075,0.6861
Damaging,Escaping,4,0.0075,1.6064
Damaging,Departing,4,0.0075,1.6064
Control,Response,4,0.0075,1.1236
Legal_rulings,Assistance,4,0.0075,5.1948
Death,Commerce_sell,4,0.0075,0.8511
Agree_or_refuse_to_act,Arrest,4,0.0075,1.5326
Assistance,Getting,4,0.0075,2.6144
Reforming_a_system,Ratification,4,0.0075,8.1633
Reforming_a_system,Coming_to_be,4,0.0075,8.1633
Action,Testing,4,0.0075,1.0782
Testing,Escaping,4,0.0075,2.6316
Request,Scrutiny,4,0.0075,0.8753
Attack,Terrorism,4,0.0075,0.0976
Becoming,Destroying,4,0.0075,1.7621
Know,Getting,4,0.0075,1.2945
Judgment_communication,Process_start,4,0.0075,1.6260
Change_of_leadership,Influence,4,0.0075,0.7080
Committing_crime,Bodily_harm,4,0.0075,1.4545
Rescuing,Know,4,0.0075,10.2564
Control,Recovering,4,0.0075,1.1236
Violence,Dispersal,4,0.0075,0.9195
Hold,Coming_to_believe,4,0.0075,0.6525
Legality,Killing,4,0.0075,12.1212
Request,Cause_to_make_progress,4,0.0075,0.8753
Communication,Motion,4,0.0075,2.5478
Destroying,Communication,4,0.0075,0.8475
Escaping,Death,4,0.0075,1.1594
Rewards_and_punishments,Change_event_time,4,0.0075,16.6667
Military_operation,Warning,4,0.0075,0.4469
Social_event,Choosing,4,0.0075,0.3132
Besieging,Removing,4,0.0075,1.5152
Choosing,Placing,4,0.0075,1.3889
Getting,Dispersal,4,0.0075,1.1834
Judgment_communication,Process_end,4,0.0075,1.6260
Choosing,Protest,4,0.0075,1.3889
Getting,Judgment_communication,4,0.0075,1.1834
Choosing,Check,4,0.0075,1.3889
Recovering,Arriving,4,0.0075,3.9216
Arriving,GetReady,4,0.0075,0.5312
Response,Recovering,4,0.0075,2.5316
Placing,Conquering,4,0.0075,1.6064
Request,Supporting,4,0.0075,0.8753
Building,Control,4,0.0075,3.1008
Arrest,Cause_to_be_included,4,0.0075,1.8779
Violence,Connect,4,0.0075,0.9195
Violence,Justifying,4,0.0075,0.9195
Violence,Commitment,4,0.0075,0.9195
Violence,Quarreling,4,0.0075,0.9195
Violence,Cause_to_be_included,4,0.0075,0.9195
Violence,Removing,4,0.0075,0.9195
Change,Check,4,0.0075,1.7021
Change,Criminal_investigation,4,0.0075,1.7021
Change,Statement,4,0.0075,1.7021
Surrounding,Conquering,4,0.0075,12.1212
Presence,Hostile_encounter,4,0.0075,0.7055
Earnings_and_losses,Hindering,4,0.0075,1.2232
Giving,Expressing_publicly,4,0.0075,2.3810
Earnings_and_losses,Expressing_publicly,4,0.0075,1.2232
Response,Creating,4,0.0075,2.5316
Process_start,Releasing,4,0.0075,0.3065
Traveling,Releasing,4,0.0075,0.3735
Process_start,Communication,4,0.0075,0.3065
Social_event,Cause_change_of_strength,4,0.0075,0.3132
Cause_change_of_position_on_a_scale,Preventing_or_letting,4,0.0075,1.0283
Cause_change_of_position_on_a_scale,Bringing,4,0.0075,1.0283
Damaging,Catastrophe,4,0.0075,1.6064
Publishing,Statement,4,0.0075,3.5088
Violence,Traveling,4,0.0075,0.9195
Besieging,Preventing_or_letting,4,0.0075,1.5152
Body_movement,Rescuing,4,0.0075,4.4944
Presence,Rescuing,4,0.0075,0.7055
Use_firearm,Hostile_encounter,4,0.0075,0.5263
Statement,Removing,4,0.0075,2.1164
Committing_crime,Self_motion,4,0.0075,1.4545
Arriving,Perception_active,4,0.0075,0.5312
Employment,Statement,4,0.0075,9.5238
Rewards_and_punishments,Releasing,4,0.0075,16.6667
Sending,Emptying,4,0.0075,1.4981
Action,Choosing,4,0.0075,1.0782
Damaging,Earnings_and_losses,4,0.0075,1.6064
Military_operation,Cause_to_be_included,4,0.0075,0.4469
Damaging,Process_end,4,0.0075,1.6064
Destroying,Request,4,0.0075,0.8475
Bodily_harm,Removing,4,0.0075,1.2500
Openness,Motion,4,0.0075,4.9383
Defending,Come_together,4,0.0075,1.2384
Defending,Preserving,4,0.0075,1.2384
Placing,Request,4,0.0075,1.6064
Action,Legal_rulings,4,0.0075,1.0782
Response,Attack,4,0.0075,2.5316
Giving,Commerce_sell,4,0.0075,2.3810
Getting,Expansion,4,0.0075,1.1834
Motion,Scrutiny,4,0.0075,0.3084
Presence,Becoming,4,0.0075,0.7055
Presence,Preserving,4,0.0075,0.7055
Presence,Arriving,4,0.0075,0.7055
Presence,Change,4,0.0075,0.7055
Traveling,Reporting,4,0.0075,0.3735
Traveling,Use_firearm,4,0.0075,0.3735
Agree_or_refuse_to_act,Cause_change_of_position_on_a_scale,4,0.0075,1.5326
Arrest,Legality,4,0.0075,1.8779
Hindering,Process_end,4,0.0075,5.0000
Coming_to_be,Confronting_problem,4,0.0075,0.1120
Attack,Create_artwork,4,0.0075,0.0976
Sending,Know,4,0.0075,1.4981
Sending,Removing,4,0.0075,1.4981
Hostile_encounter,Manufacturing,4,0.0075,0.1278
Sending,Agree_or_refuse_to_act,4,0.0075,1.4981
Killing,Motion_directional,4,0.0075,0.4103
Communication,Destroying,4,0.0075,2.5478
Creating,Arranging,4,0.0075,0.6861
Bodily_harm,Prison,4,0.0075,1.2500
Killing,Writing,4,0.0075,0.4103
Attack,GetReady,4,0.0075,0.0976
Conquering,Legal_rulings,4,0.0075,0.5215
Sign_agreement,Choosing,4,0.0075,2.4540
Placing,Placing,4,0.0075,1.6064
Attack,Robbery,4,0.0075,0.0976
Military_operation,Hindering,4,0.0075,0.4469
Legal_rulings,Judgment_communication,4,0.0075,5.1948
Arranging,Damaging,4,0.0075,0.5242
Come_together,Statement,4,0.0075,1.8433
Filling,Death,4,0.0075,8.6957
Filling,Motion_directional,4,0.0075,8.6957
Being_in_operation,Statement,4,0.0075,3.2000
Attack,Legality,4,0.0075,0.0976
Coming_to_be,Traveling,4,0.0075,0.1120
Surrendering,Conquering,4,0.0075,4.5455
Supply,Conquering,4,0.0075,3.5714
Surrendering,Bringing,4,0.0075,4.5455
Hostile_encounter,Supply,4,0.0075,0.1278
Process_end,Surrendering,4,0.0075,1.3889
Receiving,Process_end,4,0.0075,4.2553
Know,Killing,4,0.0075,1.2945
Process_end,Hold,4,0.0075,1.3889
Building,Escaping,4,0.0075,3.1008
Sending,Testing,4,0.0075,1.4981
Becoming,Creating,4,0.0075,1.7621
Cause_to_make_progress,Name_conferral,4,0.0075,1.8868
Hold,Preserving,4,0.0075,0.6525
Death,Destroying,4,0.0075,0.8511
Request,Statement,4,0.0075,0.8753
Conquering,Name_conferral,4,0.0075,0.5215
Come_together,Motion_directional,4,0.0075,1.8433
Motion_directional,Connect,4,0.0075,1.1268
Receiving,Escaping,4,0.0075,4.2553
Motion_directional,Departing,4,0.0075,1.1268
Escaping,Temporary_stay,4,0.0075,1.1594
Self_motion,Creating,4,0.0075,0.5312
Conquering,Assistance,4,0.0075,0.5215
Motion_directional,Getting,4,0.0075,1.1268
Destroying,Placing,4,0.0075,0.8475
Building,Attack,4,0.0075,3.1008
Competition,Motion_directional,4,0.0075,0.2686
Competition,Check,4,0.0075,0.2686
Defending,Response,4,0.0075,1.2384
GetReady,Defending,4,0.0075,8.6957
Removing,Response,4,0.0075,2.0942
Giving,Defending,4,0.0075,2.3810
Motion_directional,Earnings_and_losses,4,0.0075,1.1268
Request,Cause_to_be_included,4,0.0075,0.8753
Change,Name_conferral,4,0.0075,1.7021
Preventing_or_letting,Becoming,4,0.0075,1.5564
Social_event,Arrest,4,0.0075,0.3132
Cause_to_amalgamate,Expansion,4,0.0075,3.1008
Warning,Arranging,4,0.0075,5.2632
Attack,Commerce_pay,4,0.0075,0.0976
Presence,Achieve,4,0.0075,0.7055
Attack,Come_together,4,0.0075,0.0976
Departing,Reporting,4,0.0075,1.6461
Recording,Recording,4,0.0075,8.8889
Coming_to_be,Supporting,4,0.0075,0.1120
Coming_to_be,GiveUp,4,0.0075,0.1120
Cause_to_amalgamate,Cause_change_of_strength,4,0.0075,3.1008
Cause_to_amalgamate,Self_motion,4,0.0075,3.1008
Know,Coming_to_believe,4,0.0075,1.2945
Legal_rulings,Statement,4,0.0075,5.1948
Committing_crime,Coming_to_believe,4,0.0075,1.4545
Becoming,Sending,4,0.0075,1.7621
Defending,Name_conferral,4,0.0075,1.2384
Choosing,Request,4,0.0075,1.3889
Assistance,Control,4,0.0075,2.6144
Process_end,Creating,4,0.0075,1.3889
Telling,Judgment_communication,4,0.0075,8.5106
Process_start,Rescuing,4,0.0075,0.3065
Motion,Supporting,4,0.0075,0.3084
Damaging,Hindering,4,0.0075,1.6064
Change,Self_motion,4,0.0075,1.7021
Warning,Motion,4,0.0075,5.2632
Placing,Surrendering,4,0.0075,1.6064
Warning,Self_motion,4,0.0075,5.2632
Use_firearm,Traveling,4,0.0075,0.5263
Recovering,Creating,4,0.0075,3.9216
Communication,Hindering,4,0.0075,2.5478
Expressing_publicly,Change_of_leadership,4,0.0075,1.6260
Competition,Reporting,4,0.0075,0.2686
Earnings_and_losses,Cause_change_of_position_on_a_scale,4,0.0075,1.2232
Building,Destroying,4,0.0075,3.1008
Process_start,Use_firearm,4,0.0075,0.3065
Destroying,Sending,4,0.0075,0.8475
Traveling,Change_of_leadership,4,0.0075,0.3735
Motion,Filling,4,0.0075,0.3084
Building,Conquering,4,0.0075,3.1008
Use_firearm,Agree_or_refuse_to_act,4,0.0075,0.5263
Change,Motion,4,0.0075,1.7021
Death,GiveUp,4,0.0075,0.8511
Use_firearm,Testing,4,0.0075,0.5263
Competition,Wearing,4,0.0075,0.2686
Death,Coming_to_be,4,0.0075,0.8511
Violence,Military_operation,4,0.0075,0.9195
Defending,Creating,4,0.0075,1.2384
Self_motion,Becoming_a_member,4,0.0075,0.5312
Action,Sending,4,0.0075,1.0782
Cause_change_of_strength,Conquering,4,0.0075,1.0127
Arriving,Filling,4,0.0075,0.5312
Process_start,Besieging,4,0.0075,0.3065
Connect,Damaging,4,0.0075,4.8780
Hostile_encounter,Releasing,4,0.0075,0.1278
Violence,Communication,4,0.0075,0.9195
Use_firearm,Violence,4,0.0075,0.5263
Receiving,Use_firearm,4,0.0075,4.2553
Criminal_investigation,Confronting_problem,4,0.0075,3.3613
Damaging,Arriving,4,0.0075,1.6064
Sending,Response,4,0.0075,1.4981
Presence,Deciding,4,0.0075,0.7055
Presence,Resolve_problem,4,0.0075,0.7055
Presence,Commerce_sell,4,0.0075,0.7055
Supply,Giving,4,0.0075,3.5714
Terrorism,Motion,4,0.0075,0.7018
Motion,Agree_or_refuse_to_act,4,0.0075,0.3084
Scrutiny,Statement,4,0.0075,4.5455
Sign_agreement,Arriving,4,0.0075,2.4540
Military_operation,Commerce_pay,4,0.0075,0.4469
Sign_agreement,Check,4,0.0075,2.4540
Sign_agreement,Surrendering,4,0.0075,2.4540
Sign_agreement,Recovering,4,0.0075,2.4540
Military_operation,Check,4,0.0075,0.4469
Getting,Surrendering,4,0.0075,1.1834
Change_event_time,Escaping,4,0.0075,5.6338
Military_operation,Exchange,4,0.0075,0.4469
Conquering,Check,4,0.0075,0.5215
Cause_to_make_progress,Arriving,4,0.0075,1.8868
Cause_to_make_progress,Creating,4,0.0075,1.8868
Education_teaching,Convincing,4,0.0075,5.9701
Killing,Convincing,4,0.0075,0.4103
Damaging,Surrendering,4,0.0075,1.6064
Arranging,Military_operation,4,0.0075,0.5242
Creating,Agree_or_refuse_to_act,4,0.0075,0.6861
Change,Presence,4,0.0075,1.7021
Change,Request,4,0.0075,1.7021
Removing,Creating,4,0.0075,2.0942
Cause_change_of_position_on_a_scale,Response,4,0.0075,1.0283
Supply,Response,4,0.0075,3.5714
Military_operation,Motion_directional,4,0.0075,0.4469
Bodily_harm,Recovering,4,0.0075,1.2500
Catastrophe,Commerce_pay,4,0.0075,0.0361
Conquering,Creating,4,0.0075,0.5215
Coming_to_be,Defending,4,0.0075,0.1120
Preventing_or_letting,Sending,4,0.0075,1.5564
Damaging,Coming_to_believe,4,0.0075,1.6064
Cause_to_make_progress,Hostile_encounter,4,0.0075,1.8868
Motion,Achieve,4,0.0075,0.3084
Removing,Killing,4,0.0075,2.0942
Sending,Defending,4,0.0075,1.4981
Connect,Preventing_or_letting,4,0.0075,4.8780
Defending,Hindering,4,0.0075,1.2384
Perception_active,Recovering,4,0.0075,4.4944
Killing,Reveal_secret,4,0.0075,0.4103
Killing,Hiding_objects,4,0.0075,0.4103
Competition,Manufacturing,4,0.0075,0.2686
Arriving,Expend_resource,4,0.0075,0.5312
Process_end,Presence,4,0.0075,1.3889
Traveling,Creating,4,0.0075,0.3735
Creating,Departing,4,0.0075,0.6861
Social_event,Departing,4,0.0075,0.3132
Motion,Cause_to_make_progress,4,0.0075,0.3084
Presence,Sending,4,0.0075,0.7055
Hindering,Bodily_harm,4,0.0075,5.0000
Terrorism,Placing,4,0.0075,0.7018
Terrorism,Expressing_publicly,4,0.0075,0.7018
Terrorism,Giving,4,0.0075,0.7018
Killing,Patrolling,4,0.0075,0.4103
Social_event,Come_together,4,0.0075,0.3132
Forming_relationships,Arriving,4,0.0075,8.5106
Education_teaching,Earnings_and_losses,4,0.0075,5.9701
Competition,Temporary_stay,4,0.0075,0.2686
Dispersal,Destroying,4,0.0075,4.2105
Sign_agreement,Change,4,0.0075,2.4540
Bodily_harm,Expressing_publicly,4,0.0075,1.2500
Research,Social_event,4,0.0075,13.7931
Use_firearm,Influence,4,0.0075,0.5263
Sending,Scrutiny,4,0.0075,1.4981
Publishing,Attack,4,0.0075,3.5088
Becoming,Dispersal,4,0.0075,1.7621
Creating,Placing,4,0.0075,0.6861
Expressing_publicly,Hold,4,0.0075,1.6260
Cause_to_make_progress,Cause_to_make_progress,4,0.0075,1.8868
Arriving,Bringing,4,0.0075,0.5312
Openness,Bodily_harm,4,0.0075,4.9383
Cause_to_amalgamate,Attack,4,0.0075,3.1008
Destroying,GiveUp,4,0.0075,0.8475
Killing,Hold,4,0.0075,0.4103
Research,Deciding,4,0.0075,13.7931
Statement,Convincing,4,0.0075,2.1164
Placing,Convincing,4,0.0075,1.6064
Process_start,Preserving,4,0.0075,0.3065
Presence,Publishing,4,0.0075,0.7055
Cause_to_make_progress,Influence,4,0.0075,1.8868
Protest,Resolve_problem,4,0.0075,3.3613
Protest,Agree_or_refuse_to_act,4,0.0075,3.3613
Protest,Achieve,4,0.0075,3.3613
Protest,Response,4,0.0075,3.3613
Damaging,Death,4,0.0075,1.6064
Creating,Protest,4,0.0075,0.6861
Expend_resource,Removing,4,0.0075,7.2727
Arranging,Presence,4,0.0075,0.5242
Traveling,Removing,4,0.0075,0.3735
Arriving,Expansion,4,0.0075,0.5312
Quarreling,Arriving,4,0.0075,3.6364
Quarreling,Departing,4,0.0075,3.6364
Confronting_problem,Death,4,0.0075,5.4795
Know,Creating,4,0.0075,1.2945
Becoming,Coming_to_be,4,0.0075,1.7621
Control,Earnings_and_losses,4,0.0075,1.1236
Manufacturing,Receiving,4,0.0075,2.9630
Hold,Achieve,4,0.0075,0.6525
Killing,Telling,4,0.0075,0.4103
Traveling,Influence,4,0.0075,0.3735
Escaping,Hold,4,0.0075,1.1594
Cause_to_make_progress,Achieve,3,0.0056,1.4151
Deciding,Self_motion,3,0.0056,1.5544
Arrest,Preventing_or_letting,3,0.0056,1.4085
Death,Check,3,0.0056,0.6383
Risk,Escaping,3,0.0056,20.0000
Risk,Attack,3,0.0056,20.0000
Motion,Defending,3,0.0056,0.2313
Deciding,Defending,3,0.0056,1.5544
Hindering,Death,3,0.0056,3.7500
Criminal_investigation,Removing,3,0.0056,2.5210
Criminal_investigation,Criminal_investigation,3,0.0056,2.5210
Sending,Supply,3,0.0056,1.1236
Removing,Supply,3,0.0056,1.5707
Reveal_secret,Statement,3,0.0056,9.6774
Process_end,Change_event_time,3,0.0056,1.0417
Motion_directional,Recording,3,0.0056,0.8451
Agree_or_refuse_to_act,Coming_to_be,3,0.0056,1.1494
Bodily_harm,Departing,3,0.0056,0.9375
Process_end,Expansion,3,0.0056,1.0417
Building,Creating,3,0.0056,2.3256
Catastrophe,Labeling,3,0.0056,0.0270
Deciding,Request,3,0.0056,1.5544
Process_end,Judgment_communication,3,0.0056,1.0417
Death,Motion,3,0.0056,0.6383
Dispersal,Cause_change_of_position_on_a_scale,3,0.0056,3.1579
Statement,Expressing_publicly,3,0.0056,1.5873
Arranging,Sending,3,0.0056,0.3932
Control,Supporting,3,0.0056,0.8427
Social_event,Control,3,0.0056,0.2349
Earnings_and_losses,Revenge,3,0.0056,0.9174
Process_start,Legal_rulings,3,0.0056,0.2299
Competition,Quarreling,3,0.0056,0.2015
Process_start,Quarreling,3,0.0056,0.2299
Motion,Quarreling,3,0.0056,0.2313
Quarreling,Legal_rulings,3,0.0056,2.7273
Competition,Control,3,0.0056,0.2015
Conquering,Releasing,3,0.0056,0.3911
Receiving,Motion,3,0.0056,3.1915
Hiding_objects,Hindering,3,0.0056,12.5000
Death,Cause_change_of_strength,3,0.0056,0.6383
Ratification,Process_end,3,0.0056,15.0000
Building,Competition,3,0.0056,2.3256
Coming_to_be,Award,3,0.0056,0.0840
Coming_to_be,Legal_rulings,3,0.0056,0.0840
Assistance,Removing,3,0.0056,1.9608
Bodily_harm,Rescuing,3,0.0056,0.9375
Building,Change,3,0.0056,2.3256
Bringing,Change_of_leadership,3,0.0056,2.2556
Forming_relationships,Manufacturing,3,0.0056,6.3830
Know,Response,3,0.0056,0.9709
Escaping,GiveUp,3,0.0056,0.8696
Bodily_harm,Change_of_leadership,3,0.0056,0.9375
Influence,Traveling,3,0.0056,1.3953
Cause_to_amalgamate,Damaging,3,0.0056,2.3256
Cause_to_amalgamate,Hostile_encounter,3,0.0056,2.3256
Becoming,Escaping,3,0.0056,1.3216
Agree_or_refuse_to_act,Hold,3,0.0056,1.1494
Bringing,Statement,3,0.0056,2.2556
Statement,Attack,3,0.0056,1.5873
Convincing,Sending,3,0.0056,3.1915
Preventing_or_letting,Hostile_encounter,3,0.0056,1.1673
Know,Escaping,3,0.0056,0.9709
Preventing_or_letting,Arranging,3,0.0056,1.1673
Self_motion,Action,3,0.0056,0.3984
Hold,Coming_to_be,3,0.0056,0.4894
Bringing,Supporting,3,0.0056,2.2556
Criminal_investigation,Reveal_secret,3,0.0056,2.5210
Criminal_investigation,Expressing_publicly,3,0.0056,2.5210
Know,Earnings_and_losses,3,0.0056,0.9709
Removing,Arranging,3,0.0056,1.5707
Removing,Defending,3,0.0056,1.5707
Know,Defending,3,0.0056,0.9709
Departing,Deciding,3,0.0056,1.2346
Cause_change_of_position_on_a_scale,Emptying,3,0.0056,0.7712
Response,Death,3,0.0056,1.8987
Preventing_or_letting,Cause_change_of_position_on_a_scale,3,0.0056,1.1673
Building,Preventing_or_letting,3,0.0056,2.3256
Creating,Emptying,3,0.0056,0.5146
Testing,Killing,3,0.0056,1.9737
Arriving,Communication,3,0.0056,0.3984
Arriving,Change_sentiment,3,0.0056,0.3984
Influence,Process_end,3,0.0056,1.3953
Bringing,Process_end,3,0.0056,2.2556
Arrest,Use_firearm,3,0.0056,1.4085
Deciding,Preventing_or_letting,3,0.0056,1.5544
Conquering,Commerce_pay,3,0.0056,0.3911
Change,Coming_to_believe,3,0.0056,1.2766
Check,Process_end,3,0.0056,4.9180
Coming_to_be,Scrutiny,3,0.0056,0.0840
Commitment,Legal_rulings,3,0.0056,6.5217
Becoming,Death,3,0.0056,1.3216
Change_event_time,Action,3,0.0056,4.2254
Change_event_time,Change_event_time,3,0.0056,4.2254
Deciding,Recovering,3,0.0056,1.5544
Judgment_communication,Agree_or_refuse_to_act,3,0.0056,1.2195
Military_operation,Military_operation,3,0.0056,0.3352
Agree_or_refuse_to_act,Commerce_pay,3,0.0056,1.1494
Getting,Sending,3,0.0056,0.8876
Presence,Action,3,0.0056,0.5291
Presence,Telling,3,0.0056,0.5291
Sign_agreement,Attack,3,0.0056,1.8405
Assistance,Self_motion,3,0.0056,1.9608
Resolve_problem,Self_motion,3,0.0056,10.7143
Recovering,Self_motion,3,0.0056,2.9412
Influence,Recording,3,0.0056,1.3953
Motion,Check,3,0.0056,0.2313
Sending,Legal_rulings,3,0.0056,1.1236
Becoming_a_member,Getting,3,0.0056,3.7037
Influence,Bringing,3,0.0056,1.3953
Becoming_a_member,Choosing,3,0.0056,3.7037
Request,Writing,3,0.0056,0.6565
Becoming_a_member,Destroying,3,0.0056,3.7037
Sending,Death,3,0.0056,1.1236
Sending,Change,3,0.0056,1.1236
Use_firearm,Change,3,0.0056,0.3947
Cause_to_amalgamate,Destroying,3,0.0056,2.3256
Statement,Giving,3,0.0056,1.5873
Connect,Reporting,3,0.0056,3.6585
Destroying,Motion_directional,3,0.0056,0.6356
Preventing_or_letting,Use_firearm,3,0.0056,1.1673
Communication,Getting,3,0.0056,1.9108
Conquering,Forming_relationships,3,0.0056,0.3911
Agree_or_refuse_to_act,Arriving,3,0.0056,1.1494
Kidnapping,Convincing,3,0.0056,1.6216
Convincing,Motion,3,0.0056,3.1915
Coming_to_believe,Legal_rulings,3,0.0056,6.1224
Kidnapping,Destroying,3,0.0056,1.6216
Kidnapping,Prison,3,0.0056,1.6216
Kidnapping,Reveal_secret,3,0.0056,1.6216
Killing,Hostile_encounter,3,0.0056,0.3077
Presence,Scrutiny,3,0.0056,0.5291
Kidnapping,Criminal_investigation,3,0.0056,1.6216
Kidnapping,Statement,3,0.0056,1.6216
Arrest,Giving,3,0.0056,1.4085
Kidnapping,Attack,3,0.0056,1.6216
Arrest,Request,3,0.0056,1.4085
Committing_crime,Giving,3,0.0056,1.0909
Presence,Convincing,3,0.0056,0.5291
Removing,Arrest,3,0.0056,1.5707
Motion,Connect,3,0.0056,0.2313
Hold,Placing,3,0.0056,0.4894
Hold,Award,3,0.0056,0.4894
Agree_or_refuse_to_act,Judgment_communication,3,0.0056,1.1494
Rescuing,Assistance,3,0.0056,7.6923
Becoming_a_member,Arriving,3,0.0056,3.7037
Change_of_leadership,Request,3,0.0056,0.5310
Presence,Control,3,0.0056,0.5291
Escaping,Bringing,3,0.0056,0.8696
Being_in_operation,Placing,3,0.0056,2.4000
Process_start,Ingestion,3,0.0056,0.2299
Choosing,Social_event,3,0.0056,1.0417
Choosing,Receiving,3,0.0056,1.0417
Getting,Becoming_a_member,3,0.0056,0.8876
Influence,Check,3,0.0056,1.3953
Process_end,Catastrophe,3,0.0056,1.0417
Response,Escaping,3,0.0056,1.8987
Coming_to_be,Scouring,3,0.0056,0.0840
Killing,Expansion,3,0.0056,0.3077
Killing,Employment,3,0.0056,0.3077
Defending,Agree_or_refuse_to_act,3,0.0056,0.9288
Hostile_encounter,Telling,3,0.0056,0.0959
Hold,Resolve_problem,3,0.0056,0.4894
Removing,Giving,3,0.0056,1.5707
Judgment_communication,Sending,3,0.0056,1.2195
GiveUp,Self_motion,3,0.0056,4.9180
Earnings_and_losses,Coming_to_be,3,0.0056,0.9174
Violence,Expressing_publicly,3,0.0056,0.6897
Military_operation,Arranging,3,0.0056,0.3352
Arriving,Becoming_a_member,3,0.0056,0.3984
Motion,Hiding_objects,3,0.0056,0.2313
Control,Removing,3,0.0056,0.8427
Competition,Expansion,3,0.0056,0.2015
Killing,Recording,3,0.0056,0.3077
Creating,Motion_directional,3,0.0056,0.5146
Change_of_leadership,Kidnapping,3,0.0056,0.5310
Coming_to_be,Response,3,0.0056,0.0840
Cause_to_amalgamate,Cause_change_of_position_on_a_scale,3,0.0056,2.3256
Sign_agreement,Becoming,3,0.0056,1.8405
Defending,Self_motion,3,0.0056,0.9288
Arranging,Catastrophe,3,0.0056,0.3932
Communication,Arriving,3,0.0056,1.9108
Defending,Commitment,3,0.0056,0.9288
Expend_resource,Destroying,3,0.0056,5.4545
Motion_directional,Choosing,3,0.0056,0.8451
Criminal_investigation,Check,3,0.0056,2.5210
Motion_directional,Reporting,3,0.0056,0.8451
Motion_directional,Rescuing,3,0.0056,0.8451
Expressing_publicly,Killing,3,0.0056,1.2195
Testing,Perception_active,3,0.0056,1.9737
Influence,Process_start,3,0.0056,1.3953
Choosing,Influence,3,0.0056,1.0417
Incident,Recovering,3,0.0056,16.6667
Incident,Process_end,3,0.0056,16.6667
Incident,Deciding,3,0.0056,16.6667
Incident,Bringing,3,0.0056,16.6667
Death,Cause_to_amalgamate,3,0.0056,0.6383
Dispersal,Catastrophe,3,0.0056,3.1579
Recording,Process_end,3,0.0056,6.6667
Know,Bringing,3,0.0056,0.9709
Escaping,Getting,3,0.0056,0.8696
Escaping,Come_together,3,0.0056,0.8696
Change,Bringing,3,0.0056,1.2766
Employment,Conquering,3,0.0056,7.1429
Rite,Placing,3,0.0056,16.6667
Earnings_and_losses,Know,3,0.0056,0.9174
Creating,Publishing,3,0.0056,0.5146
Request,Come_together,3,0.0056,0.6565
Judgment_communication,Scrutiny,3,0.0056,1.2195
Forming_relationships,Self_motion,3,0.0056,6.3830
Destroying,Getting,3,0.0056,0.6356
Know,Deciding,3,0.0056,0.9709
Motion,Having_or_lacking_access,3,0.0056,0.2313
Confronting_problem,Surrendering,3,0.0056,4.1096
Killing,Self_motion,3,0.0056,0.3077
Sign_agreement,Cause_to_amalgamate,3,0.0056,1.8405
Choosing,Agree_or_refuse_to_act,3,0.0056,1.0417
Agree_or_refuse_to_act,Building,3,0.0056,1.1494
Catastrophe,Legality,3,0.0056,0.0270
Cause_change_of_position_on_a_scale,Influence,3,0.0056,0.7712
Achieve,Cause_change_of_strength,3,0.0056,6.6667
Influence,Publishing,3,0.0056,1.3953
Control,Becoming,3,0.0056,0.8427
Placing,Escaping,3,0.0056,1.2048
Hold,Influence,3,0.0056,0.4894
Influence,Action,3,0.0056,1.3953
Departing,Departing,3,0.0056,1.2346
Becoming,Hindering,3,0.0056,1.3216
Departing,Receiving,3,0.0056,1.2346
Influence,Becoming,3,0.0056,1.3953
Placing,Arrest,3,0.0056,1.2048
Arrest,Prison,3,0.0056,1.4085
Come_together,Communication,3,0.0056,1.3825
Quarreling,Sending,3,0.0056,2.7273
Quarreling,Agree_or_refuse_to_act,3,0.0056,2.7273
Agree_or_refuse_to_act,Statement,3,0.0056,1.1494
Giving,Scrutiny,3,0.0056,1.7857
Process_start,Deciding,3,0.0056,0.2299
Hold,Defending,3,0.0056,0.4894
Communication,Communication,3,0.0056,1.9108
Motion_directional,Preventing_or_letting,3,0.0056,0.8451
Presence,Change_sentiment,3,0.0056,0.5291
Motion,Giving,3,0.0056,0.2313
Limiting,Preventing_or_letting,3,0.0056,21.4286
Killing,Change_sentiment,3,0.0056,0.3077
Destroying,Coming_to_be,3,0.0056,0.6356
Recovering,Death,3,0.0056,2.9412
Giving,Judgment_communication,3,0.0056,1.7857
Giving,Death,3,0.0056,1.7857
Perception_active,Becoming,3,0.0056,3.3708
Influence,Assistance,3,0.0056,1.3953
Influence,Hold,3,0.0056,1.3953
Assistance,Bringing,3,0.0056,1.9608
Process_end,Bringing,3,0.0056,1.0417
Hold,Connect,3,0.0056,0.4894
Self_motion,Expressing_publicly,3,0.0056,0.3984
Self_motion,Request,3,0.0056,0.3984
Criminal_investigation,Request,3,0.0056,2.5210
Use_firearm,Rescuing,3,0.0056,0.3947
Cause_change_of_strength,Coming_to_be,3,0.0056,0.7595
Recovering,Supply,3,0.0056,2.9412
Departing,Becoming_a_member,3,0.0056,1.2346
Receiving,Placing,3,0.0056,3.1915
Bodily_harm,Request,3,0.0056,0.9375
Process_end,Cause_change_of_strength,3,0.0056,1.0417
Agree_or_refuse_to_act,Change_of_leadership,3,0.0056,1.1494
Removing,Change_of_leadership,3,0.0056,1.5707
Departing,Motion_directional,3,0.0056,1.2346
Becoming,Deciding,3,0.0056,1.3216
Process_end,Reporting,3,0.0056,1.0417
Expressing_publicly,Creating,3,0.0056,1.2195
Expressing_publicly,Commerce_sell,3,0.0056,1.2195
Arranging,Manufacturing,3,0.0056,0.3932
Preventing_or_letting,Action,3,0.0056,1.1673
Preventing_or_letting,Recovering,3,0.0056,1.1673
Hindering,Earnings_and_losses,3,0.0056,3.7500
Commerce_pay,Attack,3,0.0056,10.7143
Bringing,Expressing_publicly,3,0.0056,2.2556
Motion,Change_of_leadership,3,0.0056,0.2313
Revenge,Attack,3,0.0056,16.6667
Revenge,Bodily_harm,3,0.0056,16.6667
Filling,Killing,3,0.0056,6.5217
Filling,Bodily_harm,3,0.0056,6.5217
Creating,Sign_agreement,3,0.0056,0.5146
Quarreling,Creating,3,0.0056,2.7273
Request,Choosing,3,0.0056,0.6565
Departing,Destroying,3,0.0056,1.2346
Deciding,Arriving,3,0.0056,1.5544
Arriving,Choosing,3,0.0056,0.3984
Know,Choosing,3,0.0056,0.9709
Attack,Choosing,3,0.0056,0.0732
Communication,Choosing,3,0.0056,1.9108
Communication,Attack,3,0.0056,1.9108
Statement,Destroying,3,0.0056,1.5873
Sending,Warning,3,0.0056,1.1236
Departing,Creating,3,0.0056,1.2346
Cause_to_amalgamate,Creating,3,0.0056,2.3256
Terrorism,Coming_to_believe,3,0.0056,0.5263
Deciding,Change,3,0.0056,1.5544
Process_start,Connect,3,0.0056,0.2299
Request,Communication,3,0.0056,0.6565
Bodily_harm,Hindering,3,0.0056,0.9375
Hold,Expend_resource,3,0.0056,0.4894
Action,Check,3,0.0056,0.8086
Receiving,Commerce_buy,3,0.0056,3.1915
Kidnapping,Process_end,3,0.0056,1.6216
Kidnapping,Rescuing,3,0.0056,1.6216
Becoming,Request,3,0.0056,1.3216
Scrutiny,Check,3,0.0056,3.4091
Departing,Preventing_or_letting,3,0.0056,1.2346
Publishing,Hold,3,0.0056,2.6316
Emptying,Damaging,3,0.0056,7.5000
Know,Presence,3,0.0056,0.9709
Getting,Choosing,3,0.0056,0.8876
Judgment_communication,Releasing,3,0.0056,1.2195
Know,Releasing,3,0.0056,0.9709
Know,Expressing_publicly,3,0.0056,0.9709
Know,Communication,3,0.0056,0.9709
Choosing,Destroying,3,0.0056,1.0417
Come_together,Come_together,3,0.0056,1.3825
Escaping,Sending,3,0.0056,0.8696
Releasing,Rewards_and_punishments,3,0.0056,8.8235
Releasing,Sending,3,0.0056,8.8235
Arriving,Temporary_stay,3,0.0056,0.3984
Publishing,Cause_change_of_position_on_a_scale,3,0.0056,2.6316
Response,Action,3,0.0056,1.8987
Request,Dispersal,3,0.0056,0.6565
Expressing_publicly,Self_motion,3,0.0056,1.2195
Connect,Attack,3,0.0056,3.6585
Creating,Change_of_leadership,3,0.0056,0.5146
Statement,Check,3,0.0056,1.5873
Protest,Protest,3,0.0056,2.5210
Protest,Creating,3,0.0056,2.5210
Warning,Attack,3,0.0056,3.9474
Supporting,Receiving,3,0.0056,2.1739
Supporting,Process_end,3,0.0056,2.1739
Process_start,Name_conferral,3,0.0056,0.2299
Use_firearm,Response,3,0.0056,0.3947
Hostile_encounter,Temporary_stay,3,0.0056,0.0959
Submitting_documents,Preventing_or_letting,3,0.0056,13.6364
Change,Process_end,3,0.0056,1.2766
Process_end,Process_start,3,0.0056,1.0417
Change_event_time,Process_end,3,0.0056,4.2254
Supporting,Bodily_harm,3,0.0056,2.1739
Change,Motion_directional,3,0.0056,1.2766
Killing,Justifying,3,0.0056,0.3077
Deciding,Control,3,0.0056,1.5544
Change_event_time,Motion,3,0.0056,4.2254
Statement,Change,3,0.0056,1.5873
Hold,Traveling,3,0.0056,0.4894
Action,Perception_active,3,0.0056,0.8086
Testing,Expressing_publicly,3,0.0056,1.9737
Hold,Agree_or_refuse_to_act,3,0.0056,0.4894
Hold,Protest,3,0.0056,0.4894
Action,Agree_or_refuse_to_act,3,0.0056,0.8086
Coming_to_believe,Request,3,0.0056,6.1224
Request,Check,3,0.0056,0.6565
Giving,Know,3,0.0056,1.7857
Agree_or_refuse_to_act,Change_event_time,3,0.0056,1.1494
Competition,Damaging,3,0.0056,0.2015
Cause_change_of_position_on_a_scale,Change_of_leadership,3,0.0056,0.7712
Preventing_or_letting,Process_start,3,0.0056,1.1673
Filling,Motion,3,0.0056,6.5217
Conquering,Military_operation,3,0.0056,0.3911
Defending,Departing,3,0.0056,0.9288
Defending,Sending,3,0.0056,0.9288
Destroying,Research,3,0.0056,0.6356
Destroying,Choosing,3,0.0056,0.6356
Motion_directional,Change,3,0.0056,0.8451
Kidnapping,Death,3,0.0056,1.6216
Communication,Military_operation,3,0.0056,1.9108
Hindering,Cause_change_of_position_on_a_scale,3,0.0056,3.7500
Request,Expressing_publicly,3,0.0056,0.6565
Defending,Presence,3,0.0056,0.9288
Earnings_and_losses,Damaging,3,0.0056,0.9174
Killing,Conquering,3,0.0056,0.3077
Removing,Sending,3,0.0056,1.5707
Telling,Rewards_and_punishments,3,0.0056,6.3830
Process_start,Rewards_and_punishments,3,0.0056,0.2299
Social_event,Labeling,3,0.0056,0.2349
Perception_active,Reporting,3,0.0056,3.3708
Cause_to_make_progress,Process_start,3,0.0056,1.4151
Killing,Coming_to_be,3,0.0056,0.3077
Choosing,Use_firearm,3,0.0056,1.0417
Choosing,Hindering,3,0.0056,1.0417
Placing,Expressing_publicly,3,0.0056,1.2048
Judgment_communication,Check,3,0.0056,1.2195
Judgment_communication,Use_firearm,3,0.0056,1.2195
Choosing,Hiding_objects,3,0.0056,1.0417
Judgment_communication,Hiding_objects,3,0.0056,1.2195
Getting,Check,3,0.0056,0.8876
Judgment_communication,Creating,3,0.0056,1.2195
Choosing,Death,3,0.0056,1.0417
Request,Receiving,3,0.0056,0.6565
Arrest,Coming_to_be,3,0.0056,1.4085
Check,Coming_to_believe,3,0.0056,4.9180
Presence,Check,3,0.0056,0.5291
Statement,Know,3,0.0056,1.5873
Motion,Criminal_investigation,3,0.0056,0.2313
Carry_goods,Killing,3,0.0056,18.7500
Coming_to_be,Education_teaching,3,0.0056,0.0840
Creating,Manufacturing,3,0.0056,0.5146
Surrounding,Killing,3,0.0056,9.0909
Expansion,Cause_change_of_position_on_a_scale,3,0.0056,3.8961
Arranging,Agree_or_refuse_to_act,3,0.0056,0.3932
Conquering,Legality,3,0.0056,0.3911
Military_operation,Cause_change_of_position_on_a_scale,3,0.0056,0.3352
Earnings_and_losses,Giving,3,0.0056,0.9174
Violence,Escaping,3,0.0056,0.6897
Kidnapping,Placing,3,0.0056,1.6216
Giving,Getting,3,0.0056,1.7857
Bodily_harm,Hostile_encounter,3,0.0056,0.9375
Death,Hostile_encounter,3,0.0056,0.6383
Change,Departing,3,0.0056,1.2766
Hold,Name_conferral,3,0.0056,0.4894
Body_movement,Perception_active,3,0.0056,3.3708
Creating,Request,3,0.0056,0.5146
Resolve_problem,Process_end,3,0.0056,10.7143
Cause_change_of_position_on_a_scale,Assistance,3,0.0056,0.7712
Cause_change_of_position_on_a_scale,Hindering,3,0.0056,0.7712
Preventing_or_letting,Temporary_stay,3,0.0056,1.1673
Building,Supply,3,0.0056,2.3256
Body_movement,Preventing_or_letting,3,0.0056,3.3708
Body_movement,Earnings_and_losses,3,0.0056,3.3708
Motion,Body_movement,3,0.0056,0.2313
Creating,Achieve,3,0.0056,0.5146
Use_firearm,Cause_to_make_progress,3,0.0056,0.3947
Motion_directional,Dispersal,3,0.0056,0.8451
Removing,Destroying,3,0.0056,1.5707
Removing,Bodily_harm,3,0.0056,1.5707
Use_firearm,Robbery,3,0.0056,0.3947
Communication,Surrendering,3,0.0056,1.9108
Supporting,Statement,3,0.0056,2.1739
Killing,GiveUp,3,0.0056,0.3077
Departing,Recovering,3,0.0056,1.2346
Action,Self_motion,3,0.0056,0.8086
Action,Becoming,3,0.0056,0.8086
Action,Emptying,3,0.0056,0.8086
Action,Criminal_investigation,3,0.0056,0.8086
Self_motion,Legal_rulings,3,0.0056,0.3984
Death,Presence,3,0.0056,0.6383
Placing,Creating,3,0.0056,1.2048
Submitting_documents,Choosing,3,0.0056,13.6364
Cause_to_make_progress,Giving,3,0.0056,1.4151
Deciding,Emptying,3,0.0056,1.5544
Damaging,Agree_or_refuse_to_act,3,0.0056,1.2048
Damaging,Legal_rulings,3,0.0056,1.2048
Know,Arranging,3,0.0056,0.9709
Arranging,Besieging,3,0.0056,0.3932
Presence,Building,3,0.0056,0.5291
Presence,Coming_to_be,3,0.0056,0.5291
Expressing_publicly,Action,3,0.0056,1.2195
Name_conferral,Preventing_or_letting,3,0.0056,10.7143
Creating,Filling,3,0.0056,0.5146
Giving,Competition,3,0.0056,1.7857
Defending,Social_event,3,0.0056,0.9288
Defending,Bringing,3,0.0056,0.9288
Removing,Bringing,3,0.0056,1.5707
Openness,Perception_active,3,0.0056,3.7037
Expressing_publicly,Bringing,3,0.0056,1.2195
Removing,Expressing_publicly,3,0.0056,1.5707
Cause_change_of_position_on_a_scale,Request,3,0.0056,0.7712
Arranging,Legal_rulings,3,0.0056,0.3932
Escaping,Surrendering,3,0.0056,0.8696
Supporting,Request,3,0.0056,2.1739
Surrendering,Arrest,3,0.0056,3.4091
Scrutiny,Use_firearm,3,0.0056,3.4091
Scouring,Destroying,3,0.0056,13.6364
Assistance,Assistance,3,0.0056,1.9608
Creating,Assistance,3,0.0056,0.5146
Recovering,Cause_change_of_strength,3,0.0056,2.9412
Agree_or_refuse_to_act,Achieve,3,0.0056,1.1494
Earnings_and_losses,Building,3,0.0056,0.9174
Deciding,Sending,3,0.0056,1.5544
Process_end,Deciding,3,0.0056,1.0417
Convincing,Conquering,3,0.0056,3.1915
Escaping,Change_of_leadership,3,0.0056,0.8696
Escaping,Expressing_publicly,3,0.0056,0.8696
Arranging,Request,3,0.0056,0.3932
Hold,Besieging,3,0.0056,0.4894
Cause_change_of_position_on_a_scale,Agree_or_refuse_to_act,3,0.0056,0.7712
Scrutiny,Agree_or_refuse_to_act,3,0.0056,3.4091
Expressing_publicly,Social_event,3,0.0056,1.2195
Cause_change_of_position_on_a_scale,Cause_to_make_progress,3,0.0056,0.7712
Rescuing,Preventing_or_letting,3,0.0056,7.6923
Sending,Confronting_problem,3,0.0056,1.1236
Rescuing,Telling,3,0.0056,7.6923
Surrendering,Removing,3,0.0056,3.4091
Sending,Rescuing,3,0.0056,1.1236
Rescuing,Create_artwork,3,0.0056,7.6923
Process_end,Arrest,3,0.0056,1.0417
Process_end,Use_firearm,3,0.0056,1.0417
Arriving,Action,3,0.0056,0.3984
Creating,Reporting,3,0.0056,0.5146
Getting,Change,3,0.0056,0.8876
Social_event,Testing,3,0.0056,0.2349
Hold,Action,3,0.0056,0.4894
Employment,Defending,3,0.0056,7.1429
Action,Response,3,0.0056,0.8086
Change_of_leadership,Writing,3,0.0056,0.5310
Protest,Killing,3,0.0056,2.5210
Change_of_leadership,Building,3,0.0056,0.5310
Change_of_leadership,Supporting,3,0.0056,0.5310
Self_motion,Becoming,3,0.0056,0.3984
Besieging,Control,3,0.0056,1.1364
Military_operation,Education_teaching,3,0.0056,0.3352
Deciding,Agree_or_refuse_to_act,3,0.0056,1.5544
Catastrophe,Incident,3,0.0056,0.0270
Motion,Expend_resource,3,0.0056,0.2313
Destroying,Agree_or_refuse_to_act,3,0.0056,0.6356
Deciding,Sign_agreement,3,0.0056,1.5544
Request,Cause_to_amalgamate,3,0.0056,0.6565
Creating,Cause_to_be_included,3,0.0056,0.5146
Cause_change_of_strength,Arranging,3,0.0056,0.7595
Becoming,Arrest,3,0.0056,1.3216
Come_together,Openness,3,0.0056,1.3825
Defending,Escaping,3,0.0056,0.9288
Conquering,Change,3,0.0056,0.3911
Bringing,Arriving,3,0.0056,2.2556
Damaging,Action,3,0.0056,1.2048
Earnings_and_losses,Control,3,0.0056,0.9174
Assistance,Sending,3,0.0056,1.9608
Statement,Coming_to_be,3,0.0056,1.5873
Request,Death,3,0.0056,0.6565
Placing,Supporting,3,0.0056,1.2048
Supporting,Legal_rulings,3,0.0056,2.1739
Supporting,Defending,3,0.0056,2.1739
Placing,Action,3,0.0056,1.2048
Killing,Cause_change_of_strength,3,0.0056,0.3077
Forming_relationships,Arranging,3,0.0056,6.3830
Assistance,Commerce_buy,3,0.0056,1.9608
Judgment_communication,Motion,3,0.0056,1.2195
Process_end,Expressing_publicly,3,0.0056,1.0417
Expressing_publicly,Surrendering,3,0.0056,1.2195
Surrendering,Earnings_and_losses,3,0.0056,3.4091
Hostile_encounter,Reforming_a_system,3,0.0056,0.0959
Cause_change_of_position_on_a_scale,Surrendering,3,0.0056,0.7712
Change,Change_of_leadership,3,0.0056,1.2766
Building,Hostile_encounter,3,0.0056,2.3256
Sending,Receiving,3,0.0056,1.1236
Judgment_communication,Giving,3,0.0056,1.2195
Openness,Hindering,3,0.0056,3.7037
Hostile_encounter,Exchange,3,0.0056,0.0959
Action,Expressing_publicly,3,0.0056,0.8086
Social_event,Motion_directional,3,0.0056,0.2349
Self_motion,Emptying,3,0.0056,0.3984
Research,Know,3,0.0056,10.3448
Process_start,Robbery,3,0.0056,0.2299
Expressing_publicly,Come_together,3,0.0056,1.2195
Death,Preventing_or_letting,3,0.0056,0.6383
Killing,Arriving,3,0.0056,0.3077
Revenge,Killing,3,0.0056,16.6667
Destroying,Defending,3,0.0056,0.6356
Come_together,Cause_change_of_strength,3,0.0056,1.3825
Come_together,Arranging,3,0.0056,1.3825
Come_together,Cause_to_make_progress,3,0.0056,1.3825
Come_together,Coming_to_be,3,0.0056,1.3825
Placing,Control,3,0.0056,1.2048
Defending,Recording,3,0.0056,0.9288
Defending,Control,3,0.0056,0.9288
Motion_directional,Removing,3,0.0056,0.8451
Self_motion,Removing,3,0.0056,0.3984
Check,Social_event,3,0.0056,4.9180
Check,Judgment_communication,3,0.0056,4.9180
Check,Statement,3,0.0056,4.9180
Departing,Cause_change_of_position_on_a_scale,3,0.0056,1.2346
Judgment_communication,Committing_crime,3,0.0056,1.2195
Forming_relationships,Catastrophe,3,0.0056,6.3830
Control,Departing,3,0.0056,0.8427
Violence,Giving,3,0.0056,0.6897
Escaping,Robbery,3,0.0056,0.8696
Hostile_encounter,Commerce_buy,3,0.0056,0.0959
Departing,Robbery,3,0.0056,1.2346
Sending,Action,3,0.0056,1.1236
Giving,Attack,3,0.0056,1.7857
Process_end,GetReady,3,0.0056,1.0417
Deciding,Getting,3,0.0056,1.5544
Cause_change_of_position_on_a_scale,Coming_to_believe,3,0.0056,0.7712
Giving,Cause_change_of_position_on_a_scale,3,0.0056,1.7857
Conquering,Catastrophe,3,0.0056,0.3911
Escaping,Earnings_and_losses,3,0.0056,0.8696
Cause_to_be_included,Attack,3,0.0056,8.8235
Come_together,Presence,3,0.0056,1.3825
Assistance,Expressing_publicly,3,0.0056,1.9608
Bodily_harm,Confronting_problem,3,0.0056,0.9375
Hostile_encounter,Kidnapping,3,0.0056,0.0959
Motion,Competition,3,0.0056,0.2313
Motion,Emptying,3,0.0056,0.2313
Deciding,Social_event,3,0.0056,1.5544
Deciding,Hold,3,0.0056,1.5544
Action,Damaging,3,0.0056,0.8086
Process_end,Bodily_harm,3,0.0056,1.0417
Motion,Receiving,3,0.0056,0.2313
Bringing,Departing,3,0.0056,2.2556
Placing,Hold,3,0.0056,1.2048
Statement,Creating,3,0.0056,1.5873
Know,Cause_change_of_strength,3,0.0056,0.9709
Motion,Change_event_time,3,0.0056,0.2313
Coming_to_be,Reforming_a_system,3,0.0056,0.0840
Hostile_encounter,Cause_to_amalgamate,3,0.0056,0.0959
Expansion,Process_end,3,0.0056,3.8961
Building,Expansion,3,0.0056,2.3256
Commerce_sell,Commerce_sell,3,0.0056,4.4118
Coming_to_be,Social_event,3,0.0056,0.0840
Attack,Manufacturing,3,0.0056,0.0732
Achieve,Change,3,0.0056,6.6667
Cause_change_of_position_on_a_scale,Reporting,3,0.0056,0.7712
Cause_change_of_position_on_a_scale,Achieve,3,0.0056,0.7712
Bodily_harm,Preventing_or_letting,3,0.0056,0.9375
Assistance,Preventing_or_letting,3,0.0056,1.9608
Besieging,Sending,3,0.0056,1.1364
Social_event,Arranging,3,0.0056,0.2349
Arranging,Supporting,3,0.0056,0.3932
Arriving,Supporting,3,0.0056,0.3984
Sending,Assistance,3,0.0056,1.1236
Change,Confronting_problem,3,0.0056,1.2766
Being_in_operation,Death,3,0.0056,2.4000
Becoming,Earnings_and_losses,3,0.0056,1.3216
Being_in_operation,Criminal_investigation,3,0.0056,2.4000
Arranging,Scrutiny,3,0.0056,0.3932
Supporting,Escaping,3,0.0056,2.1739
Warning,Rescuing,3,0.0056,3.9474
Arranging,Surrendering,3,0.0056,0.3932
Expend_resource,Surrendering,3,0.0056,5.4545
Presence,Change_of_leadership,3,0.0056,0.5291
Know,Scrutiny,3,0.0056,0.9709
Change,Escaping,3,0.0056,1.2766
Death,Traveling,3,0.0056,0.6383
Traveling,Attack,3,0.0056,0.2801
Expressing_publicly,Escaping,3,0.0056,1.2195
Presence,Filling,3,0.0056,0.5291
Manufacturing,Earnings_and_losses,3,0.0056,2.2222
Response,Hold,3,0.0056,1.8987
Assistance,Process_start,3,0.0056,1.9608
Process_end,Building,3,0.0056,1.0417
Dispersal,Judgment_communication,3,0.0056,3.1579
Achieve,Conquering,3,0.0056,6.6667
Assistance,Expansion,3,0.0056,1.9608
Know,Cause_change_of_position_on_a_scale,3,0.0056,0.9709
Use_firearm,Request,3,0.0056,0.3947
Know,Preventing_or_letting,3,0.0056,0.9709
Cause_change_of_position_on_a_scale,Competition,3,0.0056,0.7712
Dispersal,Change_of_leadership,3,0.0056,3.1579
Communication,Response,3,0.0056,1.9108
Placing,Presence,3,0.0056,1.2048
Hold,Cause_to_make_progress,3,0.0056,0.4894
Becoming,Hostile_encounter,3,0.0056,1.3216
Becoming,Communication,3,0.0056,1.3216
Becoming,Self_motion,3,0.0056,1.3216
Giving,Conquering,3,0.0056,1.7857
Criminal_investigation,Receiving,3,0.0056,2.5210
Process_start,Emptying,3,0.0056,0.2299
Hostile_encounter,Hold,3,0.0056,0.0959
Creating,Earnings_and_losses,3,0.0056,0.5146
Arrest,Recording,3,0.0056,1.4085
Exchange,Arrest,3,0.0056,15.0000
Arriving,Emptying,3,0.0056,0.3984
Departing,Rescuing,3,0.0056,1.2346
Arriving,Rescuing,3,0.0056,0.3984
Process_start,Forming_relationships,3,0.0056,0.2299
Getting,Cause_to_make_progress,3,0.0056,0.8876
Use_firearm,Commerce_pay,3,0.0056,0.3947
Use_firearm,Creating,3,0.0056,0.3947
Use_firearm,Achieve,3,0.0056,0.3947
Judgment_communication,Escaping,3,0.0056,1.2195
Cause_change_of_position_on_a_scale,Research,3,0.0056,0.7712
Bodily_harm,Earnings_and_losses,3,0.0056,0.9375
Getting,Self_motion,3,0.0056,0.8876
Damaging,Hostile_encounter,3,0.0056,1.2048
Death,Violence,3,0.0056,0.6383
Receiving,Influence,3,0.0056,3.1915
Control,Hold,3,0.0056,0.8427
Placing,Arriving,3,0.0056,1.2048
Control,Presence,3,0.0056,0.8427
Statement,Quarreling,3,0.0056,1.5873
Besieging,Motion,3,0.0056,1.1364
Sending,Besieging,3,0.0056,1.1236
Cause_change_of_strength,Bodily_harm,3,0.0056,0.7595
Sending,Bodily_harm,3,0.0056,1.1236
Influence,Motion,3,0.0056,1.3953
Attack,Connect,3,0.0056,0.0732
Change_of_leadership,Earnings_and_losses,3,0.0056,0.5310
Becoming,Name_conferral,3,0.0056,1.3216
Defending,Hostile_encounter,3,0.0056,0.9288
Getting,Cause_to_amalgamate,3,0.0056,0.8876
Getting,Exchange,3,0.0056,0.8876
Escaping,Recovering,3,0.0056,0.8696
Removing,Surrendering,3,0.0056,1.5707
Assistance,Request,3,0.0056,1.9608
Request,Exchange,3,0.0056,0.6565
Becoming,Agree_or_refuse_to_act,3,0.0056,1.3216
Being_in_operation,Publishing,3,0.0056,2.4000
Giving,Supply,3,0.0056,1.7857
Traveling,Convincing,3,0.0056,0.2801
Education_teaching,Killing,3,0.0056,4.4776
Motion_directional,Giving,3,0.0056,0.8451
Traveling,Giving,3,0.0056,0.2801
Military_operation,Besieging,3,0.0056,0.3352
Conquering,Coming_to_be,3,0.0056,0.3911
Placing,Assistance,3,0.0056,1.2048
Placing,Bringing,3,0.0056,1.2048
Know,Placing,3,0.0056,0.9709
Bodily_harm,Self_motion,3,0.0056,0.9375
Recovering,Change,3,0.0056,2.9412
Receiving,Defending,3,0.0056,3.1915
Becoming,Defending,3,0.0056,1.3216
Choosing,Defending,3,0.0056,1.0417
Death,Getting,3,0.0056,0.6383
Statement,Hold,3,0.0056,1.5873
Request,Influence,3,0.0056,0.6565
Statement,Communication,3,0.0056,1.5873
Giving,Receiving,3,0.0056,1.7857
Escaping,Dispersal,3,0.0056,0.8696
Response,Preserving,3,0.0056,1.8987
Supply,Arrest,3,0.0056,2.6786
Employment,Response,3,0.0056,7.1429
Response,Communication,3,0.0056,1.8987
Supporting,Supply,3,0.0056,2.1739
Military_operation,Rescuing,3,0.0056,0.3352
Defending,Action,3,0.0056,0.9288
Earnings_and_losses,Removing,3,0.0056,0.9174
Patrolling,Getting,3,0.0056,6.5217
Change,Arriving,3,0.0056,1.2766
Expressing_publicly,Arriving,3,0.0056,1.2195
Social_event,Connect,3,0.0056,0.2349
Being_in_operation,Reporting,3,0.0056,2.4000
Expansion,Process_start,3,0.0056,3.8961
Arriving,Besieging,3,0.0056,0.3984
Bringing,Hindering,3,0.0056,2.2556
Damaging,Coming_to_be,3,0.0056,1.2048
Placing,Sending,3,0.0056,1.2048
Preventing_or_letting,Bodily_harm,3,0.0056,1.1673
Placing,Supply,3,0.0056,1.2048
Removing,Change,3,0.0056,1.5707
Communication,Deciding,3,0.0056,1.9108
Reporting,Request,3,0.0056,7.1429
Come_together,Killing,3,0.0056,1.3825
Come_together,Process_start,3,0.0056,1.3825
Defending,Besieging,3,0.0056,0.9288
Cause_to_make_progress,Recovering,3,0.0056,1.4151
Revenge,Hostile_encounter,3,0.0056,16.6667
Statement,Escaping,3,0.0056,1.5873
Departing,Damaging,3,0.0056,1.2346
Bringing,Coming_to_be,3,0.0056,2.2556
Bringing,Bodily_harm,3,0.0056,2.2556
Bringing,Reporting,3,0.0056,2.2556
Self_motion,Competition,3,0.0056,0.3984
Motion,Becoming_a_member,3,0.0056,0.2313
Expansion,Statement,3,0.0056,3.8961
Defending,Choosing,3,0.0056,0.9288
Self_motion,Scrutiny,3,0.0056,0.3984
Coming_to_be,Becoming_a_member,3,0.0056,0.0840
Request,Becoming_a_member,3,0.0056,0.6565
Preventing_or_letting,Hold,3,0.0056,1.1673
Arranging,Achieve,3,0.0056,0.3932
Becoming,Preventing_or_letting,3,0.0056,1.3216
Becoming,Giving,3,0.0056,1.3216
Becoming,Control,3,0.0056,1.3216
Recovering,Recovering,3,0.0056,2.9412
Perception_active,Damaging,3,0.0056,3.3708
Perception_active,Arriving,3,0.0056,3.3708
Bodily_harm,Becoming,3,0.0056,0.9375
Committing_crime,Death,3,0.0056,1.0909
Military_operation,Receiving,3,0.0056,0.3352
Bringing,Sending,3,0.0056,2.2556
Self_motion,Arranging,3,0.0056,0.3984
Killing,Filling,3,0.0056,0.3077
Bringing,Death,3,0.0056,2.2556
Cause_change_of_position_on_a_scale,Escaping,3,0.0056,0.7712
Death,Attack,3,0.0056,0.6383
Violence,Preventing_or_letting,3,0.0056,0.6897
Being_in_operation,Arriving,3,0.0056,2.4000
Conquering,Arranging,3,0.0056,0.3911
Cause_to_be_included,Hostile_encounter,3,0.0056,8.8235
Placing,Process_start,3,0.0056,1.2048
Self_motion,Response,3,0.0056,0.3984
Response,Response,3,0.0056,1.8987
Self_motion,Supporting,3,0.0056,0.3984
Defending,Supporting,3,0.0056,0.9288
Cause_change_of_strength,Earnings_and_losses,3,0.0056,0.7595
Arranging,Supply,3,0.0056,0.3932
Statement,Motion_directional,3,0.0056,1.5873
Statement,Motion,3,0.0056,1.5873
Committing_crime,Placing,3,0.0056,1.0909
Cause_to_make_progress,Departing,3,0.0056,1.4151
Cause_to_make_progress,Preventing_or_letting,3,0.0056,1.4151
Giving,Hostile_encounter,3,0.0056,1.7857
Cause_to_amalgamate,Motion,3,0.0056,2.3256
Motion_directional,Process_start,3,0.0056,0.8451
Process_end,Change_of_leadership,3,0.0056,1.0417
Departing,Know,3,0.0056,1.2346
Sign_agreement,Presence,3,0.0056,1.8405
Expansion,Hostile_encounter,3,0.0056,3.8961
Education_teaching,Use_firearm,3,0.0056,4.4776
Patrolling,Earnings_and_losses,3,0.0056,6.5217
Education_teaching,Attack,3,0.0056,4.4776
Competition,Expend_resource,3,0.0056,0.2015
Escaping,Becoming,3,0.0056,0.8696
GiveUp,Conquering,3,0.0056,4.9180
Hold,Scrutiny,3,0.0056,0.4894
Convincing,Criminal_investigation,3,0.0056,3.1915
Expressing_publicly,Getting,3,0.0056,1.2195
Expressing_publicly,Sign_agreement,3,0.0056,1.2195
Cause_to_amalgamate,Bringing,3,0.0056,2.3256
Hindering,Hostile_encounter,3,0.0056,3.7500
Attack,Collaboration,3,0.0056,0.0732
Besieging,Becoming,3,0.0056,1.1364
Agree_or_refuse_to_act,Come_together,3,0.0056,1.1494
Sending,Earnings_and_losses,3,0.0056,1.1236
Giving,Filling,3,0.0056,1.7857
Change_of_leadership,Know,3,0.0056,0.5310
Commitment,Process_end,3,0.0056,6.5217
Use_firearm,Presence,3,0.0056,0.3947
Arriving,Scrutiny,3,0.0056,0.3984
Assistance,Giving,3,0.0056,1.9608
Scrutiny,Terrorism,3,0.0056,3.4091
Deciding,Removing,3,0.0056,1.5544
Sending,Resolve_problem,3,0.0056,1.1236
Influence,Attack,3,0.0056,1.3953
Come_together,Action,3,0.0056,1.3825
Coming_to_be,Writing,3,0.0056,0.0840
Connect,Escaping,3,0.0056,3.6585
Arriving,Preserving,3,0.0056,0.3984
Statement,Arriving,3,0.0056,1.5873
Committing_crime,Building,3,0.0056,1.0909
Creating,Resolve_problem,3,0.0056,0.5146
Cause_to_make_progress,Arranging,3,0.0056,1.4151
Use_firearm,Recovering,3,0.0056,0.3947
Besieging,Rewards_and_punishments,3,0.0056,1.1364
Besieging,Commerce_sell,3,0.0056,1.1364
Choosing,Cause_change_of_position_on_a_scale,3,0.0056,1.0417
Killing,Publishing,3,0.0056,0.3077
Creating,Scrutiny,3,0.0056,0.5146
Cause_to_make_progress,Coming_to_be,3,0.0056,1.4151
Cause_to_make_progress,Bringing,3,0.0056,1.4151
Response,Having_or_lacking_access,3,0.0056,1.8987
Response,Temporary_stay,3,0.0056,1.8987
Sending,Hold,3,0.0056,1.1236
Control,GiveUp,3,0.0056,0.8427
GiveUp,Escaping,3,0.0056,4.9180
Catastrophe,Control,3,0.0056,0.0270
Besieging,Assistance,3,0.0056,1.1364
Committing_crime,Communication,3,0.0056,1.0909
Coming_to_be,Choosing,3,0.0056,0.0840
Arrest,Scrutiny,3,0.0056,1.4085
Influence,Conquering,3,0.0056,1.3953
Bodily_harm,Presence,3,0.0056,0.9375
Openness,Surrendering,3,0.0056,3.7037
Hindering,Motion,3,0.0056,3.7500
Catastrophe,Hostile_encounter,3,0.0056,0.0270
Defending,Request,3,0.0056,0.9288
Damaging,Creating,3,0.0056,1.2048
Damaging,Supply,3,0.0056,1.2048
Damaging,Giving,3,0.0056,1.2048
Killing,Supply,3,0.0056,0.3077
Sending,Statement,3,0.0056,1.1236
Cause_change_of_position_on_a_scale,Sending,3,0.0056,0.7712
Communication,Becoming,3,0.0056,1.9108
Earnings_and_losses,Competition,3,0.0056,0.9174
Deciding,Process_start,3,0.0056,1.5544
Terrorism,Terrorism,3,0.0056,0.5263
Process_end,Statement,3,0.0056,1.0417
Besieging,Motion_directional,3,0.0056,1.1364
Action,Bringing,3,0.0056,0.8086
Attack,Competition,3,0.0056,0.0732
Cause_to_make_progress,Damaging,3,0.0056,1.4151
Come_together,Perception_active,3,0.0056,1.3825
Military_operation,Committing_crime,3,0.0056,0.3352
Catastrophe,Cause_to_be_included,3,0.0056,0.0270
Change_of_leadership,Bodily_harm,3,0.0056,0.5310
Protest,Violence,3,0.0056,2.5210
Hold,Becoming_a_member,3,0.0056,0.4894
Change,Perception_active,3,0.0056,1.2766
Conquering,Presence,3,0.0056,0.3911
Action,Placing,3,0.0056,0.8086
Receiving,Getting,3,0.0056,3.1915
Being_in_operation,Competition,3,0.0056,2.4000
Escaping,Supporting,3,0.0056,0.8696
Removing,Getting,3,0.0056,1.5707
Competition,Request,3,0.0056,0.2015
Cause_to_make_progress,Process_end,2,0.0037,0.9434
Assistance,Judgment_communication,2,0.0037,1.3072
Rite,Recording,2,0.0037,11.1111
Use_firearm,Recording,2,0.0037,0.2632
Use_firearm,Rite,2,0.0037,0.2632
Risk,Self_motion,2,0.0037,13.3333
Agree_or_refuse_to_act,Motion,2,0.0037,0.7663
Arrest,Agree_or_refuse_to_act,2,0.0037,0.9390
Telling,Arrest,2,0.0037,4.2553
Placing,Body_movement,2,0.0037,0.8032
Arrest,Creating,2,0.0037,0.9390
Placing,Agree_or_refuse_to_act,2,0.0037,0.8032
Agree_or_refuse_to_act,Placing,2,0.0037,0.7663
Telling,Placing,2,0.0037,4.2553
Deciding,Judgment_communication,2,0.0037,1.0363
Arrest,Hindering,2,0.0037,0.9390
Placing,Motion,2,0.0037,0.8032
Arrest,Placing,2,0.0037,0.9390
Sending,Commerce_pay,2,0.0037,0.7491
Cause_to_make_progress,Supply,2,0.0037,0.9434
Cause_change_of_position_on_a_scale,Supply,2,0.0037,0.5141
Motion_directional,Legal_rulings,2,0.0037,0.5634
Cause_change_of_strength,Legal_rulings,2,0.0037,0.5063
Confronting_problem,Creating,2,0.0037,2.7397
Recovering,Hindering,2,0.0037,1.9608
Building,Killing,2,0.0037,1.5504
Building,Manufacturing,2,0.0037,1.5504
Building,Social_event,2,0.0037,1.5504
Building,Catastrophe,2,0.0037,1.5504
Catastrophe,Social_event,2,0.0037,0.0180
Deciding,Receiving,2,0.0037,1.0363
Presence,Departing,2,0.0037,0.3527
Deciding,Deciding,2,0.0037,1.0363
Preventing_or_letting,Reporting,2,0.0037,0.7782
Statement,Perception_active,2,0.0037,1.0582
Process_end,Self_motion,2,0.0037,0.6944
Theft,Destroying,2,0.0037,15.3846
Receiving,Earnings_and_losses,2,0.0037,2.1277
Hold,Departing,2,0.0037,0.3263
Scrutiny,Judgment_communication,2,0.0037,2.2727
Killing,Military_operation,2,0.0037,0.2051
Ratification,Creating,2,0.0037,10.0000
Perception_active,Process_end,2,0.0037,2.2472
Earnings_and_losses,Criminal_investigation,2,0.0037,0.6116
Death,Dispersal,2,0.0037,0.4255
Damaging,Deciding,2,0.0037,0.8032
Giving,Process_start,2,0.0037,1.1905
Quarreling,Giving,2,0.0037,1.8182
Judgment_communication,Destroying,2,0.0037,0.8130
Bodily_harm,Award,2,0.0037,0.6250
Releasing,Removing,2,0.0037,5.8824
Killing,Testing,2,0.0037,0.2051
Resolve_problem,Judgment_communication,2,0.0037,7.1429
Conquering,Warning,2,0.0037,0.2608
Action,Building,2,0.0037,0.5391
Forming_relationships,Becoming_a_member,2,0.0037,4.2553
Theft,Having_or_lacking_access,2,0.0037,15.3846
Convincing,Change,2,0.0037,2.1277
Motion_directional,Preserving,2,0.0037,0.5634
Scrutiny,Change_of_leadership,2,0.0037,2.2727
Having_or_lacking_access,Influence,2,0.0037,12.5000
Come_together,Agree_or_refuse_to_act,2,0.0037,0.9217
Agree_or_refuse_to_act,Commitment,2,0.0037,0.7663
Commitment,Surrendering,2,0.0037,4.3478
Motion,Cause_to_amalgamate,2,0.0037,0.1542
Change,Giving,2,0.0037,0.8511
Becoming,Departing,2,0.0037,0.8811
Submitting_documents,Judgment_communication,2,0.0037,9.0909
Bringing,Scrutiny,2,0.0037,1.5038
Statement,Control,2,0.0037,1.0582
Know,Change_of_leadership,2,0.0037,0.6472
Creating,Warning,2,0.0037,0.3431
Creating,Sending,2,0.0037,0.3431
Convincing,Warning,2,0.0037,2.1277
Warning,Change,2,0.0037,2.6316
Assistance,Hostile_encounter,2,0.0037,1.3072
Expressing_publicly,Defending,2,0.0037,0.8130
Perception_active,Defending,2,0.0037,2.2472
Self_motion,Cause_to_make_progress,2,0.0037,0.2656
Becoming,Rescuing,2,0.0037,0.8811
Action,Rescuing,2,0.0037,0.5391
Becoming,Arranging,2,0.0037,0.8811
Releasing,Exchange,2,0.0037,5.8824
Change,Expansion,2,0.0037,0.8511
Choosing,Expansion,2,0.0037,0.6944
Commerce_pay,Removing,2,0.0037,7.1429
Exchange,Criminal_investigation,2,0.0037,10.0000
Process_start,Convincing,2,0.0037,0.1533
Commerce_pay,Exchange,2,0.0037,7.1429
Motion,Change_sentiment,2,0.0037,0.1542
Process_end,GiveUp,2,0.0037,0.6944
Testing,Supply,2,0.0037,1.3158
Assistance,Supply,2,0.0037,1.3072
Destroying,Filling,2,0.0037,0.4237
Commitment,Supporting,2,0.0037,4.3478
Damaging,GiveUp,2,0.0037,0.8032
Traveling,Expansion,2,0.0037,0.1867
Change_sentiment,Hostile_encounter,2,0.0037,5.2632
Change_sentiment,Destroying,2,0.0037,5.2632
Bringing,Commitment,2,0.0037,1.5038
Influence,Commitment,2,0.0037,0.9302
Getting,Commitment,2,0.0037,0.5917
Influence,Resolve_problem,2,0.0037,0.9302
Death,Protest,2,0.0037,0.4255
Judgment_communication,Change_event_time,2,0.0037,0.8130
Expansion,Change,2,0.0037,2.5974
Deciding,Action,2,0.0037,1.0363
Bodily_harm,Action,2,0.0037,0.6250
Creating,Military_operation,2,0.0037,0.3431
Building,Cause_change_of_strength,2,0.0037,1.5504
Military_operation,Being_in_operation,2,0.0037,0.2235
Military_operation,Cause_to_make_progress,2,0.0037,0.2235
Change,Earnings_and_losses,2,0.0037,0.8511
Check,Death,2,0.0037,3.2787
Body_movement,Sending,2,0.0037,2.2472
Getting,Body_movement,2,0.0037,0.5917
Getting,Connect,2,0.0037,0.5917
Telling,Action,2,0.0037,4.2553
Resolve_problem,Attack,2,0.0037,7.1429
Military_operation,Collaboration,2,0.0037,0.2235
Statement,Self_motion,2,0.0037,1.0582
Confronting_problem,Defending,2,0.0037,2.7397
Creating,Communication,2,0.0037,0.3431
Deciding,Giving,2,0.0037,1.0363
Motion,Rewards_and_punishments,2,0.0037,0.1542
Sending,Rewards_and_punishments,2,0.0037,0.7491
Killing,Rewards_and_punishments,2,0.0037,0.2051
Surrendering,Escaping,2,0.0037,2.2727
Earnings_and_losses,Protest,2,0.0037,0.6116
Response,Commitment,2,0.0037,1.2658
Influence,GiveUp,2,0.0037,0.9302
Assistance,Creating,2,0.0037,1.3072
Assistance,Cause_change_of_position_on_a_scale,2,0.0037,1.3072
Getting,Control,2,0.0037,0.5917
Criminal_investigation,Agree_or_refuse_to_act,2,0.0037,1.6807
Deciding,Check,2,0.0037,1.0363
Hiding_objects,Use_firearm,2,0.0037,8.3333
Sending,Protest,2,0.0037,0.7491
Earnings_and_losses,Cause_change_of_strength,2,0.0037,0.6116
Know,Temporary_stay,2,0.0037,0.6472
Supporting,Control,2,0.0037,1.4493
Supporting,Getting,2,0.0037,1.4493
Commitment,Recovering,2,0.0037,4.3478
Kidnapping,Legal_rulings,2,0.0037,1.0811
Scrutiny,Convincing,2,0.0037,2.2727
Presence,Reveal_secret,2,0.0037,0.3527
Kidnapping,Response,2,0.0037,1.0811
Kidnapping,Control,2,0.0037,1.0811
Kidnapping,Agree_or_refuse_to_act,2,0.0037,1.0811
Committing_crime,Reporting,2,0.0037,0.7273
Reveal_secret,Prison,2,0.0037,6.4516
Response,Agree_or_refuse_to_act,2,0.0037,1.2658
Cause_to_be_included,Getting,2,0.0037,5.8824
Conquering,Prison,2,0.0037,0.2608
Conquering,Reveal_secret,2,0.0037,0.2608
Response,Cause_to_make_progress,2,0.0037,1.2658
Convincing,Becoming,2,0.0037,2.1277
Convincing,Know,2,0.0037,2.1277
Convincing,Legal_rulings,2,0.0037,2.1277
Destroying,Emptying,2,0.0037,0.4237
Education_teaching,Motion,2,0.0037,2.9851
Education_teaching,Creating,2,0.0037,2.9851
Kidnapping,Releasing,2,0.0037,1.0811
Departing,Kidnapping,2,0.0037,0.8230
Departing,Warning,2,0.0037,0.8230
Come_together,Releasing,2,0.0037,0.9217
Process_end,Connect,2,0.0037,0.6944
Placing,Preventing_or_letting,2,0.0037,0.8032
Communication,Receiving,2,0.0037,1.2739
Supporting,Earnings_and_losses,2,0.0037,1.4493
Hold,Motion_directional,2,0.0037,0.3263
Earnings_and_losses,Assistance,2,0.0037,0.6116
Process_end,Assistance,2,0.0037,0.6944
Agree_or_refuse_to_act,Assistance,2,0.0037,0.7663
Process_start,Vocalizations,2,0.0037,0.1533
Presence,Bringing,2,0.0037,0.3527
Control,Legal_rulings,2,0.0037,0.5618
Control,Request,2,0.0037,0.5618
Agree_or_refuse_to_act,Presence,2,0.0037,0.7663
Agree_or_refuse_to_act,Defending,2,0.0037,0.7663
Escaping,Legal_rulings,2,0.0037,0.5797
Commerce_pay,Escaping,2,0.0037,7.1429
Employment,Hostile_encounter,2,0.0037,4.7619
Statement,Military_operation,2,0.0037,1.0582
Statement,Reporting,2,0.0037,1.0582
Self_motion,Vocalizations,2,0.0037,0.2656
Self_motion,Military_operation,2,0.0037,0.2656
Influence,Change,2,0.0037,0.9302
Influence,Reporting,2,0.0037,0.9302
Influence,Arrest,2,0.0037,0.9302
Influence,Judgment_communication,2,0.0037,0.9302
Influence,Military_operation,2,0.0037,0.9302
Rescuing,Death,2,0.0037,5.1282
Becoming_a_member,Process_start,2,0.0037,2.4691
Hold,Arrest,2,0.0037,0.3263
Arranging,Reporting,2,0.0037,0.2621
Hostile_encounter,Collaboration,2,0.0037,0.0639
Building,Process_start,2,0.0037,1.5504
Communication,Know,2,0.0037,1.2739
Judgment_communication,Cause_change_of_position_on_a_scale,2,0.0037,0.8130
Process_end,Sending,2,0.0037,0.6944
Judgment_communication,Arranging,2,0.0037,0.8130
Hindering,Choosing,2,0.0037,2.5000
Sending,Cause_change_of_position_on_a_scale,2,0.0037,0.7491
Request,Arranging,2,0.0037,0.4376
Conquering,GiveUp,2,0.0037,0.2608
Earnings_and_losses,Military_operation,2,0.0037,0.6116
Motion_directional,Emptying,2,0.0037,0.5634
Coming_to_believe,Cause_change_of_position_on_a_scale,2,0.0037,4.0816
GiveUp,Recovering,2,0.0037,3.2787
Agree_or_refuse_to_act,Use_firearm,2,0.0037,0.7663
Escaping,Change_sentiment,2,0.0037,0.5797
Becoming,Influence,2,0.0037,0.8811
Bringing,Quarreling,2,0.0037,1.5038
Change_event_time,Earnings_and_losses,2,0.0037,2.8169
Being_in_operation,Change_event_time,2,0.0037,1.6000
Presence,Dispersal,2,0.0037,0.3527
Military_operation,Robbery,2,0.0037,0.2235
Expressing_publicly,Military_operation,2,0.0037,0.8130
Testing,Coming_to_believe,2,0.0037,1.3158
Quarreling,Death,2,0.0037,1.8182
Agree_or_refuse_to_act,Sign_agreement,2,0.0037,0.7663
Temporary_stay,Motion,2,0.0037,4.1667
Dispersal,Expressing_publicly,2,0.0037,2.1053
Connect,Catastrophe,2,0.0037,2.4390
Committing_crime,Agree_or_refuse_to_act,2,0.0037,0.7273
Arranging,Death,2,0.0037,0.2621
Defending,Arranging,2,0.0037,0.6192
Defending,Death,2,0.0037,0.6192
Defending,Releasing,2,0.0037,0.6192
Change_of_leadership,Cure,2,0.0037,0.3540
Defending,Change_of_leadership,2,0.0037,0.6192
Reporting,Reporting,2,0.0037,4.7619
Motion_directional,Response,2,0.0037,0.5634
Sending,Process_start,2,0.0037,0.7491
Presence,Placing,2,0.0037,0.3527
Expressing_publicly,Placing,2,0.0037,0.8130
Influence,Influence,2,0.0037,0.9302
Influence,Coming_to_be,2,0.0037,0.9302
Creating,Coming_to_believe,2,0.0037,0.3431
Response,Arriving,2,0.0037,1.2658
Death,Self_motion,2,0.0037,0.4255
Death,Commerce_pay,2,0.0037,0.4255
Death,Rewards_and_punishments,2,0.0037,0.4255
Process_end,Manufacturing,2,0.0037,0.6944
Dispersal,Arranging,2,0.0037,2.1053
Arriving,Cause_to_make_progress,2,0.0037,0.2656
Communication,Social_event,2,0.0037,1.2739
Self_motion,Cause_to_amalgamate,2,0.0037,0.2656
Self_motion,Employment,2,0.0037,0.2656
Response,Bringing,2,0.0037,1.2658
Rite,Come_together,2,0.0037,11.1111
Come_together,Supply,2,0.0037,0.9217
Rite,Receiving,2,0.0037,11.1111
Rite,Supply,2,0.0037,11.1111
GetReady,Military_operation,2,0.0037,4.3478
Destroying,Telling,2,0.0037,0.4237
Telling,Arriving,2,0.0037,4.2553
Telling,Catastrophe,2,0.0037,4.2553
Earnings_and_losses,Quarreling,2,0.0037,0.6116
Request,Emptying,2,0.0037,0.4376
Publishing,Social_event,2,0.0037,1.7544
Create_artwork,Creating,2,0.0037,10.5263
Scrutiny,Self_motion,2,0.0037,2.2727
GiveUp,Know,2,0.0037,3.2787
GetReady,Receiving,2,0.0037,4.3478
Military_operation,Research,2,0.0037,0.2235
GetReady,Supporting,2,0.0037,4.3478
Becoming_a_member,Hostile_encounter,2,0.0037,2.4691
Confronting_problem,Control,2,0.0037,2.7397
Having_or_lacking_access,Surrendering,2,0.0037,12.5000
Giving,Placing,2,0.0037,1.1905
Judgment_communication,Action,2,0.0037,0.8130
Choosing,Building,2,0.0037,0.6944
Process_end,Choosing,2,0.0037,0.6944
Receiving,Response,2,0.0037,2.1277
Destroying,Cause_to_amalgamate,2,0.0037,0.4237
Influence,Preventing_or_letting,2,0.0037,0.9302
Bringing,Becoming,2,0.0037,1.5038
Bringing,Hostile_encounter,2,0.0037,1.5038
Placing,Recovering,2,0.0037,0.8032
Judgment_communication,Receiving,2,0.0037,0.8130
Deciding,Earnings_and_losses,2,0.0037,1.0363
Becoming_a_member,Earnings_and_losses,2,0.0037,2.4691
Death,Recovering,2,0.0037,0.4255
Destroying,Supply,2,0.0037,0.4237
Warning,Know,2,0.0037,2.6316
Deciding,Influence,2,0.0037,1.0363
Supporting,Creating,2,0.0037,1.4493
Creating,Come_together,2,0.0037,0.3431
Supply,Sending,2,0.0037,1.7857
Agree_or_refuse_to_act,Supply,2,0.0037,0.7663
GiveUp,Preventing_or_letting,2,0.0037,3.2787
GiveUp,Attack,2,0.0037,3.2787
Change_of_leadership,Openness,2,0.0037,0.3540
Check,Name_conferral,2,0.0037,3.2787
Creating,Labeling,2,0.0037,0.3431
Becoming_a_member,Defending,2,0.0037,2.4691
Practice,Use_firearm,2,0.0037,25.0000
Communication,Reveal_secret,2,0.0037,1.2739
Self_motion,Change_event_time,2,0.0037,0.2656
Cause_change_of_strength,Change_event_time,2,0.0037,0.5063
Death,Committing_crime,2,0.0037,0.4255
Legality,Agree_or_refuse_to_act,2,0.0037,6.0606
Protest,Attack,2,0.0037,1.6807
Motion,Protest,2,0.0037,0.1542
Communication,Preventing_or_letting,2,0.0037,1.2739
Arrest,Extradition,2,0.0037,0.9390
Recovering,Destroying,2,0.0037,1.9608
Coming_to_be,Suspicion,2,0.0037,0.0560
Reveal_secret,Telling,2,0.0037,6.4516
Recovering,Know,2,0.0037,1.9608
Being_in_operation,Change_of_leadership,2,0.0037,1.6000
Giving,Coming_to_believe,2,0.0037,1.1905
Receiving,Reporting,2,0.0037,2.1277
Motion,Publishing,2,0.0037,0.1542
Conquering,Sign_agreement,2,0.0037,0.2608
Legality,Releasing,2,0.0037,6.0606
Influence,Expansion,2,0.0037,0.9302
Influence,Placing,2,0.0037,0.9302
Manufacturing,Rescuing,2,0.0037,1.4815
Convincing,Rescuing,2,0.0037,2.1277
Testing,Rescuing,2,0.0037,1.3158
Testing,Manufacturing,2,0.0037,1.3158
Check,Receiving,2,0.0037,3.2787
Self_motion,Recovering,2,0.0037,0.2656
Rescuing,Placing,2,0.0037,5.1282
Motion,Convincing,2,0.0037,0.1542
Presence,Name_conferral,2,0.0037,0.3527
Motion_directional,Coming_to_believe,2,0.0037,0.5634
Process_end,Receiving,2,0.0037,0.6944
Control,Expressing_publicly,2,0.0037,0.5618
Sending,Cause_to_amalgamate,2,0.0037,0.7491
Death,Control,2,0.0037,0.4255
Deciding,Bodily_harm,2,0.0037,1.0363
Process_end,Know,2,0.0037,0.6944
Terrorism,Resolve_problem,2,0.0037,0.3509
Filling,Departing,2,0.0037,4.3478
Manufacturing,Coming_to_be,2,0.0037,1.4815
Quarreling,Change_of_leadership,2,0.0037,1.8182
Resolve_problem,Know,2,0.0037,7.1429
Confronting_problem,Hindering,2,0.0037,2.7397
Quarreling,Getting,2,0.0037,1.8182
Getting,Reforming_a_system,2,0.0037,0.5917
Committing_crime,Change_of_leadership,2,0.0037,0.7273
Request,Deciding,2,0.0037,0.4376
Agree_or_refuse_to_act,Choosing,2,0.0037,0.7663
Communication,Bodily_harm,2,0.0037,1.2739
Departing,Cause_to_amalgamate,2,0.0037,0.8230
Social_event,Resolve_problem,2,0.0037,0.1566
Placing,Connect,2,0.0037,0.8032
Damaging,Manufacturing,2,0.0037,0.8032
Process_start,Filling,2,0.0037,0.1533
Convincing,Process_end,2,0.0037,2.1277
Response,Preventing_or_letting,2,0.0037,1.2658
Action,Manufacturing,2,0.0037,0.5391
Rescuing,Process_end,2,0.0037,5.1282
Exchange,Use_firearm,2,0.0037,10.0000
Agree_or_refuse_to_act,Rewards_and_punishments,2,0.0037,0.7663
Cause_change_of_position_on_a_scale,Use_firearm,2,0.0037,0.5141
Departing,Change_of_leadership,2,0.0037,0.8230
Giving,Recovering,2,0.0037,1.1905
Self_motion,Change_sentiment,2,0.0037,0.2656
Arranging,Building,2,0.0037,0.2621
Communication,Request,2,0.0037,1.2739
GetReady,Self_motion,2,0.0037,4.3478
Defending,Commerce_pay,2,0.0037,0.6192
Patrolling,Defending,2,0.0037,4.3478
Confronting_problem,Agree_or_refuse_to_act,2,0.0037,2.7397
Risk,Agree_or_refuse_to_act,2,0.0037,13.3333
Choosing,Change,2,0.0037,0.6944
Change_of_leadership,Commitment,2,0.0037,0.3540
Commerce_sell,Becoming,2,0.0037,2.9412
Process_start,Commitment,2,0.0037,0.1533
Quarreling,Influence,2,0.0037,1.8182
Quarreling,Bringing,2,0.0037,1.8182
Hostile_encounter,Commitment,2,0.0037,0.0639
Giving,Control,2,0.0037,1.1905
Know,Assistance,2,0.0037,0.6472
Judgment_communication,Know,2,0.0037,0.8130
Conquering,Dispersal,2,0.0037,0.2608
GiveUp,Choosing,2,0.0037,3.2787
Committing_crime,Telling,2,0.0037,0.7273
Committing_crime,Warning,2,0.0037,0.7273
Come_together,Coming_to_believe,2,0.0037,0.9217
Come_together,Military_operation,2,0.0037,0.9217
Come_together,Scrutiny,2,0.0037,0.9217
Besieging,Come_together,2,0.0037,0.7576
Perception_active,Expressing_publicly,2,0.0037,2.2472
Temporary_stay,Process_end,2,0.0037,4.1667
Perception_active,Know,2,0.0037,2.2472
Temporary_stay,Know,2,0.0037,4.1667
Conquering,Supply,2,0.0037,0.2608
Commerce_buy,Bodily_harm,2,0.0037,5.7143
Come_together,Dispersal,2,0.0037,0.9217
Manufacturing,Change_of_leadership,2,0.0037,1.4815
Manufacturing,Publishing,2,0.0037,1.4815
Know,Becoming_a_member,2,0.0037,0.6472
Surrounding,Know,2,0.0037,6.0606
Supporting,Resolve_problem,2,0.0037,1.4493
Releasing,Attack,2,0.0037,5.8824
Choosing,Coming_to_believe,2,0.0037,0.6944
Sign_agreement,Judgment_communication,2,0.0037,1.2270
Connect,Statement,2,0.0037,2.4390
Arriving,Create_artwork,2,0.0037,0.2656
Sending,Cure,2,0.0037,0.7491
Statement,Cause_change_of_position_on_a_scale,2,0.0037,1.0582
Traveling,Arrest,2,0.0037,0.1867
Protest,Process_end,2,0.0037,1.6807
Protest,Cause_change_of_position_on_a_scale,2,0.0037,1.6807
Protest,Cause_to_make_progress,2,0.0037,1.6807
Warning,Hold,2,0.0037,2.6316
Warning,Conquering,2,0.0037,2.6316
Catastrophe,Rite,2,0.0037,0.0180
Motion,Name_conferral,2,0.0037,0.1542
Arriving,Receiving,2,0.0037,0.2656
Confronting_problem,Destroying,2,0.0037,2.7397
Catastrophe,Choosing,2,0.0037,0.0180
Having_or_lacking_access,Hindering,2,0.0037,12.5000
Action,Change_sentiment,2,0.0037,0.5391
Action,Change_event_time,2,0.0037,0.5391
Connect,Judgment_communication,2,0.0037,2.4390
Supporting,Expressing_publicly,2,0.0037,1.4493
Supporting,Process_start,2,0.0037,1.4493
Process_start,Military_operation,2,0.0037,0.1533
Process_start,GiveUp,2,0.0037,0.1533
Preventing_or_letting,Receiving,2,0.0037,0.7782
Openness,Know,2,0.0037,2.4691
Preventing_or_letting,Assistance,2,0.0037,0.7782
Collaboration,Reporting,2,0.0037,8.3333
Change_sentiment,Killing,2,0.0037,5.2632
Cause_to_make_progress,Escaping,2,0.0037,0.9434
Hostile_encounter,Building,2,0.0037,0.0639
GetReady,Conquering,2,0.0037,4.3478
Expressing_publicly,Choosing,2,0.0037,0.8130
Process_start,Committing_crime,2,0.0037,0.1533
Change,Manufacturing,2,0.0037,0.8511
Conquering,Labeling,2,0.0037,0.2608
Expansion,Departing,2,0.0037,2.5974
Bodily_harm,Escaping,2,0.0037,0.6250
Control,Assistance,2,0.0037,0.5618
Process_end,Coming_to_be,2,0.0037,0.6944
Create_artwork,Hold,2,0.0037,10.5263
Conquering,Change_sentiment,2,0.0037,0.2608
Testing,Cause_change_of_position_on_a_scale,2,0.0037,1.3158
Testing,Protest,2,0.0037,1.3158
Action,Protest,2,0.0037,0.5391
Testing,Motion_directional,2,0.0037,1.3158
Testing,Come_together,2,0.0037,1.3158
Testing,Agree_or_refuse_to_act,2,0.0037,1.3158
Testing,Presence,2,0.0037,1.3158
Testing,Destroying,2,0.0037,1.3158
Testing,Traveling,2,0.0037,1.3158
Action,Come_together,2,0.0037,0.5391
Cause_change_of_position_on_a_scale,Removing,2,0.0037,0.5141
Giving,Check,2,0.0037,1.1905
Request,Traveling,2,0.0037,0.4376
Request,Research,2,0.0037,0.4376
Expressing_publicly,Becoming_a_member,2,0.0037,0.8130
Body_movement,Process_end,2,0.0037,2.2472
Competition,Commerce_buy,2,0.0037,0.1343
Coming_to_be,Terrorism,2,0.0037,0.0560
Body_movement,Rite,2,0.0037,2.2472
Wearing,Arriving,2,0.0037,8.6957
Change_sentiment,Judgment_communication,2,0.0037,5.2632
Destroying,Military_operation,2,0.0037,0.4237
Becoming,Military_operation,2,0.0037,0.8811
Confronting_problem,Influence,2,0.0037,2.7397
Supply,Cause_change_of_position_on_a_scale,2,0.0037,1.7857
Know,Legality,2,0.0037,0.6472
Commerce_sell,Know,2,0.0037,2.9412
Use_firearm,Confronting_problem,2,0.0037,0.2632
Use_firearm,Process_start,2,0.0037,0.2632
Scouring,Influence,2,0.0037,9.0909
Convincing,Statement,2,0.0037,2.1277
Self_motion,Expansion,2,0.0037,0.2656
Statement,Receiving,2,0.0037,1.0582
Commerce_buy,Placing,2,0.0037,5.7143
Earnings_and_losses,Arranging,2,0.0037,0.6116
Control,Sending,2,0.0037,0.5618
Escaping,Statement,2,0.0037,0.5797
Expend_resource,Statement,2,0.0037,3.6364
Legality,Judgment_communication,2,0.0037,6.0606
Request,Social_event,2,0.0037,0.4376
Request,Openness,2,0.0037,0.4376
Convincing,Request,2,0.0037,2.1277
Convincing,Defending,2,0.0037,2.1277
Giving,Commerce_pay,2,0.0037,1.1905
Motion_directional,Scrutiny,2,0.0037,0.5634
Create_artwork,Earnings_and_losses,2,0.0037,10.5263
Scrutiny,Recovering,2,0.0037,2.2727
Motion_directional,Communication,2,0.0037,0.5634
Communication,Recording,2,0.0037,1.2739
Telling,Statement,2,0.0037,4.2553
Suspicion,Arrest,2,0.0037,40.0000
Agree_or_refuse_to_act,Recording,2,0.0037,0.7663
Dispersal,Hostile_encounter,2,0.0037,2.1053
Agree_or_refuse_to_act,Dispersal,2,0.0037,0.7663
Connect,Death,2,0.0037,2.4390
Escaping,Connect,2,0.0037,0.5797
Connect,Conquering,2,0.0037,2.4390
Know,Change_event_time,2,0.0037,0.6472
Process_start,Telling,2,0.0037,0.1533
Supporting,Arrest,2,0.0037,1.4493
Expansion,Assistance,2,0.0037,2.5974
Cause_to_make_progress,Action,2,0.0037,0.9434
Openness,Statement,2,0.0037,2.4691
Submitting_documents,Agree_or_refuse_to_act,2,0.0037,9.0909
Giving,Agree_or_refuse_to_act,2,0.0037,1.1905
Supporting,Action,2,0.0037,1.4493
Control,Change,2,0.0037,0.5618
Process_start,Criminal_investigation,2,0.0037,0.1533
Getting,Expressing_publicly,2,0.0037,0.5917
Getting,Hindering,2,0.0037,0.5917
Reporting,Statement,2,0.0037,4.7619
Giving,Bringing,2,0.0037,1.1905
Deciding,Dispersal,2,0.0037,1.0363
Creating,Escaping,2,0.0037,0.3431
Coming_to_be,Cause_to_be_included,2,0.0037,0.0560
Quarreling,Removing,2,0.0037,1.8182
Arrest,Removing,2,0.0037,0.9390
Arrest,Protest,2,0.0037,0.9390
Arrest,Connect,2,0.0037,0.9390
Arrest,Justifying,2,0.0037,0.9390
Arrest,Commitment,2,0.0037,0.9390
Arrest,Quarreling,2,0.0037,0.9390
Earnings_and_losses,Check,2,0.0037,0.6116
Communication,Coming_to_believe,2,0.0037,1.2739
Wearing,Attack,2,0.0037,8.6957
Manufacturing,Expressing_publicly,2,0.0037,1.4815
Social_event,Having_or_lacking_access,2,0.0037,0.1566
Labeling,Agree_or_refuse_to_act,2,0.0037,40.0000
Arranging,Legality,2,0.0037,0.2621
Conquering,Deciding,2,0.0037,0.2608
Statement,Protest,2,0.0037,1.0582
Cause_to_amalgamate,Rewards_and_punishments,2,0.0037,1.5504
Cause_to_amalgamate,Deciding,2,0.0037,1.5504
Preventing_or_letting,Exchange,2,0.0037,0.7782
Violence,Arriving,2,0.0037,0.4598
Response,Being_in_operation,2,0.0037,1.2658
Response,Sending,2,0.0037,1.2658
Becoming_a_member,Motion_directional,2,0.0037,2.4691
Action,Commerce_pay,2,0.0037,0.5391
Change,Legal_rulings,2,0.0037,0.8511
Hindering,Removing,2,0.0037,2.5000
Body_movement,Scouring,2,0.0037,2.2472
Perception_active,Releasing,2,0.0037,2.2472
Body_movement,Process_start,2,0.0037,2.2472
Research,Communication,2,0.0037,6.8966
Come_together,Traveling,2,0.0037,0.9217
Hindering,Hindering,2,0.0037,2.5000
Sign_agreement,Resolve_problem,2,0.0037,1.2270
Hold,Change_of_leadership,2,0.0037,0.3263
Cause_change_of_strength,Military_operation,2,0.0037,0.5063
Cause_change_of_position_on_a_scale,Temporary_stay,2,0.0037,0.5141
Social_event,Limiting,2,0.0037,0.1566
Bringing,Assistance,2,0.0037,1.5038
Damaging,Judgment_communication,2,0.0037,0.8032
Getting,Deciding,2,0.0037,0.5917
Telling,Self_motion,2,0.0037,4.2553
Violence,Arranging,2,0.0037,0.4598
Violence,Creating,2,0.0037,0.4598
Violence,Assistance,2,0.0037,0.4598
Violence,Deciding,2,0.0037,0.4598
Violence,Cure,2,0.0037,0.4598
Violence,Testing,2,0.0037,0.4598
Violence,Action,2,0.0037,0.4598
Deciding,Creating,2,0.0037,1.0363
Body_movement,Catastrophe,2,0.0037,2.2472
Earnings_and_losses,Openness,2,0.0037,0.6116
Earnings_and_losses,Perception_active,2,0.0037,0.6116
Body_movement,Becoming,2,0.0037,2.2472
Motion_directional,Hold,2,0.0037,0.5634
Recovering,Preventing_or_letting,2,0.0037,1.9608
Recovering,Getting,2,0.0037,1.9608
GiveUp,Giving,2,0.0037,3.2787
Bodily_harm,Social_event,2,0.0037,0.6250
Committing_crime,Bringing,2,0.0037,0.7273
Recording,Statement,2,0.0037,4.4444
Committing_crime,Use_firearm,2,0.0037,0.7273
Recovering,Building,2,0.0037,1.9608
Placing,Self_motion,2,0.0037,0.8032
Arriving,Convincing,2,0.0037,0.2656
Creating,Openness,2,0.0037,0.3431
Creating,Recording,2,0.0037,0.3431
Convincing,Change_of_leadership,2,0.0037,2.1277
Choosing,Temporary_stay,2,0.0037,0.6944
Request,Response,2,0.0037,0.4376
Departing,Communication,2,0.0037,0.8230
Testing,Becoming,2,0.0037,1.3158
Testing,Self_motion,2,0.0037,1.3158
Preventing_or_letting,Agree_or_refuse_to_act,2,0.0037,0.7782
Warning,Emptying,2,0.0037,2.6316
Conquering,Scrutiny,2,0.0037,0.2608
Death,Releasing,2,0.0037,0.4255
Death,Legality,2,0.0037,0.4255
Releasing,Placing,2,0.0037,5.8824
Judgment_communication,Prison,2,0.0037,0.8130
Placing,Dispersal,2,0.0037,0.8032
Award,Expressing_publicly,2,0.0037,22.2222
Becoming,Competition,2,0.0037,0.8811
Placing,Choosing,2,0.0037,0.8032
Releasing,Sign_agreement,2,0.0037,5.8824
Destroying,Legal_rulings,2,0.0037,0.4237
Motion,Award,2,0.0037,0.1542
Attack,Carry_goods,2,0.0037,0.0488
Bodily_harm,Carry_goods,2,0.0037,0.6250
Influence,Sending,2,0.0037,0.9302
Change_of_leadership,Recording,2,0.0037,0.3540
Control,Judgment_communication,2,0.0037,0.5618
Convincing,Choosing,2,0.0037,2.1277
Temporary_stay,Getting,2,0.0037,4.1667
Cause_change_of_position_on_a_scale,Supporting,2,0.0037,0.5141
Hold,Having_or_lacking_access,2,0.0037,0.3263
Commitment,Attack,2,0.0037,4.3478
Escaping,Expansion,2,0.0037,0.5797
Death,Defending,2,0.0037,0.4255
Death,Influence,2,0.0037,0.4255
Bodily_harm,Influence,2,0.0037,0.6250
Control,Damaging,2,0.0037,0.5618
Agree_or_refuse_to_act,Influence,2,0.0037,0.7663
Surrendering,Placing,2,0.0037,2.2727
Surrendering,Preventing_or_letting,2,0.0037,2.2727
Coming_to_believe,Arranging,2,0.0037,4.0816
Violence,Cause_change_of_position_on_a_scale,2,0.0037,0.4598
Scrutiny,Destroying,2,0.0037,2.2727
Hostile_encounter,Committing_crime,2,0.0037,0.0639
Action,Scrutiny,2,0.0037,0.5391
Scouring,Damaging,2,0.0037,9.0909
Recovering,Name_conferral,2,0.0037,1.9608
Statement,Sending,2,0.0037,1.0582
Self_motion,Create_artwork,2,0.0037,0.2656
Preventing_or_letting,Defending,2,0.0037,0.7782
Presence,Arranging,2,0.0037,0.3527
Use_firearm,Getting,2,0.0037,0.2632
Arranging,Name_conferral,2,0.0037,0.2621
Arranging,Criminal_investigation,2,0.0037,0.2621
Arranging,Hiding_objects,2,0.0037,0.2621
Self_motion,Social_event,2,0.0037,0.2656
Judgment_communication,Deciding,2,0.0037,0.8130
Connect,Convincing,2,0.0037,2.4390
Patrolling,Preventing_or_letting,2,0.0037,4.3478
Check,Expressing_publicly,2,0.0037,3.2787
Agree_or_refuse_to_act,Communication,2,0.0037,0.7663
Motion,Cure,2,0.0037,0.1542
Agree_or_refuse_to_act,Resolve_problem,2,0.0037,0.7663
Agree_or_refuse_to_act,Supporting,2,0.0037,0.7663
Death,Name_conferral,2,0.0037,0.4255
Arranging,GetReady,2,0.0037,0.2621
Agree_or_refuse_to_act,Becoming_a_member,2,0.0037,0.7663
Hold,Use_firearm,2,0.0037,0.3263
Hold,Releasing,2,0.0037,0.3263
Hold,Hindering,2,0.0037,0.3263
Cause_change_of_position_on_a_scale,Scrutiny,2,0.0037,0.5141
Scrutiny,Publishing,2,0.0037,2.2727
Change_of_leadership,Labeling,2,0.0037,0.3540
Change_of_leadership,Quarreling,2,0.0037,0.3540
Motion,Social_event,2,0.0037,0.1542
Change_of_leadership,Check,2,0.0037,0.3540
Sending,Patrolling,2,0.0037,0.7491
Arriving,Confronting_problem,2,0.0037,0.2656
Use_firearm,Assistance,2,0.0037,0.2632
Use_firearm,Rewards_and_punishments,2,0.0037,0.2632
Temporary_stay,Use_firearm,2,0.0037,4.1667
Presence,Response,2,0.0037,0.3527
Response,Arranging,2,0.0037,1.2658
Hiding_objects,Destroying,2,0.0037,8.3333
Creating,Response,2,0.0037,0.3431
Cause_change_of_strength,Confronting_problem,2,0.0037,0.5063
Communication,Escaping,2,0.0037,1.2739
Escaping,Hiding_objects,2,0.0037,0.5797
Legality,Coming_to_believe,2,0.0037,6.0606
Legality,Action,2,0.0037,6.0606
Bodily_harm,Know,2,0.0037,0.6250
Supporting,Bringing,2,0.0037,1.4493
Supporting,Choosing,2,0.0037,1.4493
Building,Choosing,2,0.0037,1.5504
Hold,Change_sentiment,2,0.0037,0.3263
Process_end,Response,2,0.0037,0.6944
Change_event_time,Response,2,0.0037,2.8169
Employment,Communication,2,0.0037,4.7619
Revenge,Preventing_or_letting,2,0.0037,11.1111
Cause_change_of_position_on_a_scale,Building,2,0.0037,0.5141
Killing,Labeling,2,0.0037,0.2051
Emptying,Removing,2,0.0037,5.0000
Military_operation,Bringing,2,0.0037,0.2235
Assistance,Bodily_harm,2,0.0037,1.3072
Death,Change,2,0.0037,0.4255
Openness,Cause_change_of_position_on_a_scale,2,0.0037,2.4691
Change_of_leadership,Sign_agreement,2,0.0037,0.3540
Change_of_leadership,Robbery,2,0.0037,0.3540
Destroying,Sign_agreement,2,0.0037,0.4237
Change_of_leadership,Deciding,2,0.0037,0.3540
Commitment,Earnings_and_losses,2,0.0037,4.3478
Body_movement,Criminal_investigation,2,0.0037,2.2472
Judgment_communication,Motion_directional,2,0.0037,0.8130
Killing,Suspicion,2,0.0037,0.2051
Recovering,Escaping,2,0.0037,1.9608
Bodily_harm,Openness,2,0.0037,0.6250
Criminal_investigation,Creating,2,0.0037,1.6807
Being_in_operation,Deciding,2,0.0037,1.6000
Being_in_operation,Damaging,2,0.0037,1.6000
Statement,Dispersal,2,0.0037,1.0582
Deciding,Coming_to_be,2,0.0037,1.0363
Cause_to_amalgamate,Earnings_and_losses,2,0.0037,1.5504
Supporting,Death,2,0.0037,1.4493
Supporting,Killing,2,0.0037,1.4493
Change_event_time,Statement,2,0.0037,2.8169
Manufacturing,Bodily_harm,2,0.0037,1.4815
Creating,Check,2,0.0037,0.3431
Manufacturing,Self_motion,2,0.0037,1.4815
Hold,Control,2,0.0037,0.3263
Filling,Arriving,2,0.0037,4.3478
Traveling,Hostile_encounter,2,0.0037,0.1867
Surrendering,Robbery,2,0.0037,2.2727
Surrendering,Supply,2,0.0037,2.2727
Death,Motion_directional,2,0.0037,0.4255
Commerce_buy,Arriving,2,0.0037,5.7143
Becoming,Surrendering,2,0.0037,0.8811
Choosing,Conquering,2,0.0037,0.6944
Committing_crime,Control,2,0.0037,0.7273
Being_in_operation,Coming_to_be,2,0.0037,1.6000
Request,Releasing,2,0.0037,0.4376
Committing_crime,Removing,2,0.0037,0.7273
Attack,Reforming_a_system,2,0.0037,0.0488
Surrendering,Filling,2,0.0037,2.2727
Surrendering,Reforming_a_system,2,0.0037,2.2727
Surrendering,GiveUp,2,0.0037,2.2727
Process_end,Filling,2,0.0037,0.6944
Expressing_publicly,Filling,2,0.0037,0.8130
Hostile_encounter,Filling,2,0.0037,0.0639
Recovering,Attack,2,0.0037,1.9608
Receiving,Judgment_communication,2,0.0037,2.1277
Know,Bodily_harm,2,0.0037,0.6472
Statement,Process_end,2,0.0037,1.0582
Perception_active,Cause_change_of_position_on_a_scale,2,0.0037,2.2472
Openness,Coming_to_believe,2,0.0037,2.4691
Expressing_publicly,Control,2,0.0037,0.8130
Giving,Change_of_leadership,2,0.0037,1.1905
Limiting,Earnings_and_losses,2,0.0037,14.2857
Arranging,Patrolling,2,0.0037,0.2621
Sending,Sending,2,0.0037,0.7491
Receiving,Sending,2,0.0037,2.1277
Placing,Criminal_investigation,2,0.0037,0.8032
Quarreling,Request,2,0.0037,1.8182
Destroying,Being_in_operation,2,0.0037,0.4237
Hindering,Arriving,2,0.0037,2.5000
Commerce_sell,Change_event_time,2,0.0037,2.9412
Self_motion,Receiving,2,0.0037,0.2656
Action,Supply,2,0.0037,0.5391
Connect,Preserving,2,0.0037,2.4390
Death,Escaping,2,0.0037,0.4255
Convincing,Attack,2,0.0037,2.1277
Defending,Motion_directional,2,0.0037,0.6192
Revenge,Destroying,2,0.0037,11.1111
Arriving,Military_operation,2,0.0037,0.2656
Giving,Building,2,0.0037,1.1905
Come_together,Catastrophe,2,0.0037,0.9217
Come_together,Hindering,2,0.0037,0.9217
Come_together,Choosing,2,0.0037,0.9217
Deciding,Military_operation,2,0.0037,1.0363
Cause_change_of_position_on_a_scale,Check,2,0.0037,0.5141
Reforming_a_system,Motion_directional,2,0.0037,4.0816
Check,Recording,2,0.0037,3.2787
Check,Getting,2,0.0037,3.2787
Commerce_sell,Receiving,2,0.0037,2.9412
Cause_to_be_included,Name_conferral,2,0.0037,5.8824
Cause_to_be_included,Earnings_and_losses,2,0.0037,5.8824
Openness,Use_firearm,2,0.0037,2.4691
Request,Bringing,2,0.0037,0.4376
Surrendering,Getting,2,0.0037,2.2727
Departing,Temporary_stay,2,0.0037,0.8230
Know,Convincing,2,0.0037,0.6472
Creating,Criminal_investigation,2,0.0037,0.3431
Education_teaching,Deciding,2,0.0037,2.9851
Departing,Giving,2,0.0037,0.8230
Scrutiny,Escaping,2,0.0037,2.2727
Scrutiny,Motion,2,0.0037,2.2727
Conquering,GetReady,2,0.0037,0.2608
Process_end,Giving,2,0.0037,0.6944
GetReady,Removing,2,0.0037,4.3478
Giving,Response,2,0.0037,1.1905
Response,Defending,2,0.0037,1.2658
Process_end,Removing,2,0.0037,0.6944
Kidnapping,Recovering,2,0.0037,1.0811
Temporary_stay,Damaging,2,0.0037,4.1667
Expend_resource,Process_end,2,0.0037,3.6364
Competition,Confronting_problem,2,0.0037,0.1343
Conquering,Body_movement,2,0.0037,0.2608
Deciding,GiveUp,2,0.0037,1.0363
Arranging,Giving,2,0.0037,0.2621
Request,Control,2,0.0037,0.4376
Hostile_encounter,Openness,2,0.0037,0.0639
Escaping,Openness,2,0.0037,0.5797
Connect,Request,2,0.0037,2.4390
Change,Dispersal,2,0.0037,0.8511
Presence,Come_together,2,0.0037,0.3527
Presence,Manufacturing,2,0.0037,0.3527
Preventing_or_letting,Expressing_publicly,2,0.0037,0.7782
Departing,Influence,2,0.0037,0.8230
Motion,Expansion,2,0.0037,0.1542
Arranging,Cause_to_amalgamate,2,0.0037,0.2621
Process_end,Emptying,2,0.0037,0.6944
Arriving,Cause_to_amalgamate,2,0.0037,0.2656
Process_end,Cause_to_amalgamate,2,0.0037,0.6944
Come_together,Bringing,2,0.0037,0.9217
Social_event,Escaping,2,0.0037,0.1566
Action,Defending,2,0.0037,0.5391
Expansion,Defending,2,0.0037,2.5974
Judgment_communication,Communication,2,0.0037,0.8130
Process_end,Killing,2,0.0037,0.6944
Legal_rulings,Action,2,0.0037,2.5974
Receiving,Preventing_or_letting,2,0.0037,2.1277
Coming_to_believe,Creating,2,0.0037,4.0816
Bringing,Killing,2,0.0037,1.5038
Arrest,Reveal_secret,2,0.0037,0.9390
Arranging,Quarreling,2,0.0037,0.2621
Publishing,Achieve,2,0.0037,1.7544
Defending,Arrest,2,0.0037,0.6192
Check,Scrutiny,2,0.0037,3.2787
Use_firearm,Cause_change_of_position_on_a_scale,2,0.0037,0.2632
Departing,Criminal_investigation,2,0.0037,0.8230
Self_motion,Communication,2,0.0037,0.2656
Scrutiny,Request,2,0.0037,2.2727
Cause_to_amalgamate,Supporting,2,0.0037,1.5504
Cause_to_amalgamate,Coming_to_be,2,0.0037,1.5504
Cause_to_amalgamate,Hindering,2,0.0037,1.5504
Cause_to_amalgamate,Death,2,0.0037,1.5504
Know,Criminal_investigation,2,0.0037,0.6472
Committing_crime,Hiding_objects,2,0.0037,0.7273
Kidnapping,Protest,2,0.0037,1.0811
Coming_to_believe,Quarreling,2,0.0037,4.0816
Traveling,Preventing_or_letting,2,0.0037,0.1867
Name_conferral,Name_conferral,2,0.0037,7.1429
Rewards_and_punishments,Process_end,2,0.0037,8.3333
Rewards_and_punishments,Sign_agreement,2,0.0037,8.3333
Judgment_communication,Sign_agreement,2,0.0037,0.8130
Assistance,Commerce_sell,2,0.0037,1.3072
Commerce_buy,Commerce_sell,2,0.0037,5.7143
Create_artwork,Expressing_publicly,2,0.0037,10.5263
Judgment_communication,Revenge,2,0.0037,0.8130
Control,Surrendering,2,0.0037,0.5618
Achieve,Arriving,2,0.0037,4.4444
Achieve,Becoming,2,0.0037,4.4444
Achieve,Cause_to_make_progress,2,0.0037,4.4444
Besieging,Cause_to_amalgamate,2,0.0037,0.7576
Surrendering,Cause_to_amalgamate,2,0.0037,2.2727
Assistance,Surrendering,2,0.0037,1.3072
Social_event,Releasing,2,0.0037,0.1566
Social_event,Request,2,0.0037,0.1566
Preventing_or_letting,Arrest,2,0.0037,0.7782
Response,Judgment_communication,2,0.0037,1.2658
Change_of_leadership,Expansion,2,0.0037,0.3540
Expend_resource,Convincing,2,0.0037,3.6364
Expend_resource,Criminal_investigation,2,0.0037,3.6364
Confronting_problem,Response,2,0.0037,2.7397
Resolve_problem,Earnings_and_losses,2,0.0037,7.1429
Expressing_publicly,Response,2,0.0037,0.8130
Process_end,Action,2,0.0037,0.6944
Arranging,Kidnapping,2,0.0037,0.2621
Warning,Killing,2,0.0037,2.6316
Motion,Forming_relationships,2,0.0037,0.1542
Supply,Military_operation,2,0.0037,1.7857
Conquering,Motion_directional,2,0.0037,0.2608
Military_operation,Expressing_publicly,2,0.0037,0.2235
Getting,Achieve,2,0.0037,0.5917
Influence,Escaping,2,0.0037,0.9302
Motion,Traveling,2,0.0037,0.1542
Arranging,Cause_to_be_included,2,0.0037,0.2621
Criminal_investigation,Scrutiny,2,0.0037,1.6807
Change,Damaging,2,0.0037,0.8511
Process_end,Temporary_stay,2,0.0037,0.6944
Damaging,Change_event_time,2,0.0037,0.8032
Bringing,Perception_active,2,0.0037,1.5038
Bodily_harm,Traveling,2,0.0037,0.6250
Dispersal,Violence,2,0.0037,2.1053
Dispersal,Process_end,2,0.0037,2.1053
Come_together,Control,2,0.0037,0.9217
Conquering,Competition,2,0.0037,0.2608
Hold,Supply,2,0.0037,0.3263
Conquering,Social_event,2,0.0037,0.2608
Becoming,Change_of_leadership,2,0.0037,0.8811
Military_operation,Social_event,2,0.0037,0.2235
Departing,Earnings_and_losses,2,0.0037,0.8230
Cause_change_of_strength,Hostile_encounter,2,0.0037,0.5063
Check,Change_event_time,2,0.0037,3.2787
Presence,Recording,2,0.0037,0.3527
Convincing,Giving,2,0.0037,2.1277
Supply,Hold,2,0.0037,1.7857
Supply,Process_start,2,0.0037,1.7857
Judgment_communication,Employment,2,0.0037,0.8130
Sending,Hostile_encounter,2,0.0037,0.7491
Process_end,Control,2,0.0037,0.6944
Motion_directional,Name_conferral,2,0.0037,0.5634
Supporting,Cause_to_make_progress,2,0.0037,1.4493
Killing,Bringing,2,0.0037,0.2051
Becoming_a_member,Arrest,2,0.0037,2.4691
Check,Reporting,2,0.0037,3.2787
Conquering,Commerce_buy,2,0.0037,0.2608
Dispersal,Social_event,2,0.0037,2.1053
Convincing,Preventing_or_letting,2,0.0037,2.1277
Dispersal,Come_together,2,0.0037,2.1053
Motion,Warning,2,0.0037,0.1542
Warning,Cause_change_of_position_on_a_scale,2,0.0037,2.6316
Testing,Achieve,2,0.0037,1.3158
Achieve,Attack,2,0.0037,4.4444
Use_firearm,Telling,2,0.0037,0.2632
Sending,Change_event_time,2,0.0037,0.7491
Testing,Check,2,0.0037,1.3158
Departing,Traveling,2,0.0037,0.8230
Deciding,Know,2,0.0037,1.0363
Use_firearm,Research,2,0.0037,0.2632
Dispersal,Giving,2,0.0037,2.1053
Hold,Recording,2,0.0037,0.3263
Publishing,Cause_to_make_progress,2,0.0037,1.7544
Know,Motion_directional,2,0.0037,0.6472
Influence,Change_of_leadership,2,0.0037,0.9302
Temporary_stay,Placing,2,0.0037,4.1667
Surrendering,Self_motion,2,0.0037,2.2727
Cause_change_of_strength,Presence,2,0.0037,0.5063
Death,Killing,2,0.0037,0.4255
Agree_or_refuse_to_act,Writing,2,0.0037,0.7663
Expressing_publicly,Cause_to_make_progress,2,0.0037,0.8130
Arrest,Escaping,2,0.0037,0.9390
Giving,Damaging,2,0.0037,1.1905
Placing,Influence,2,0.0037,0.8032
Placing,Becoming_a_member,2,0.0037,0.8032
Influence,Becoming_a_member,2,0.0037,0.9302
Presence,Receiving,2,0.0037,0.3527
Criminal_investigation,Legality,2,0.0037,1.6807
Agree_or_refuse_to_act,Conquering,2,0.0037,0.7663
Removing,Action,2,0.0037,1.0471
Destroying,Action,2,0.0037,0.4237
Action,Death,2,0.0037,0.5391
Defending,Know,2,0.0037,0.6192
Exchange,Cause_change_of_position_on_a_scale,2,0.0037,10.0000
Death,Agree_or_refuse_to_act,2,0.0037,0.4255
Robbery,Legal_rulings,2,0.0037,10.0000
Robbery,Recovering,2,0.0037,10.0000
Robbery,Escaping,2,0.0037,10.0000
Building,Cause_change_of_position_on_a_scale,2,0.0037,1.5504
Departing,Action,2,0.0037,0.8230
Becoming_a_member,Supply,2,0.0037,2.4691
Arriving,GiveUp,2,0.0037,0.2656
Hindering,Arrest,2,0.0037,2.5000
Process_start,Warning,2,0.0037,0.1533
Influence,Rescuing,2,0.0037,0.9302
Protest,Motion_directional,2,0.0037,1.6807
Change_of_leadership,Temporary_stay,2,0.0037,0.3540
Action,Temporary_stay,2,0.0037,0.5391
Action,Change_of_leadership,2,0.0037,0.5391
Communication,Bringing,2,0.0037,1.2739
Achieve,Statement,2,0.0037,4.4444
Achieve,Know,2,0.0037,4.4444
Arrest,Conquering,2,0.0037,0.9390
Escaping,Arranging,2,0.0037,0.5797
Getting,Building,2,0.0037,0.5917
Quarreling,Recovering,2,0.0037,1.8182
Quarreling,Response,2,0.0037,1.8182
Hostile_encounter,Competition,2,0.0037,0.0639
Violence,Hostile_encounter,2,0.0037,0.4598
Death,Robbery,2,0.0037,0.4255
Death,Damaging,2,0.0037,0.4255
Building,Presence,2,0.0037,1.5504
Self_motion,Building,2,0.0037,0.2656
Name_conferral,Becoming,2,0.0037,7.1429
Receiving,Criminal_investigation,2,0.0037,2.1277
Arrest,Traveling,2,0.0037,0.9390
Statement,Traveling,2,0.0037,1.0582
Receiving,Know,2,0.0037,2.1277
Earnings_and_losses,Traveling,2,0.0037,0.6116
Know,Influence,2,0.0037,0.6472
Receiving,Confronting_problem,2,0.0037,2.1277
Criminal_investigation,Use_firearm,2,0.0037,1.6807
Cause_to_make_progress,Judgment_communication,2,0.0037,0.9434
Confronting_problem,Use_firearm,2,0.0037,2.7397
Telling,Legal_rulings,2,0.0037,4.2553
Placing,Come_together,2,0.0037,0.8032
Commerce_sell,Destroying,2,0.0037,2.9412
Building,Perception_active,2,0.0037,1.5504
Defending,Building,2,0.0037,0.6192
Defending,GetReady,2,0.0037,0.6192
Destroying,Quarreling,2,0.0037,0.4237
Escaping,Quarreling,2,0.0037,0.5797
Statement,Hostile_encounter,2,0.0037,1.0582
Request,Cause_change_of_strength,2,0.0037,0.4376
Placing,Process_end,2,0.0037,0.8032
Removing,Check,2,0.0037,1.0471
Traveling,Achieve,2,0.0037,0.1867
Bearing_arms,Death,2,0.0037,14.2857
Supply,Change,2,0.0037,1.7857
Earnings_and_losses,Creating,2,0.0037,0.6116
Body_movement,Recording,2,0.0037,2.2472
Change,Process_start,2,0.0037,0.8511
Sign_agreement,Social_event,2,0.0037,1.2270
Motion_directional,Use_firearm,2,0.0037,0.5634
Research,Statement,2,0.0037,6.8966
Recovering,Giving,2,0.0037,1.9608
Arriving,Publishing,2,0.0037,0.2656
Self_motion,Rescuing,2,0.0037,0.2656
Attack,Cure,2,0.0037,0.0488
Coming_to_be,Releasing,2,0.0037,0.0560
Scrutiny,Reveal_secret,2,0.0037,2.2727
Scrutiny,Rewards_and_punishments,2,0.0037,2.2727
Scrutiny,Arrest,2,0.0037,2.2727
Action,Coming_to_be,2,0.0037,0.5391
Commerce_sell,Achieve,2,0.0037,2.9412
Destroying,Writing,2,0.0037,0.4237
Damaging,Reforming_a_system,2,0.0037,0.8032
Change_event_time,Commerce_pay,2,0.0037,2.8169
Getting,Recovering,2,0.0037,0.5917
Getting,Confronting_problem,2,0.0037,0.5917
Getting,Commerce_pay,2,0.0037,0.5917
Escaping,Removing,2,0.0037,0.5797
Getting,Agree_or_refuse_to_act,2,0.0037,0.5917
Assistance,Agree_or_refuse_to_act,2,0.0037,1.3072
Assistance,Change_event_time,2,0.0037,1.3072
Change_event_time,Removing,2,0.0037,2.8169
Process_end,Commerce_pay,2,0.0037,0.6944
Getting,Request,2,0.0037,0.5917
Getting,Change_event_time,2,0.0037,0.5917
Removing,Hostile_encounter,2,0.0037,1.0471
Confronting_problem,Hostile_encounter,2,0.0037,2.7397
Becoming,Commerce_pay,2,0.0037,0.8811
Sending,Getting,2,0.0037,0.7491
Request,Damaging,2,0.0037,0.4376
Escaping,Manufacturing,2,0.0037,0.5797
Building,Giving,2,0.0037,1.5504
Education_teaching,Education_teaching,2,0.0037,2.9851
Motion_directional,Convincing,2,0.0037,0.5634
Arranging,GiveUp,2,0.0037,0.2621
Perception_active,Statement,2,0.0037,2.2472
Getting,Convincing,2,0.0037,0.5917
Education_teaching,Giving,2,0.0037,2.9851
Know,Death,2,0.0037,0.6472
Know,Damaging,2,0.0037,0.6472
Removing,Assistance,2,0.0037,1.0471
Conquering,Influence,2,0.0037,0.2608
Commitment,Influence,2,0.0037,4.3478
Placing,Damaging,2,0.0037,0.8032
Building,Arranging,2,0.0037,1.5504
Building,Being_in_operation,2,0.0037,1.5504
Building,Self_motion,2,0.0037,1.5504
Arranging,Being_in_operation,2,0.0037,0.2621
Hostile_encounter,Resolve_problem,2,0.0037,0.0639
Temporary_stay,Destroying,2,0.0037,4.1667
Bodily_harm,Resolve_problem,2,0.0037,0.6250
Patrolling,Hostile_encounter,2,0.0037,4.3478
Patrolling,Motion_directional,2,0.0037,4.3478
Bringing,Self_motion,2,0.0037,1.5038
Patrolling,Attack,2,0.0037,4.3478
Presence,Temporary_stay,2,0.0037,0.3527
Giving,Motion_directional,2,0.0037,1.1905
Giving,Achieve,2,0.0037,1.1905
Escaping,Judgment_communication,2,0.0037,0.5797
Filling,Destroying,2,0.0037,4.3478
Expansion,Arriving,2,0.0037,2.5974
Social_event,Traveling,2,0.0037,0.1566
Escaping,Besieging,2,0.0037,0.5797
Preventing_or_letting,Surrendering,2,0.0037,0.7782
Preventing_or_letting,Besieging,2,0.0037,0.7782
Removing,Escaping,2,0.0037,1.0471
Request,Besieging,2,0.0037,0.4376
Bodily_harm,Coming_to_believe,2,0.0037,0.6250
Bodily_harm,Reforming_a_system,2,0.0037,0.6250
Bodily_harm,Research,2,0.0037,0.6250
Building,Come_together,2,0.0037,1.5504
Cause_change_of_position_on_a_scale,Getting,2,0.0037,0.5141
Removing,Influence,2,0.0037,1.0471
Giving,Social_event,2,0.0037,1.1905
Removing,Control,2,0.0037,1.0471
Supply,Creating,2,0.0037,1.7857
Employment,Bodily_harm,2,0.0037,4.7619
Employment,Creating,2,0.0037,4.7619
Employment,Arrest,2,0.0037,4.7619
Cause_change_of_position_on_a_scale,Communication,2,0.0037,0.5141
Self_motion,Coming_to_believe,2,0.0037,0.2656
Supply,Control,2,0.0037,1.7857
Employment,Control,2,0.0037,4.7619
Collaboration,Death,2,0.0037,8.3333
Supporting,Placing,2,0.0037,1.4493
Supporting,Expansion,2,0.0037,1.4493
Giving,Choosing,2,0.0037,1.1905
Hold,Rewards_and_punishments,2,0.0037,0.3263
Statement,Legal_rulings,2,0.0037,1.0582
Deciding,Cause_change_of_position_on_a_scale,2,0.0037,1.0363
Supporting,Motion_directional,2,0.0037,1.4493
Supporting,Surrendering,2,0.0037,1.4493
Motion_directional,Achieve,2,0.0037,0.5634
Expressing_publicly,Bodily_harm,2,0.0037,0.8130
Change,Bodily_harm,2,0.0037,0.8511
Recovering,Reforming_a_system,2,0.0037,1.9608
Choosing,Change_of_leadership,2,0.0037,0.6944
Killing,Reforming_a_system,2,0.0037,0.2051
Process_start,Coming_to_believe,2,0.0037,0.1533
Arriving,Writing,2,0.0037,0.2656
Damaging,Change,2,0.0037,0.8032
Process_end,Communication,2,0.0037,0.6944
Coming_to_be,Supply,2,0.0037,0.0560
Recovering,Bodily_harm,2,0.0037,1.9608
Cause_to_make_progress,Earnings_and_losses,2,0.0037,0.9434
Arranging,Coming_to_believe,2,0.0037,0.2621
Come_together,Bodily_harm,2,0.0037,0.9217
Convincing,Bringing,2,0.0037,2.1277
Agree_or_refuse_to_act,Earnings_and_losses,2,0.0037,0.7663
Warning,Earnings_and_losses,2,0.0037,2.6316
Warning,Preventing_or_letting,2,0.0037,2.6316
Besieging,Departing,2,0.0037,0.7576
Cause_to_make_progress,Destroying,2,0.0037,0.9434
Warning,Departing,2,0.0037,2.6316
Cause_to_make_progress,Removing,2,0.0037,0.9434
Warning,Commitment,2,0.0037,2.6316
Surrendering,Death,2,0.0037,2.2727
Statement,Defending,2,0.0037,1.0582
Military_operation,Preventing_or_letting,2,0.0037,0.2235
Motion,Manufacturing,2,0.0037,0.1542
Building,Name_conferral,2,0.0037,1.5504
Competition,Coming_to_be,2,0.0037,0.1343
Presence,Choosing,2,0.0037,0.3527
Expressing_publicly,Supply,2,0.0037,0.8130
Motion_directional,Deciding,2,0.0037,0.5634
Creating,Becoming_a_member,2,0.0037,0.3431
Arriving,Connect,2,0.0037,0.2656
Coming_to_believe,Motion,2,0.0037,4.0816
Change_sentiment,Process_end,2,0.0037,5.2632
Bodily_harm,Surrendering,2,0.0037,0.6250
Motion,Resolve_problem,2,0.0037,0.1542
Choosing,Cause_to_amalgamate,2,0.0037,0.6944
Damaging,Placing,2,0.0037,0.8032
Influence,Defending,2,0.0037,0.9302
Process_start,Expend_resource,2,0.0037,0.1533
Expressing_publicly,Change_event_time,2,0.0037,0.8130
Cause_change_of_strength,Hold,2,0.0037,0.5063
Surrendering,Hold,2,0.0037,2.2727
Forming_relationships,Conquering,2,0.0037,4.2553
Earnings_and_losses,Deciding,2,0.0037,0.6116
Connect,Placing,2,0.0037,2.4390
Connect,Removing,2,0.0037,2.4390
Hold,Commitment,2,0.0037,0.3263
Becoming,Know,2,0.0037,0.8811
Becoming,Removing,2,0.0037,0.8811
Becoming,Supply,2,0.0037,0.8811
Becoming,Presence,2,0.0037,0.8811
Defending,Preventing_or_letting,2,0.0037,0.6192
Name_conferral,Agree_or_refuse_to_act,2,0.0037,7.1429
Expressing_publicly,Know,2,0.0037,0.8130
Recovering,Releasing,2,0.0037,1.9608
Arriving,Releasing,2,0.0037,0.2656
Bodily_harm,Arriving,2,0.0037,0.6250
Perception_active,Death,2,0.0037,2.2472
Perception_active,Placing,2,0.0037,2.2472
Military_operation,Influence,2,0.0037,0.2235
Control,Confronting_problem,2,0.0037,0.5618
Presence,GiveUp,2,0.0037,0.3527
Arriving,Sending,2,0.0037,0.2656
Sending,Creating,2,0.0037,0.7491
Filling,Creating,2,0.0037,4.3478
Collaboration,Destroying,2,0.0037,8.3333
Achieve,Becoming_a_member,2,0.0037,4.4444
Process_start,Being_in_operation,2,0.0037,0.1533
Reporting,Know,2,0.0037,4.7619
Change_event_time,Expressing_publicly,2,0.0037,2.8169
Traveling,Action,2,0.0037,0.1867
Traveling,Request,2,0.0037,0.1867
Killing,Expend_resource,2,0.0037,0.2051
Know,Openness,2,0.0037,0.6472
Killing,Commerce_pay,2,0.0037,0.2051
Sending,Expressing_publicly,2,0.0037,0.7491
Killing,Sending,2,0.0037,0.2051
Giving,Releasing,2,0.0037,1.1905
Departing,Judgment_communication,2,0.0037,0.8230
Change_event_time,Motion_directional,2,0.0037,2.8169
Cause_change_of_strength,Know,2,0.0037,0.5063
Change_event_time,Cause_change_of_strength,2,0.0037,2.8169
Motion_directional,Motion_directional,2,0.0037,0.5634
Name_conferral,Removing,2,0.0037,7.1429
Come_together,Giving,2,0.0037,0.9217
Come_together,Supporting,2,0.0037,0.9217
Cause_to_amalgamate,Arriving,2,0.0037,1.5504
Cause_to_amalgamate,Sending,2,0.0037,1.5504
Dispersal,Presence,2,0.0037,2.1053
Sending,Supporting,2,0.0037,0.7491
Dispersal,Sending,2,0.0037,2.1053
Dispersal,Supporting,2,0.0037,2.1053
Dispersal,Self_motion,2,0.0037,2.1053
Dispersal,Cause_to_amalgamate,2,0.0037,2.1053
Self_motion,Reveal_secret,2,0.0037,0.2656
Coming_to_be,Filling,2,0.0037,0.0560
Cause_change_of_strength,Filling,2,0.0037,0.5063
Cause_change_of_strength,Manufacturing,2,0.0037,0.5063
Communication,Control,2,0.0037,1.2739
Use_firearm,Motion,2,0.0037,0.2632
Process_start,Commerce_pay,2,0.0037,0.1533
Becoming,Achieve,2,0.0037,0.8811
Expansion,Preserving,2,0.0037,2.5974
Cause_to_make_progress,Attack,2,0.0037,0.9434
Supporting,Change,2,0.0037,1.4493
Damaging,Response,2,0.0037,0.8032
Motion_directional,Expressing_publicly,2,0.0037,0.5634
Surrendering,Request,2,0.0037,2.2727
Creating,GetReady,2,0.0037,0.3431
Perception_active,Preventing_or_letting,2,0.0037,2.2472
Process_end,Violence,2,0.0037,0.6944
Forming_relationships,Hindering,2,0.0037,4.2553
Forming_relationships,Destroying,2,0.0037,4.2553
Forming_relationships,Damaging,2,0.0037,4.2553
Manufacturing,Arriving,2,0.0037,1.4815
Manufacturing,Catastrophe,2,0.0037,1.4815
Destroying,Manufacturing,2,0.0037,0.4237
Cause_to_amalgamate,Action,2,0.0037,1.5504
Expansion,Recording,2,0.0037,2.5974
Expansion,Manufacturing,2,0.0037,2.5974
Patrolling,Damaging,2,0.0037,4.3478
Education_teaching,Bodily_harm,2,0.0037,2.9851
Expansion,Dispersal,2,0.0037,2.5974
Being_in_operation,Becoming,2,0.0037,1.6000
Dispersal,Filling,2,0.0037,2.1053
Openness,Creating,2,0.0037,2.4691
Process_start,Surrounding,2,0.0037,0.1533
Change,Supporting,2,0.0037,0.8511
Renting,Earnings_and_losses,2,0.0037,28.5714
Conquering,Writing,2,0.0037,0.2608
Hold,Military_operation,2,0.0037,0.3263
Hold,Criminal_investigation,2,0.0037,0.3263
Hold,Manufacturing,2,0.0037,0.3263
Recording,Cause_change_of_position_on_a_scale,2,0.0037,4.4444
Creating,Confronting_problem,2,0.0037,0.3431
Expressing_publicly,Expansion,2,0.0037,0.8130
Sign_agreement,Expansion,2,0.0037,1.2270
Confronting_problem,Conquering,2,0.0037,2.7397
Destroying,Response,2,0.0037,0.4237
Rewards_and_punishments,Death,2,0.0037,8.3333
Bringing,Know,2,0.0037,1.5038
Motion,Response,2,0.0037,0.1542
Action,Change,2,0.0037,0.5391
Action,Quarreling,2,0.0037,0.5391
Military_operation,Presence,2,0.0037,0.2235
Change_of_leadership,Telling,2,0.0037,0.3540
Cause_to_amalgamate,Social_event,2,0.0037,1.5504
Choosing,Manufacturing,2,0.0037,0.6944
Supporting,Dispersal,2,0.0037,1.4493
Cause_to_make_progress,Expressing_publicly,2,0.0037,0.9434
Killing,Departing,2,0.0037,0.2051
Arriving,Presence,2,0.0037,0.2656
Supporting,Collaboration,2,0.0037,1.4493
Research,Self_motion,2,0.0037,6.8966
Commitment,Killing,2,0.0037,4.3478
Sign_agreement,Expressing_publicly,2,0.0037,1.2270
Surrendering,Sign_agreement,2,0.0037,2.2727
Creating,Preserving,2,0.0037,0.3431
Commerce_sell,Placing,2,0.0037,2.9412
Publishing,Recording,2,0.0037,1.7544
Motion_directional,Process_end,2,0.0037,0.5634
Military_operation,Recording,2,0.0037,0.2235
Becoming,Change_event_time,2,0.0037,0.8811
Attack,Bearing_arms,2,0.0037,0.0488
Change_of_leadership,Hiding_objects,2,0.0037,0.3540
Arrest,Bringing,2,0.0037,0.9390
Arranging,Dispersal,2,0.0037,0.2621
Preventing_or_letting,Request,2,0.0037,0.7782
Process_start,Openness,2,0.0037,0.1533
Legal_rulings,Quarreling,2,0.0037,2.5974
Becoming_a_member,Request,2,0.0037,2.4691
Earnings_and_losses,Sending,2,0.0037,0.6116
Coming_to_be,Building,2,0.0037,0.0560
Coming_to_be,Surrendering,2,0.0037,0.0560
Surrendering,Building,2,0.0037,2.2727
Besieging,Building,2,0.0037,0.7576
Getting,Action,2,0.0037,0.5917
Recovering,Expansion,2,0.0037,1.9608
Temporary_stay,Giving,2,0.0037,4.1667
Process_start,Writing,2,0.0037,0.1533
Convincing,GiveUp,2,0.0037,2.1277
Surrounding,Process_start,2,0.0037,6.0606
Assistance,Defending,2,0.0037,1.3072
Surrounding,Removing,2,0.0037,6.0606
Defending,Expressing_publicly,2,0.0037,0.6192
Statement,Placing,2,0.0037,1.0582
Agree_or_refuse_to_act,Quarreling,2,0.0037,0.7663
Statement,Change_sentiment,2,0.0037,1.0582
Expend_resource,Earnings_and_losses,2,0.0037,3.6364
Presence,Hindering,2,0.0037,0.3527
Preserving,Escaping,2,0.0037,10.0000
Reforming_a_system,Conquering,2,0.0037,4.0816
Giving,Giving,2,0.0037,1.1905
Request,Patrolling,2,0.0037,0.4376
Besieging,Request,2,0.0037,0.7576
Besieging,Achieve,2,0.0037,0.7576
Besieging,Patrolling,2,0.0037,0.7576
Conquering,Cause_to_make_progress,2,0.0037,0.2608
Competition,Cause_to_amalgamate,2,0.0037,0.1343
Departing,Telling,2,0.0037,0.8230
Communication,Convincing,2,0.0037,1.2739
GiveUp,Creating,2,0.0037,3.2787
Deciding,Becoming,2,0.0037,1.0363
Creating,Bringing,2,0.0037,0.3431
Statement,GiveUp,2,0.0037,1.0582
Cause_to_amalgamate,Reforming_a_system,2,0.0037,1.5504
Removing,Request,2,0.0037,1.0471
Statement,Emptying,2,0.0037,1.0582
Statement,Deciding,2,0.0037,1.0582
Destroying,Violence,2,0.0037,0.4237
Reporting,Bodily_harm,2,0.0037,4.7619
Reporting,Violence,2,0.0037,4.7619
Becoming,Statement,2,0.0037,0.8811
Come_together,Request,2,0.0037,0.9217
Becoming,Building,2,0.0037,0.8811
Becoming,Placing,2,0.0037,0.8811
Hindering,Statement,2,0.0037,2.5000
Arranging,Openness,2,0.0037,0.2621
Deciding,Departing,2,0.0037,1.0363
Terrorism,Creating,2,0.0037,0.3509
Placing,Resolve_problem,2,0.0037,0.8032
Besieging,Hindering,2,0.0037,0.7576
Damaging,Recovering,2,0.0037,0.8032
Emptying,Process_end,2,0.0037,5.0000
Agree_or_refuse_to_act,Connect,2,0.0037,0.7663
Building,Motion_directional,2,0.0037,1.5504
Cause_to_make_progress,Perception_active,2,0.0037,0.9434
Cause_to_make_progress,Reveal_secret,2,0.0037,0.9434
Control,Supply,2,0.0037,0.5618
Getting,Rescuing,2,0.0037,0.5917
Surrendering,Destroying,2,0.0037,2.2727
Control,Violence,2,0.0037,0.5618
Placing,Motion_directional,2,0.0037,0.8032
Placing,Catastrophe,2,0.0037,0.8032
Know,Recovering,2,0.0037,0.6472
Process_start,Bearing_arms,2,0.0037,0.1533
Creating,Traveling,2,0.0037,0.3431
Creating,Violence,2,0.0037,0.3431
Action,Receiving,2,0.0037,0.5391
Supply,Escaping,2,0.0037,1.7857
Arranging,Employment,2,0.0037,0.2621
Arranging,Recording,2,0.0037,0.2621
Building,Arrest,2,0.0037,1.5504
Motion_directional,Control,2,0.0037,0.5634
Legal_rulings,Receiving,2,0.0037,2.5974
Hold,Damaging,2,0.0037,0.3263
Committing_crime,Emptying,2,0.0037,0.7273
Committing_crime,Being_in_operation,2,0.0037,0.7273
Bringing,Removing,2,0.0037,1.5038
Quarreling,Attack,2,0.0037,1.8182
Quarreling,Check,2,0.0037,1.8182
Check,Commerce_sell,2,0.0037,3.2787
Arriving,Surrounding,2,0.0037,0.2656
Confronting_problem,Coming_to_believe,2,0.0037,2.7397
Education_teaching,Becoming,2,0.0037,2.9851
Being_in_operation,Bodily_harm,2,0.0037,1.6000
Collaboration,Supporting,2,0.0037,8.3333
Bodily_harm,Hold,2,0.0037,0.6250
Death,Action,2,0.0037,0.4255
Come_together,Creating,2,0.0037,0.9217
Getting,Receiving,2,0.0037,0.5917
Resolve_problem,Conquering,2,0.0037,7.1429
Reporting,Quarreling,2,0.0037,4.7619
Becoming,Social_event,2,0.0037,0.8811
Besieging,Rescuing,2,0.0037,0.7576
Cause_to_amalgamate,Catastrophe,2,0.0037,1.5504
Quarreling,Process_end,2,0.0037,1.8182
Quarreling,Competition,2,0.0037,1.8182
Self_motion,Convincing,2,0.0037,0.2656
Confronting_problem,Becoming,2,0.0037,2.7397
Confronting_problem,Killing,2,0.0037,2.7397
Connect,Response,2,0.0037,2.4390
Defending,Manufacturing,2,0.0037,0.6192
Deciding,Body_movement,2,0.0037,1.0363
Expressing_publicly,Name_conferral,2,0.0037,0.8130
Hold,Body_movement,2,0.0037,0.3263
Becoming_a_member,Motion,2,0.0037,2.4691
Terrorism,Communication,2,0.0037,0.3509
Terrorism,Telling,2,0.0037,0.3509
Earnings_and_losses,Achieve,2,0.0037,0.6116
Giving,Cause_to_amalgamate,2,0.0037,1.1905
Supply,Agree_or_refuse_to_act,2,0.0037,1.7857
Military_operation,Process_start,2,0.0037,0.2235
Damaging,Motion_directional,2,0.0037,0.8032
Convincing,Action,2,0.0037,2.1277
Damaging,Arranging,2,0.0037,0.8032
Expend_resource,Bodily_harm,2,0.0037,3.6364
Expend_resource,Killing,2,0.0037,3.6364
GiveUp,Becoming_a_member,2,0.0037,3.2787
Preserving,Destroying,2,0.0037,10.0000
Know,Warning,2,0.0037,0.6472
Warning,Removing,2,0.0037,2.6316
Damaging,Receiving,2,0.0037,0.8032
Creating,Receiving,2,0.0037,0.3431
Getting,Social_event,2,0.0037,0.5917
Receiving,Action,2,0.0037,2.1277
Traveling,Defending,2,0.0037,0.1867
Communication,Coming_to_be,2,0.0037,1.2739
Protest,Motion,2,0.0037,1.6807
Protest,Destroying,2,0.0037,1.6807
Presence,Use_firearm,2,0.0037,0.3527
Protest,Come_together,2,0.0037,1.6807
Death,Change_event_time,2,0.0037,0.4255
Death,Arranging,2,0.0037,0.4255
Cause_change_of_position_on_a_scale,Besieging,2,0.0037,0.5141
Terrorism,Destroying,2,0.0037,0.3509
Terrorism,Damaging,2,0.0037,0.3509
Control,Competition,2,0.0037,0.5618
Becoming_a_member,Becoming_a_member,2,0.0037,2.4691
Body_movement,Getting,2,0.0037,2.2472
Becoming,Process_start,2,0.0037,0.8811
Bodily_harm,Reporting,2,0.0037,0.6250
Placing,Change_of_leadership,2,0.0037,0.8032
Know,Reporting,2,0.0037,0.6472
Achieve,Name_conferral,2,0.0037,4.4444
Presence,Commitment,2,0.0037,0.3527
Openness,Attack,2,0.0037,2.4691
Sign_agreement,Telling,2,0.0037,1.2270
Motion_directional,Becoming_a_member,2,0.0037,0.5634
Arranging,Violence,2,0.0037,0.2621
Quarreling,Sign_agreement,2,0.0037,1.8182
Becoming_a_member,Escaping,2,0.0037,2.4691
Emptying,Committing_crime,2,0.0037,5.0000
Scrutiny,Hostile_encounter,2,0.0037,2.2727
Becoming_a_member,Traveling,2,0.0037,2.4691
Cause_to_make_progress,Manufacturing,2,0.0037,0.9434
Cause_to_make_progress,Assistance,2,0.0037,0.9434
Warning,Escaping,2,0.0037,2.6316
Sending,Building,2,0.0037,0.7491
Expressing_publicly,Publishing,2,0.0037,0.8130
Telling,Motion,2,0.0037,4.2553
Arriving,Recording,2,0.0037,0.2656
Escaping,Change_event_time,2,0.0037,0.5797
Supply,Killing,2,0.0037,1.7857
Scrutiny,Earnings_and_losses,2,0.0037,2.2727
Action,Deciding,2,0.0037,0.5391
Hold,Commerce_sell,2,0.0037,0.3263
Openness,Damaging,2,0.0037,2.4691
Openness,Expansion,2,0.0037,2.4691
Damaging,Process_start,2,0.0037,0.8032
Supply,Placing,2,0.0037,1.7857
Arranging,Placing,2,0.0037,0.2621
Collaboration,Damaging,2,0.0037,8.3333
Quarreling,Defending,2,0.0037,1.8182
GiveUp,Change,2,0.0037,3.2787
Preventing_or_letting,Damaging,2,0.0037,0.7782
Preventing_or_letting,Catastrophe,2,0.0037,0.7782
Arriving,Agree_or_refuse_to_act,2,0.0037,0.2656
Catastrophe,Defending,2,0.0037,0.0180
Hold,Supporting,2,0.0037,0.3263
Becoming_a_member,Deciding,2,0.0037,2.4691
Body_movement,Change,2,0.0037,2.2472
Giving,Perception_active,2,0.0037,1.1905
Sign_agreement,Confronting_problem,2,0.0037,1.2270
Motion,Besieging,2,0.0037,0.1542
Change,Violence,2,0.0037,0.8511
Violence,Becoming,2,0.0037,0.4598
Violence,Confronting_problem,2,0.0037,0.4598
Violence,Perception_active,2,0.0037,0.4598
Quarreling,Social_event,2,0.0037,1.8182
Preventing_or_letting,Building,2,0.0037,0.7782
Coming_to_believe,Preventing_or_letting,2,0.0037,4.0816
Bodily_harm,Supply,2,0.0037,0.6250
Bodily_harm,Come_together,2,0.0037,0.6250
Control,Communication,2,0.0037,0.5618
Control,Statement,2,0.0037,0.5618
Manufacturing,Statement,2,0.0037,1.4815
Sign_agreement,Giving,2,0.0037,1.2270
Presence,Hold,2,0.0037,0.3527
Action,Recording,2,0.0037,0.5391
GiveUp,Control,2,0.0037,3.2787
Receiving,Arranging,2,0.0037,2.1277
GiveUp,Competition,2,0.0037,3.2787
Competition,GiveUp,2,0.0037,0.1343
Being_in_operation,Cause_change_of_position_on_a_scale,2,0.0037,1.6000
Committing_crime,Perception_active,2,0.0037,0.7273
Committing_crime,Cause_to_amalgamate,2,0.0037,0.7273
Influence,Giving,2,0.0037,0.9302
Defending,Hold,2,0.0037,0.6192
Cause_change_of_position_on_a_scale,Process_start,2,0.0037,0.5141
Award,Giving,2,0.0037,22.2222
Besieging,Self_motion,2,0.0037,0.7576
Besieging,Supply,2,0.0037,0.7576
Motion_directional,Statement,2,0.0037,0.5634
Placing,Competition,2,0.0037,0.8032
Creating,Deciding,2,0.0037,0.3431
Cause_to_make_progress,Competition,2,0.0037,0.9434
Change,Achieve,2,0.0037,0.8511
Getting,Award,2,0.0037,0.5917
Hold,Cause_to_be_included,2,0.0037,0.3263
Manufacturing,Choosing,2,0.0037,1.4815
Competition,Commitment,2,0.0037,0.1343
Dispersal,Competition,2,0.0037,2.1053
Ratification,Bringing,1,0.0019,5.0000
Preventing_or_letting,Name_conferral,1,0.0019,0.3891
Research,Convincing,1,0.0019,3.4483
Arrest,Patrolling,1,0.0019,0.4695
Legal_rulings,Criminal_investigation,1,0.0019,1.2987
Breathing,Rescuing,1,0.0019,33.3333
Breathing,Death,1,0.0019,33.3333
Breathing,Check,1,0.0019,33.3333
Communication,Committing_crime,1,0.0019,0.6369
Control,Risk,1,0.0019,0.2809
Risk,Hindering,1,0.0019,6.6667
Hindering,Self_motion,1,0.0019,1.2500
Hindering,Breathing,1,0.0019,1.2500
Earnings_and_losses,Breathing,1,0.0019,0.3058
Motion,Breathing,1,0.0019,0.0771
Arrest,Body_movement,1,0.0019,0.4695
Earnings_and_losses,Temporary_stay,1,0.0019,0.3058
Arrest,Breathing,1,0.0019,0.4695
Deciding,Extradition,1,0.0019,0.5181
Placing,Breathing,1,0.0019,0.4016
Agree_or_refuse_to_act,Body_movement,1,0.0019,0.3831
Commerce_sell,Arriving,1,0.0019,1.4706
Agree_or_refuse_to_act,Breathing,1,0.0019,0.3831
Supply,Commerce_pay,1,0.0019,0.8929
Reveal_secret,Presence,1,0.0019,3.2258
Motion_directional,Releasing,1,0.0019,0.2817
Commitment,Achieve,1,0.0019,2.1739
Killing,Risk,1,0.0019,0.1026
Name_conferral,Judgment_communication,1,0.0019,3.5714
Bringing,Catastrophe,1,0.0019,0.7519
Ratification,Damaging,1,0.0019,5.0000
Building,Scouring,1,0.0019,0.7752
Building,Statement,1,0.0019,0.7752
Building,Labeling,1,0.0019,0.7752
Building,Reporting,1,0.0019,0.7752
Arrest,Check,1,0.0019,0.4695
Criminal_investigation,Arrest,1,0.0019,0.8403
Sending,Prison,1,0.0019,0.3745
Reveal_secret,Killing,1,0.0019,3.2258
Reveal_secret,Giving,1,0.0019,3.2258
Protest,Becoming_a_member,1,0.0019,0.8403
Expressing_publicly,Perception_active,1,0.0019,0.4065
Social_event,Justifying,1,0.0019,0.0783
Theft,Hostile_encounter,1,0.0019,7.6923
Theft,Change,1,0.0019,7.6923
Supporting,Preventing_or_letting,1,0.0019,0.7246
Name_conferral,Publishing,1,0.0019,3.5714
Education_teaching,Cause_to_be_included,1,0.0019,1.4925
Arranging,Vocalizations,1,0.0019,0.1311
Come_together,Vocalizations,1,0.0019,0.4608
Competition,Departing,1,0.0019,0.0672
Competition,Agree_or_refuse_to_act,1,0.0019,0.0672
Competition,Legal_rulings,1,0.0019,0.0672
Competition,Hindering,1,0.0019,0.0672
Removing,Legal_rulings,1,0.0019,0.5236
Change_event_time,Know,1,0.0019,1.4085
Request,Ratification,1,0.0019,0.2188
Request,Submitting_documents,1,0.0019,0.2188
Submitting_documents,Ratification,1,0.0019,4.5455
Ratification,Request,1,0.0019,5.0000
Submitting_documents,Creating,1,0.0019,4.5455
Submitting_documents,Request,1,0.0019,4.5455
Earnings_and_losses,Institutionalization,1,0.0019,0.3058
Earnings_and_losses,Action,1,0.0019,0.3058
Recording,Self_motion,1,0.0019,2.2222
Commerce_pay,Recording,1,0.0019,3.5714
Quarreling,Process_start,1,0.0019,0.9091
Conquering,Extradition,1,0.0019,0.1304
Building,Removing,1,0.0019,0.7752
Extradition,Killing,1,0.0019,25.0000
Attack,Theft,1,0.0019,0.0244
Prison,Process_end,1,0.0019,16.6667
Incident,Bodily_harm,1,0.0019,5.5556
Cause_to_amalgamate,Control,1,0.0019,0.7752
Change_of_leadership,Incident,1,0.0019,0.1770
Agree_or_refuse_to_act,Action,1,0.0019,0.3831
Sign_agreement,Achieve,1,0.0019,0.6135
Preserving,Testing,1,0.0019,5.0000
Departing,Hindering,1,0.0019,0.4115
Justifying,Change,1,0.0019,14.2857
Damaging,Rescuing,1,0.0019,0.4016
Creating,Rescuing,1,0.0019,0.1715
Traveling,Come_together,1,0.0019,0.0934
Traveling,Agree_or_refuse_to_act,1,0.0019,0.0934
Agree_or_refuse_to_act,Surrendering,1,0.0019,0.3831
Building,Agree_or_refuse_to_act,1,0.0019,0.7752
Hold,Practice,1,0.0019,0.1631
Ratification,Becoming,1,0.0019,5.0000
Ratification,Giving,1,0.0019,5.0000
Placing,Cause_to_make_progress,1,0.0019,0.4016
Risk,Process_start,1,0.0019,6.6667
Know,Control,1,0.0019,0.3236
Warning,Sending,1,0.0019,1.3158
Risk,Sending,1,0.0019,6.6667
Warning,Risk,1,0.0019,1.3158
Process_start,Risk,1,0.0019,0.0766
Scouring,Escaping,1,0.0019,4.5455
Having_or_lacking_access,Escaping,1,0.0019,6.2500
Cause_change_of_strength,Reveal_secret,1,0.0019,0.2532
Receiving,Destroying,1,0.0019,1.0638
Influence,Receiving,1,0.0019,0.4651
Releasing,Expressing_publicly,1,0.0019,2.9412
Influence,Collaboration,1,0.0019,0.4651
Becoming,Expansion,1,0.0019,0.4405
Becoming,Bringing,1,0.0019,0.4405
Change,Deciding,1,0.0019,0.4255
Theft,Criminal_investigation,1,0.0019,7.6923
Destroying,Criminal_investigation,1,0.0019,0.2119
Commerce_pay,Criminal_investigation,1,0.0019,3.5714
Exchange,Removing,1,0.0019,5.0000
Exchange,Justifying,1,0.0019,5.0000
Commerce_pay,Justifying,1,0.0019,3.5714
Justifying,Removing,1,0.0019,14.2857
Commerce_pay,Know,1,0.0019,3.5714
Know,Reforming_a_system,1,0.0019,0.3236
Justifying,Criminal_investigation,1,0.0019,14.2857
Connect,Temporary_stay,1,0.0019,1.2195
Wearing,Request,1,0.0019,4.3478
Recovering,Expressing_publicly,1,0.0019,0.9804
Arranging,Research,1,0.0019,0.1311
Removing,Research,1,0.0019,0.5236
Bodily_harm,Dispersal,1,0.0019,0.3125
Sign_agreement,Commitment,1,0.0019,0.6135
Commitment,Exchange,1,0.0019,2.1739
Response,Institutionalization,1,0.0019,0.6329
Response,Ingestion,1,0.0019,0.6329
Preventing_or_letting,Cause_to_be_included,1,0.0019,0.3891
Ingestion,Institutionalization,1,0.0019,11.1111
Know,Being_in_operation,1,0.0019,0.3236
Hostile_encounter,Ratification,1,0.0019,0.0320
Choosing,Action,1,0.0019,0.3472
Robbery,Action,1,0.0019,5.0000
Commitment,Hostile_encounter,1,0.0019,2.1739
Hindering,Change,1,0.0019,1.2500
Getting,Change_of_leadership,1,0.0019,0.2959
Cause_change_of_strength,Giving,1,0.0019,0.2532
Institutionalization,Death,1,0.0019,50.0000
Control,Come_together,1,0.0019,0.2809
Wearing,GiveUp,1,0.0019,4.3478
Wearing,Agree_or_refuse_to_act,1,0.0019,4.3478
Creating,Wearing,1,0.0019,0.1715
Connect,Supporting,1,0.0019,1.2195
Change_sentiment,Attack,1,0.0019,2.6316
Change_sentiment,Damaging,1,0.0019,2.6316
Bringing,Releasing,1,0.0019,0.7519
Bringing,Getting,1,0.0019,0.7519
Influence,Releasing,1,0.0019,0.4651
Committing_crime,Change_event_time,1,0.0019,0.3636
Convincing,Cure,1,0.0019,1.0638
Expansion,Coming_to_believe,1,0.0019,1.2987
Change_sentiment,Becoming,1,0.0019,2.6316
Supporting,Becoming,1,0.0019,0.7246
Change_sentiment,Supporting,1,0.0019,2.6316
Hindering,Coming_to_be,1,0.0019,1.2500
Request,Wearing,1,0.0019,0.2188
Recovering,Action,1,0.0019,0.9804
Recovering,Change_event_time,1,0.0019,0.9804
Hostile_encounter,Suspicion,1,0.0019,0.0320
Supporting,Being_in_operation,1,0.0019,0.7246
Expressing_publicly,Supporting,1,0.0019,0.4065
Expressing_publicly,Giving,1,0.0019,0.4065
Coming_to_be,Wearing,1,0.0019,0.0280
Telling,Coming_to_believe,1,0.0019,2.1277
Change,Cause_to_be_included,1,0.0019,0.4255
Practice,Receiving,1,0.0019,12.5000
Practice,Earnings_and_losses,1,0.0019,12.5000
Assistance,Resolve_problem,1,0.0019,0.6536
Risk,Bodily_harm,1,0.0019,6.6667
Sign_agreement,Self_motion,1,0.0019,0.6135
Collaboration,Self_motion,1,0.0019,4.1667
Sign_agreement,Bodily_harm,1,0.0019,0.6135
Forming_relationships,Legality,1,0.0019,2.1277
Receiving,Change_of_leadership,1,0.0019,1.0638
Risk,Sign_agreement,1,0.0019,6.6667
Earnings_and_losses,Surrendering,1,0.0019,0.3058
Resolve_problem,Recovering,1,0.0019,3.5714
Motion_directional,Coming_to_be,1,0.0019,0.2817
Cause_change_of_position_on_a_scale,Filling,1,0.0019,0.2571
Publishing,Vocalizations,1,0.0019,0.8772
Deciding,Resolve_problem,1,0.0019,0.5181
Coming_to_be,Vocalizations,1,0.0019,0.0280
Filling,Cause_change_of_position_on_a_scale,1,0.0019,2.1739
Placing,Rewards_and_punishments,1,0.0019,0.4016
Reforming_a_system,Influence,1,0.0019,2.0408
Coming_to_believe,Response,1,0.0019,2.0408
Coming_to_believe,Commitment,1,0.0019,2.0408
Change_sentiment,Arranging,1,0.0019,2.6316
Response,Wearing,1,0.0019,0.6329
Violence,Control,1,0.0019,0.2299
Change_of_leadership,Reforming_a_system,1,0.0019,0.1770
Arriving,Reforming_a_system,1,0.0019,0.1328
Coming_to_believe,Wearing,1,0.0019,2.0408
Assistance,Reforming_a_system,1,0.0019,0.6536
Removing,Earnings_and_losses,1,0.0019,0.5236
Attack,Wearing,1,0.0019,0.0244
Name_conferral,Change,1,0.0019,3.5714
Change_sentiment,Cause_to_amalgamate,1,0.0019,2.6316
Influence,Dispersal,1,0.0019,0.4651
Becoming_a_member,Control,1,0.0019,1.2346
Hiding_objects,Legal_rulings,1,0.0019,4.1667
Hiding_objects,Death,1,0.0019,4.1667
Hiding_objects,Bringing,1,0.0019,4.1667
Death,Choosing,1,0.0019,0.2128
Convincing,Judgment_communication,1,0.0019,1.0638
Deciding,Coming_to_believe,1,0.0019,0.5181
Use_firearm,Protest,1,0.0019,0.1316
Legal_rulings,Change,1,0.0019,1.2987
Legal_rulings,Protest,1,0.0019,1.2987
Destroying,Openness,1,0.0019,0.2119
Request,Temporary_stay,1,0.0019,0.2188
Convincing,Change_event_time,1,0.0019,1.0638
Commitment,Assistance,1,0.0019,2.1739
Convincing,Arriving,1,0.0019,1.0638
Preventing_or_letting,Change_event_time,1,0.0019,0.3891
Kidnapping,Hold,1,0.0019,0.5405
Convincing,Extradition,1,0.0019,1.0638
Kidnapping,Extradition,1,0.0019,0.5405
Hold,Extradition,1,0.0019,0.1631
Convincing,Hold,1,0.0019,1.0638
Motion,Extradition,1,0.0019,0.0771
Arranging,Body_movement,1,0.0019,0.1311
Coming_to_believe,Prison,1,0.0019,2.0408
Cause_to_be_included,Prison,1,0.0019,2.9412
Reveal_secret,Arrest,1,0.0019,3.2258
Reveal_secret,Placing,1,0.0019,3.2258
Cause_to_be_included,Legality,1,0.0019,2.9412
Cause_to_be_included,Coming_to_believe,1,0.0019,2.9412
Cause_to_be_included,Legal_rulings,1,0.0019,2.9412
Cause_to_be_included,Removing,1,0.0019,2.9412
Kidnapping,Scrutiny,1,0.0019,0.5405
Convincing,Killing,1,0.0019,1.0638
Releasing,Committing_crime,1,0.0019,2.9412
Departing,Releasing,1,0.0019,0.4115
Kidnapping,Kidnapping,1,0.0019,0.5405
Kidnapping,Defending,1,0.0019,0.5405
Departing,Change_sentiment,1,0.0019,0.4115
Kidnapping,Change_sentiment,1,0.0019,0.5405
Kidnapping,Warning,1,0.0019,0.5405
Carry_goods,Sending,1,0.0019,6.2500
Communication,Award,1,0.0019,0.6369
GetReady,Control,1,0.0019,2.1739
Change_tool,Attack,1,0.0019,10.0000
Change_tool,Judgment_communication,1,0.0019,10.0000
Change_tool,Assistance,1,0.0019,10.0000
Hold,Carry_goods,1,0.0019,0.1631
Change_tool,Death,1,0.0019,10.0000
Process_end,Motion_directional,1,0.0019,0.3472
Change_tool,Destroying,1,0.0019,10.0000
Agree_or_refuse_to_act,Motion_directional,1,0.0019,0.3831
Change_tool,Motion_directional,1,0.0019,10.0000
Create_artwork,Deciding,1,0.0019,5.2632
Manufacturing,Vocalizations,1,0.0019,0.7407
Agree_or_refuse_to_act,Bringing,1,0.0019,0.3831
Presence,Defending,1,0.0019,0.1764
Motion,Ingestion,1,0.0019,0.0771
Judgment_communication,Justifying,1,0.0019,0.4065
Receiving,Social_event,1,0.0019,1.0638
Commerce_pay,Motion,1,0.0019,3.5714
Commerce_pay,Departing,1,0.0019,3.5714
Bodily_harm,Preserving,1,0.0019,0.3125
Change,Preserving,1,0.0019,0.4255
Influence,Come_together,1,0.0019,0.4651
Arrest,Cause_change_of_position_on_a_scale,1,0.0019,0.4695
Arrest,Change,1,0.0019,0.4695
Destroying,Prison,1,0.0019,0.2119
Coming_to_be,Prison,1,0.0019,0.0280
Destroying,Arrest,1,0.0019,0.2119
Manufacturing,Confronting_problem,1,0.0019,0.7407
Response,Giving,1,0.0019,0.6329
Scouring,Coming_to_be,1,0.0019,4.5455
Escaping,Use_firearm,1,0.0019,0.2899
Publishing,Criminal_investigation,1,0.0019,0.8772
Publishing,Giving,1,0.0019,0.8772
Giving,Criminal_investigation,1,0.0019,0.5952
Recovering,Sending,1,0.0019,0.9804
Ratification,Sending,1,0.0019,5.0000
Building,Besieging,1,0.0019,0.7752
Telling,Resolve_problem,1,0.0019,2.1277
Hindering,Bringing,1,0.0019,1.2500
Process_end,Arranging,1,0.0019,0.3472
Rescuing,Recovering,1,0.0019,2.5641
Military_operation,Submitting_documents,1,0.0019,0.1117
Violence,Reforming_a_system,1,0.0019,0.2299
Dispersal,Dispersal,1,0.0019,1.0526
Expansion,Expend_resource,1,0.0019,1.2987
Arrest,Dispersal,1,0.0019,0.4695
Dispersal,Arrest,1,0.0019,1.0526
Scrutiny,Coming_to_believe,1,0.0019,1.1364
Death,Arrest,1,0.0019,0.2128
Commerce_sell,Damaging,1,0.0019,1.4706
Process_start,Change_sentiment,1,0.0019,0.0766
Sending,Recording,1,0.0019,0.3745
Placing,Recording,1,0.0019,0.4016
Openness,Influence,1,0.0019,1.2346
Openness,Arrest,1,0.0019,1.2346
Openness,Committing_crime,1,0.0019,1.2346
Openness,Legal_rulings,1,0.0019,1.2346
Arriving,Manufacturing,1,0.0019,0.1328
Body_movement,Creating,1,0.0019,1.1236
Traveling,Surrounding,1,0.0019,0.0934
Bringing,Communication,1,0.0019,0.7519
Communication,Quarreling,1,0.0019,0.6369
Robbery,Attack,1,0.0019,5.0000
Writing,Check,1,0.0019,4.1667
Coming_to_be,Protest,1,0.0019,0.0280
Becoming_a_member,Cause_to_amalgamate,1,0.0019,1.2346
Protest,Bringing,1,0.0019,0.8403
Preserving,Supply,1,0.0019,5.0000
Reveal_secret,Removing,1,0.0019,3.2258
Destroying,Commitment,1,0.0019,0.2119
Use_firearm,Military_operation,1,0.0019,0.1316
Expressing_publicly,Use_firearm,1,0.0019,0.4065
Justifying,Attack,1,0.0019,14.2857
Testing,Deciding,1,0.0019,0.6579
Coming_to_believe,Deciding,1,0.0019,2.0408
Change_of_leadership,Reporting,1,0.0019,0.1770
Sign_agreement,Building,1,0.0019,0.6135
Temporary_stay,Catastrophe,1,0.0019,2.0833
Temporary_stay,Connect,1,0.0019,2.0833
Rewards_and_punishments,Cause_change_of_strength,1,0.0019,4.1667
Cure,Death,1,0.0019,11.1111
Giving,Legality,1,0.0019,0.5952
Defending,Catastrophe,1,0.0019,0.3096
Rescuing,Change_of_leadership,1,0.0019,2.5641
Sign_agreement,Releasing,1,0.0019,0.6135
Rescuing,Catastrophe,1,0.0019,2.5641
Defending,Rewards_and_punishments,1,0.0019,0.3096
Defending,Sign_agreement,1,0.0019,0.3096
Reveal_secret,Conquering,1,0.0019,3.2258
Reveal_secret,Hostile_encounter,1,0.0019,3.2258
Use_firearm,Choosing,1,0.0019,0.1316
Patrolling,Scrutiny,1,0.0019,2.1739
Incident,Killing,1,0.0019,5.5556
Deciding,Use_firearm,1,0.0019,0.5181
Suspicion,Testing,1,0.0019,20.0000
Incident,Judgment_communication,1,0.0019,5.5556
Incident,Testing,1,0.0019,5.5556
Military_operation,Deciding,1,0.0019,0.1117
Incident,Suspicion,1,0.0019,5.5556
Control,Check,1,0.0019,0.2809
Incident,Know,1,0.0019,5.5556
Response,Rescuing,1,0.0019,0.6329
Scouring,Check,1,0.0019,4.5455
Scouring,Reporting,1,0.0019,4.5455
Cause_to_amalgamate,Manufacturing,1,0.0019,0.7752
Convincing,GetReady,1,0.0019,1.0638
Use_firearm,Preventing_or_letting,1,0.0019,0.1316
Expressing_publicly,Prison,1,0.0019,0.4065
Action,GiveUp,1,0.0019,0.2695
Influence,Perception_active,1,0.0019,0.4651
Influence,Choosing,1,0.0019,0.4651
Influence,Commerce_sell,1,0.0019,0.4651
Influence,Testing,1,0.0019,0.4651
Testing,Creating,1,0.0019,0.6579
Commerce_buy,Process_start,1,0.0019,2.8571
Bringing,Commerce_pay,1,0.0019,0.7519
Deciding,Commerce_pay,1,0.0019,0.5181
Bringing,Deciding,1,0.0019,0.7519
Dispersal,Bodily_harm,1,0.0019,1.0526
Building,Motion,1,0.0019,0.7752
Dispersal,Receiving,1,0.0019,1.0526
Dispersal,Achieve,1,0.0019,1.0526
Reporting,Escaping,1,0.0019,2.3810
Achieve,Expansion,1,0.0019,2.2222
Expansion,Motion,1,0.0019,1.2987
Statement,Choosing,1,0.0019,0.5291
Traveling,Risk,1,0.0019,0.0934
Getting,Come_together,1,0.0019,0.2959
Change_sentiment,Risk,1,0.0019,2.6316
Arrest,Earnings_and_losses,1,0.0019,0.4695
Traveling,Change_sentiment,1,0.0019,0.0934
Achieve,Cause_change_of_position_on_a_scale,1,0.0019,2.2222
Departing,Employment,1,0.0019,0.4115
Coming_to_believe,Justifying,1,0.0019,2.0408
Departing,Come_together,1,0.0019,0.4115
Come_together,Employment,1,0.0019,0.4608
Change,Response,1,0.0019,0.4255
Request,Achieve,1,0.0019,0.2188
Death,Supply,1,0.0019,0.2128
Death,Receiving,1,0.0019,0.2128
Death,Vocalizations,1,0.0019,0.2128
Hold,Violence,1,0.0019,0.1631
Hold,GetReady,1,0.0019,0.1631
Deciding,GetReady,1,0.0019,0.5181
Deciding,Violence,1,0.0019,0.5181
GetReady,Violence,1,0.0019,2.1739
Telling,Killing,1,0.0019,2.1277
Telling,Bodily_harm,1,0.0019,2.1277
Telling,Destroying,1,0.0019,2.1277
Ratification,Cause_to_make_progress,1,0.0019,5.0000
Ratification,Building,1,0.0019,5.0000
Social_event,Cure,1,0.0019,0.0783
Legality,Arrest,1,0.0019,3.0303
Placing,Cure,1,0.0019,0.4016
Judgment_communication,Self_motion,1,0.0019,0.4065
Agree_or_refuse_to_act,Traveling,1,0.0019,0.3831
Getting,Commerce_buy,1,0.0019,0.2959
Escaping,Extradition,1,0.0019,0.2899
Arriving,Legal_rulings,1,0.0019,0.1328
Arriving,Traveling,1,0.0019,0.1328
Forming_relationships,Scrutiny,1,0.0019,2.1277
Choosing,Warning,1,0.0019,0.3472
Removing,Releasing,1,0.0019,0.5236
Process_start,Research,1,0.0019,0.0766
GetReady,Come_together,1,0.0019,2.1739
Quarreling,Deciding,1,0.0019,0.9091
Having_or_lacking_access,Control,1,0.0019,6.2500
Confronting_problem,Having_or_lacking_access,1,0.0019,1.3699
Rite,Giving,1,0.0019,5.5556
Scouring,Confronting_problem,1,0.0019,4.5455
Destroying,Scouring,1,0.0019,0.2119
Being_in_operation,Sending,1,0.0019,0.8000
Destroying,Coming_to_believe,1,0.0019,0.2119
Recording,Create_artwork,1,0.0019,2.2222
Recording,Cause_to_amalgamate,1,0.0019,2.2222
Choosing,Response,1,0.0019,0.3472
Confronting_problem,Achieve,1,0.0019,1.3699
Testing,Coming_to_be,1,0.0019,0.6579
Change,Placing,1,0.0019,0.4255
Damaging,Cause_to_amalgamate,1,0.0019,0.4016
Surrounding,Cause_change_of_position_on_a_scale,1,0.0019,3.0303
Supply,Create_artwork,1,0.0019,0.8929
Supply,Publishing,1,0.0019,0.8929
Influence,Create_artwork,1,0.0019,0.4651
Supply,Influence,1,0.0019,0.8929
Bringing,Escaping,1,0.0019,0.7519
Giving,Dispersal,1,0.0019,0.5952
Testing,Writing,1,0.0019,0.6579
Motion,Cause_to_be_included,1,0.0019,0.0771
Motion,Commerce_sell,1,0.0019,0.0771
Influence,Hindering,1,0.0019,0.4651
Departing,Legal_rulings,1,0.0019,0.4115
Departing,Getting,1,0.0019,0.4115
Placing,Warning,1,0.0019,0.4016
Placing,Prison,1,0.0019,0.4016
Warning,Prison,1,0.0019,1.3158
Warning,Arrest,1,0.0019,1.3158
Warning,Legal_rulings,1,0.0019,1.3158
Writing,Research,1,0.0019,4.1667
Damaging,Dispersal,1,0.0019,0.4016
Temporary_stay,Dispersal,1,0.0019,2.0833
Violence,Change_event_time,1,0.0019,0.2299
GiveUp,Revenge,1,0.0019,1.6393
GiveUp,Statement,1,0.0019,1.6393
Agree_or_refuse_to_act,Sending,1,0.0019,0.3831
Quarreling,Supply,1,0.0019,0.9091
Preventing_or_letting,Revenge,1,0.0019,0.3891
Agree_or_refuse_to_act,Revenge,1,0.0019,0.3831
GiveUp,Agree_or_refuse_to_act,1,0.0019,1.6393
Sending,Vocalizations,1,0.0019,0.3745
Process_start,Labeling,1,0.0019,0.0766
Manufacturing,Patrolling,1,0.0019,0.7407
Expend_resource,Defending,1,0.0019,1.8182
Expend_resource,Becoming_a_member,1,0.0019,1.8182
Theft,Reveal_secret,1,0.0019,7.6923
Reveal_secret,Having_or_lacking_access,1,0.0019,3.2258
Communication,Having_or_lacking_access,1,0.0019,0.6369
Cause_to_amalgamate,Having_or_lacking_access,1,0.0019,0.7752
Cause_to_amalgamate,Communication,1,0.0019,0.7752
Cause_to_amalgamate,Reveal_secret,1,0.0019,0.7752
Cause_to_amalgamate,Statement,1,0.0019,0.7752
Defending,Having_or_lacking_access,1,0.0019,0.3096
Defending,Reveal_secret,1,0.0019,0.3096
Theft,Communication,1,0.0019,7.6923
Communication,Theft,1,0.0019,0.6369
Cause_to_amalgamate,Theft,1,0.0019,0.7752
Theft,Judgment_communication,1,0.0019,7.6923
Defending,Theft,1,0.0019,0.3096
Theft,Statement,1,0.0019,7.6923
Protest,Giving,1,0.0019,0.8403
Presence,Protest,1,0.0019,0.1764
Bodily_harm,Agree_or_refuse_to_act,1,0.0019,0.3125
Bodily_harm,Legality,1,0.0019,0.3125
Collaboration,Hostile_encounter,1,0.0019,4.1667
Submitting_documents,Extradition,1,0.0019,4.5455
Submitting_documents,Arrest,1,0.0019,4.5455
Military_operation,Employment,1,0.0019,0.1117
Assistance,Departing,1,0.0019,0.6536
Destroying,Reveal_secret,1,0.0019,0.2119
Reveal_secret,Motion,1,0.0019,3.2258
Coming_to_be,Institutionalization,1,0.0019,0.0280
Destroying,Institutionalization,1,0.0019,0.2119
Recovering,Telling,1,0.0019,0.9804
Recovering,Suspicion,1,0.0019,0.9804
Reveal_secret,Suspicion,1,0.0019,3.2258
Recovering,Reveal_secret,1,0.0019,0.9804
Motion,Suspicion,1,0.0019,0.0771
Suspicion,Telling,1,0.0019,20.0000
Destroying,Suspicion,1,0.0019,0.2119
Recovering,Coming_to_be,1,0.0019,0.9804
Recovering,Institutionalization,1,0.0019,0.9804
Commerce_buy,Change_of_leadership,1,0.0019,2.8571
Hostile_encounter,Being_in_operation,1,0.0019,0.0320
Change_event_time,Change_of_leadership,1,0.0019,1.4085
Giving,Publishing,1,0.0019,0.5952
Giving,Communication,1,0.0019,0.5952
Employment,Coming_to_believe,1,0.0019,2.3810
Sign_agreement,Departing,1,0.0019,0.6135
Arrest,Sign_agreement,1,0.0019,0.4695
Writing,Communication,1,0.0019,4.1667
Terrorism,Releasing,1,0.0019,0.1754
Terrorism,Prison,1,0.0019,0.1754
Prison,Releasing,1,0.0019,16.6667
Reveal_secret,Releasing,1,0.0019,3.2258
Influence,Presence,1,0.0019,0.4651
Influence,Preserving,1,0.0019,0.4651
Expansion,Expansion,1,0.0019,1.2987
Military_operation,Revenge,1,0.0019,0.1117
Cause_to_make_progress,Hindering,1,0.0019,0.4717
Testing,Convincing,1,0.0019,0.6579
Convincing,Testing,1,0.0019,1.0638
Education_teaching,Becoming_a_member,1,0.0019,1.4925
Institutionalization,Commerce_buy,1,0.0019,50.0000
Check,Supporting,1,0.0019,1.6393
Wearing,Suspicion,1,0.0019,4.3478
Choosing,Education_teaching,1,0.0019,0.3472
Bodily_harm,Process_start,1,0.0019,0.3125
Receiving,Rescuing,1,0.0019,1.0638
Hostile_encounter,Rite,1,0.0019,0.0320
Rescuing,Rite,1,0.0019,2.5641
Receiving,Rite,1,0.0019,1.0638
Theft,Rescuing,1,0.0019,7.6923
Scouring,Self_motion,1,0.0019,4.5455
Hostile_encounter,Bearing_arms,1,0.0019,0.0320
Change,Military_operation,1,0.0019,0.4255
Achieve,Process_end,1,0.0019,2.2222
Wearing,Name_conferral,1,0.0019,4.3478
Wearing,Know,1,0.0019,4.3478
Name_conferral,Know,1,0.0019,3.5714
Preventing_or_letting,Hindering,1,0.0019,0.3891
Cause_change_of_position_on_a_scale,Commerce_pay,1,0.0019,0.2571
Deciding,Revenge,1,0.0019,0.5181
Arranging,Resolve_problem,1,0.0019,0.1311
Arranging,Suspicion,1,0.0019,0.1311
Know,Resolve_problem,1,0.0019,0.3236
Filling,Arrest,1,0.0019,2.1739
Filling,Attack,1,0.0019,2.1739
Presence,Committing_crime,1,0.0019,0.1764
Filling,Suspicion,1,0.0019,2.1739
Filling,Openness,1,0.0019,2.1739
Creating,Create_artwork,1,0.0019,0.1715
Sign_agreement,Create_artwork,1,0.0019,0.6135
Ingestion,Getting,1,0.0019,11.1111
Resolve_problem,Coming_to_believe,1,0.0019,3.5714
Quarreling,Quarreling,1,0.0019,0.9091
Confronting_problem,Communication,1,0.0019,1.3699
Confronting_problem,Getting,1,0.0019,1.3699
Quarreling,Cause_to_make_progress,1,0.0019,0.9091
Process_end,Coming_to_believe,1,0.0019,0.3472
Resolve_problem,Action,1,0.0019,3.5714
Committing_crime,Cause_change_of_position_on_a_scale,1,0.0019,0.3636
Deciding,Killing,1,0.0019,0.5181
Committing_crime,Arriving,1,0.0019,0.3636
Committing_crime,Choosing,1,0.0019,0.3636
Control,Resolve_problem,1,0.0019,0.2809
Committing_crime,Deciding,1,0.0019,0.3636
Request,Committing_crime,1,0.0019,0.2188
Receiving,Education_teaching,1,0.0019,1.0638
Ratification,Judgment_communication,1,0.0019,5.0000
Bodily_harm,Choosing,1,0.0019,0.3125
Destroying,Process_start,1,0.0019,0.2119
Hostile_encounter,Risk,1,0.0019,0.0320
Giving,Employment,1,0.0019,0.5952
Military_operation,Terrorism,1,0.0019,0.1117
Convincing,Sign_agreement,1,0.0019,1.0638
Giving,Reforming_a_system,1,0.0019,0.5952
Reforming_a_system,Collaboration,1,0.0019,2.0408
Reforming_a_system,Judgment_communication,1,0.0019,2.0408
Scouring,Death,1,0.0019,4.5455
Reveal_secret,Coming_to_believe,1,0.0019,3.2258
Damaging,Telling,1,0.0019,0.4016
Judgment_communication,Protest,1,0.0019,0.4065
Scouring,Manufacturing,1,0.0019,4.5455
Removing,Hindering,1,0.0019,0.5236
Change,Hostile_encounter,1,0.0019,0.4255
Arranging,Bringing,1,0.0019,0.1311
Education_teaching,Request,1,0.0019,1.4925
Convincing,Employment,1,0.0019,1.0638
Convincing,Openness,1,0.0019,1.0638
Education_teaching,Communication,1,0.0019,1.4925
Arrest,Filling,1,0.0019,0.4695
Employment,Check,1,0.0019,2.3810
Action,Expend_resource,1,0.0019,0.2695
Agree_or_refuse_to_act,Giving,1,0.0019,0.3831
Preventing_or_letting,Statement,1,0.0019,0.3891
Giving,Departing,1,0.0019,0.5952
Change_event_time,Cause_change_of_position_on_a_scale,1,0.0019,1.4085
Request,Departing,1,0.0019,0.2188
Emergency,Protest,1,0.0019,25.0000
Becoming_a_member,Arranging,1,0.0019,1.2346
Placing,Scrutiny,1,0.0019,0.4016
Communication,Commerce_pay,1,0.0019,0.6369
GetReady,Deciding,1,0.0019,2.1739
Warning,Process_end,1,0.0019,1.3158
GetReady,Change_sentiment,1,0.0019,2.1739
Telling,Change_event_time,1,0.0019,2.1277
Change_sentiment,Deciding,1,0.0019,2.6316
Creating,Commitment,1,0.0019,0.1715
Resolve_problem,Award,1,0.0019,3.5714
Violence,Use_firearm,1,0.0019,0.2299
Criminal_investigation,Killing,1,0.0019,0.8403
Earnings_and_losses,Award,1,0.0019,0.3058
Legality,Check,1,0.0019,3.0303
Convincing,Receiving,1,0.0019,1.0638
Patrolling,Reporting,1,0.0019,2.1739
Surrounding,Earnings_and_losses,1,0.0019,3.0303
Commerce_buy,Traveling,1,0.0019,2.8571
Presence,Competition,1,0.0019,0.1764
Publishing,Wearing,1,0.0019,0.8772
Cause_change_of_strength,Scouring,1,0.0019,0.2532
Ratification,Change_of_leadership,1,0.0019,5.0000
Ratification,Commerce_pay,1,0.0019,5.0000
Ratification,Education_teaching,1,0.0019,5.0000
Justifying,Motion,1,0.0019,14.2857
Ratification,Bearing_arms,1,0.0019,5.0000
Becoming,Hold,1,0.0019,0.4405
Giving,Surrendering,1,0.0019,0.5952
Change_of_leadership,Warning,1,0.0019,0.1770
Arriving,Response,1,0.0019,0.1328
Expansion,Control,1,0.0019,1.2987
Giving,Expansion,1,0.0019,0.5952
Choosing,Presence,1,0.0019,0.3472
Testing,Legal_rulings,1,0.0019,0.6579
Wearing,Removing,1,0.0019,4.3478
Legal_rulings,Hold,1,0.0019,1.2987
Judgment_communication,Testing,1,0.0019,0.4065
Judgment_communication,GiveUp,1,0.0019,0.4065
Judgment_communication,Hold,1,0.0019,0.4065
Motion,Testing,1,0.0019,0.0771
Know,Hold,1,0.0019,0.3236
Dispersal,Becoming,1,0.0019,1.0526
Testing,Releasing,1,0.0019,0.6579
Deciding,Communication,1,0.0019,0.5181
Ingestion,Surrendering,1,0.0019,11.1111
Come_together,Having_or_lacking_access,1,0.0019,0.4608
Military_operation,Having_or_lacking_access,1,0.0019,0.1117
Military_operation,Scrutiny,1,0.0019,0.1117
Coming_to_believe,Having_or_lacking_access,1,0.0019,2.0408
Military_operation,Coming_to_believe,1,0.0019,0.1117
Besieging,Military_operation,1,0.0019,0.3788
Besieging,Scrutiny,1,0.0019,0.3788
Criminal_investigation,Cause_to_be_included,1,0.0019,0.8403
Communication,Use_firearm,1,0.0019,0.6369
Use_firearm,Connect,1,0.0019,0.1316
Kidnapping,Know,1,0.0019,0.5405
Commerce_buy,Influence,1,0.0019,2.8571
Suspicion,Departing,1,0.0019,20.0000
Commerce_buy,Know,1,0.0019,2.8571
Kidnapping,Influence,1,0.0019,0.5405
Ratification,Ratification,1,0.0019,5.0000
Hold,Quarreling,1,0.0019,0.1631
Publishing,Expansion,1,0.0019,0.8772
Process_start,Submitting_documents,1,0.0019,0.0766
Surrounding,Openness,1,0.0019,3.0303
Surrounding,Body_movement,1,0.0019,3.0303
Violence,Submitting_documents,1,0.0019,0.2299
Use_firearm,Coming_to_believe,1,0.0019,0.1316
Publishing,Change_of_leadership,1,0.0019,0.8772
Conquering,Coming_to_believe,1,0.0019,0.1304
Legality,Preventing_or_letting,1,0.0019,3.0303
Destroying,Legality,1,0.0019,0.2119
Use_firearm,Conquering,1,0.0019,0.1316
Defending,Publishing,1,0.0019,0.3096
Change_sentiment,Releasing,1,0.0019,2.6316
Surrounding,Preventing_or_letting,1,0.0019,3.0303
Releasing,Bodily_harm,1,0.0019,2.9412
Choosing,Commerce_pay,1,0.0019,0.3472
Choosing,Convincing,1,0.0019,0.3472
Preventing_or_letting,Removing,1,0.0019,0.3891
Preventing_or_letting,Choosing,1,0.0019,0.3891
Reporting,Commerce_pay,1,0.0019,2.3810
Criminal_investigation,Commerce_pay,1,0.0019,0.8403
Reporting,Convincing,1,0.0019,2.3810
Influence,Criminal_investigation,1,0.0019,0.4651
Choosing,Criminal_investigation,1,0.0019,0.3472
Influence,Deciding,1,0.0019,0.4651
Departing,Change,1,0.0019,0.4115
Sending,Ratification,1,0.0019,0.3745
Preserving,Filling,1,0.0019,5.0000
Check,Agree_or_refuse_to_act,1,0.0019,1.6393
Supply,Check,1,0.0019,0.8929
Traveling,Cure,1,0.0019,0.0934
Traveling,Committing_crime,1,0.0019,0.0934
Statement,Cause_to_make_progress,1,0.0019,0.5291
Deciding,Submitting_documents,1,0.0019,0.5181
Ratification,Supply,1,0.0019,5.0000
Reforming_a_system,Scrutiny,1,0.0019,2.0408
Warning,Hostile_encounter,1,0.0019,1.3158
Expansion,Request,1,0.0019,1.2987
Expansion,Placing,1,0.0019,1.2987
Body_movement,Name_conferral,1,0.0019,1.1236
Agree_or_refuse_to_act,Competition,1,0.0019,0.3831
Reveal_secret,Process_start,1,0.0019,3.2258
Practice,Self_motion,1,0.0019,12.5000
Practice,Escaping,1,0.0019,12.5000
Practice,Cause_change_of_position_on_a_scale,1,0.0019,12.5000
Resolve_problem,Legal_rulings,1,0.0019,3.5714
Telling,Justifying,1,0.0019,2.1277
Resolve_problem,Confronting_problem,1,0.0019,3.5714
Labeling,Coming_to_be,1,0.0019,20.0000
Expressing_publicly,Receiving,1,0.0019,0.4065
Change_event_time,Becoming,1,0.0019,1.4085
Attack,Institutionalization,1,0.0019,0.0244
Bodily_harm,Institutionalization,1,0.0019,0.3125
Motion,Institutionalization,1,0.0019,0.0771
Request,Extradition,1,0.0019,0.2188
Self_motion,Telling,1,0.0019,0.1328
Attack,Award,1,0.0019,0.0244
Self_motion,Change_of_leadership,1,0.0019,0.1328
Self_motion,Award,1,0.0019,0.1328
Bringing,Employment,1,0.0019,0.7519
Employment,Cause_change_of_position_on_a_scale,1,0.0019,2.3810
Attack,Lighting,1,0.0019,0.0244
Renting,Recovering,1,0.0019,14.2857
Renting,Cause_change_of_position_on_a_scale,1,0.0019,14.2857
Receiving,Assistance,1,0.0019,1.0638
GetReady,Placing,1,0.0019,2.1739
Connect,Cause_to_amalgamate,1,0.0019,1.2195
Hostile_encounter,Employment,1,0.0019,0.0320
Connect,Expansion,1,0.0019,1.2195
Conquering,Perception_active,1,0.0019,0.1304
Request,Recording,1,0.0019,0.2188
Change_sentiment,Recovering,1,0.0019,2.6316
Attack,Expansion,1,0.0019,0.0244
Change_sentiment,Bodily_harm,1,0.0019,2.6316
Supporting,Openness,1,0.0019,0.7246
Patrolling,Openness,1,0.0019,2.1739
Supporting,Patrolling,1,0.0019,0.7246
Control,Recording,1,0.0019,0.2809
Control,Lighting,1,0.0019,0.2809
Lighting,Building,1,0.0019,11.1111
Robbery,Building,1,0.0019,5.0000
Change,Cause_change_of_strength,1,0.0019,0.4255
Use_firearm,Earnings_and_losses,1,0.0019,0.1316
Recording,Attack,1,0.0019,2.2222
Recording,Being_in_operation,1,0.0019,2.2222
Being_in_operation,Attack,1,0.0019,0.8000
Control,Becoming_a_member,1,0.0019,0.2809
Building,Criminal_investigation,1,0.0019,0.7752
Manufacturing,Recording,1,0.0019,0.7407
Change_event_time,Defending,1,0.0019,1.4085
Warning,Justifying,1,0.0019,1.3158
Statement,Killing,1,0.0019,0.5291
Surrendering,Change_event_time,1,0.0019,1.1364
Extradition,Know,1,0.0019,25.0000
Escaping,Reveal_secret,1,0.0019,0.2899
Expressing_publicly,Convincing,1,0.0019,0.4065
Expressing_publicly,Wearing,1,0.0019,0.4065
Convincing,Wearing,1,0.0019,1.0638
Create_artwork,Conquering,1,0.0019,5.2632
Expansion,Hindering,1,0.0019,1.2987
Expansion,Hiding_objects,1,0.0019,1.2987
Expressing_publicly,Influence,1,0.0019,0.4065
Coming_to_believe,Assistance,1,0.0019,2.0408
Control,Commerce_sell,1,0.0019,0.2809
Control,Employment,1,0.0019,0.2809
Building,Lighting,1,0.0019,0.7752
Lighting,Cause_to_make_progress,1,0.0019,11.1111
Building,Cause_to_make_progress,1,0.0019,0.7752
Create_artwork,Arranging,1,0.0019,5.2632
Create_artwork,Cause_to_make_progress,1,0.0019,5.2632
Quarreling,Catastrophe,1,0.0019,0.9091
Quarreling,Damaging,1,0.0019,0.9091
Commitment,Change_sentiment,1,0.0019,2.1739
Arranging,Ratification,1,0.0019,0.1311
Coming_to_be,Ratification,1,0.0019,0.0280
Action,Traveling,1,0.0019,0.2695
Coming_to_believe,Escaping,1,0.0019,2.0408
Writing,Response,1,0.0019,4.1667
Giving,Traveling,1,0.0019,0.5952
Preserving,Becoming_a_member,1,0.0019,5.0000
Giving,Research,1,0.0019,0.5952
Submitting_documents,Response,1,0.0019,4.5455
Process_end,Traveling,1,0.0019,0.3472
Research,Check,1,0.0019,3.4483
Destroying,Becoming_a_member,1,0.0019,0.2119
Collaboration,Legal_rulings,1,0.0019,4.1667
Catastrophe,Terrorism,1,0.0019,0.0090
Coming_to_be,Labeling,1,0.0019,0.0280
Reporting,Labeling,1,0.0019,2.3810
Reporting,Terrorism,1,0.0019,2.3810
Cause_change_of_position_on_a_scale,Name_conferral,1,0.0019,0.2571
Creating,Testing,1,0.0019,0.1715
Becoming_a_member,Preventing_or_letting,1,0.0019,1.2346
Body_movement,Hold,1,0.0019,1.1236
Body_movement,Body_movement,1,0.0019,1.1236
Scouring,Process_start,1,0.0019,4.5455
Preventing_or_letting,Scouring,1,0.0019,0.3891
Filling,GiveUp,1,0.0019,2.1739
Arriving,Scouring,1,0.0019,0.1328
Scouring,Killing,1,0.0019,4.5455
Request,Lighting,1,0.0019,0.2188
Temporary_stay,Change,1,0.0019,2.0833
Commerce_sell,Legality,1,0.0019,1.4706
Commerce_sell,Getting,1,0.0019,1.4706
Becoming,Legality,1,0.0019,0.4405
Publishing,Response,1,0.0019,0.8772
Judgment_communication,Confronting_problem,1,0.0019,0.4065
Reveal_secret,Scrutiny,1,0.0019,3.2258
Reveal_secret,Defending,1,0.0019,3.2258
Arrest,Confronting_problem,1,0.0019,0.4695
Coming_to_be,Kidnapping,1,0.0019,0.0280
Scouring,Arranging,1,0.0019,4.5455
Statement,Supporting,1,0.0019,0.5291
Warning,Receiving,1,0.0019,1.3158
Cause_change_of_position_on_a_scale,Revenge,1,0.0019,0.2571
Destroying,Employment,1,0.0019,0.2119
Arranging,Revenge,1,0.0019,0.1311
Commerce_buy,Change,1,0.0019,2.8571
Commerce_pay,Commerce_sell,1,0.0019,3.5714
Coming_to_be,Robbery,1,0.0019,0.0280
Control,Arranging,1,0.0019,0.2809
Destroying,Recording,1,0.0019,0.2119
Getting,Expend_resource,1,0.0019,0.2959
Escaping,Expend_resource,1,0.0019,0.2899
Getting,Know,1,0.0019,0.2959
Know,Expend_resource,1,0.0019,0.3236
Expend_resource,Openness,1,0.0019,1.8182
GiveUp,Openness,1,0.0019,1.6393
Expend_resource,GiveUp,1,0.0019,1.8182
Judgment_communication,Supporting,1,0.0019,0.4065
Forming_relationships,Change,1,0.0019,2.1277
Expressing_publicly,Forming_relationships,1,0.0019,0.4065
Expansion,Supporting,1,0.0019,1.2987
Patrolling,Change_sentiment,1,0.0019,2.1739
Statement,Recording,1,0.0019,0.5291
Employment,Deciding,1,0.0019,2.3810
Openness,Social_event,1,0.0019,1.2346
Departing,Scrutiny,1,0.0019,0.4115
Legality,Commerce_pay,1,0.0019,3.0303
Arrest,Commerce_pay,1,0.0019,0.4695
Destroying,Commerce_pay,1,0.0019,0.2119
Know,Commerce_pay,1,0.0019,0.3236
Change,Convincing,1,0.0019,0.4255
Wearing,Hindering,1,0.0019,4.3478
Bodily_harm,Wearing,1,0.0019,0.3125
Sign_agreement,Ratification,1,0.0019,0.6135
Arriving,Forming_relationships,1,0.0019,0.1328
Motion_directional,Recovering,1,0.0019,0.2817
Choosing,Research,1,0.0019,0.3472
Preventing_or_letting,Forming_relationships,1,0.0019,0.3891
Motion_directional,Research,1,0.0019,0.2817
Warning,Reporting,1,0.0019,1.3158
Response,Surrounding,1,0.0019,0.6329
Communication,Resolve_problem,1,0.0019,0.6369
Criminal_investigation,Change_event_time,1,0.0019,0.8403
Know,Commitment,1,0.0019,0.3236
Recording,Reveal_secret,1,0.0019,2.2222
Presence,Suspicion,1,0.0019,0.1764
Dispersal,Recording,1,0.0019,1.0526
Emergency,Dispersal,1,0.0019,25.0000
Emergency,Arrest,1,0.0019,25.0000
Emergency,Recovering,1,0.0019,25.0000
Bodily_harm,Communication,1,0.0019,0.3125
Reveal_secret,Attack,1,0.0019,3.2258
Coming_to_believe,Departing,1,0.0019,2.0408
Defending,Change_event_time,1,0.0019,0.3096
Control,Telling,1,0.0019,0.2809
Preventing_or_letting,Connect,1,0.0019,0.3891
Robbery,Removing,1,0.0019,5.0000
Process_start,Justifying,1,0.0019,0.0766
Hold,Check,1,0.0019,0.1631
Hold,Reveal_secret,1,0.0019,0.1631
Hold,Labeling,1,0.0019,0.1631
Cause_to_make_progress,Control,1,0.0019,0.4717
Openness,Agree_or_refuse_to_act,1,0.0019,1.2346
Openness,Submitting_documents,1,0.0019,1.2346
Choosing,Perception_active,1,0.0019,0.3472
Cause_to_make_progress,Social_event,1,0.0019,0.4717
Process_end,Legal_rulings,1,0.0019,0.3472
Lighting,Criminal_investigation,1,0.0019,11.1111
Criminal_investigation,Coming_to_be,1,0.0019,0.8403
Lighting,Reporting,1,0.0019,11.1111
Lighting,Coming_to_be,1,0.0019,11.1111
Getting,Use_firearm,1,0.0019,0.2959
Getting,Arrest,1,0.0019,0.2959
Getting,Reporting,1,0.0019,0.2959
Statement,Criminal_investigation,1,0.0019,0.5291
Hindering,Expressing_publicly,1,0.0019,1.2500
Getting,Hiding_objects,1,0.0019,0.2959
Building,Award,1,0.0019,0.7752
Response,Body_movement,1,0.0019,0.6329
Change_sentiment,Giving,1,0.0019,2.6316
Motion_directional,Forming_relationships,1,0.0019,0.2817
GetReady,Departing,1,0.0019,2.1739
Request,Forming_relationships,1,0.0019,0.2188
Change_sentiment,Bringing,1,0.0019,2.6316
Know,Forming_relationships,1,0.0019,0.3236
Lighting,Killing,1,0.0019,11.1111
Lighting,Damaging,1,0.0019,11.1111
Coming_to_be,Lighting,1,0.0019,0.0280
Cause_change_of_strength,Statement,1,0.0019,0.2532
Change,Communication,1,0.0019,0.4255
Change,Testing,1,0.0019,0.4255
Presence,Testing,1,0.0019,0.1764
Destroying,Convincing,1,0.0019,0.2119
Wearing,Bodily_harm,1,0.0019,4.3478
Wearing,Killing,1,0.0019,4.3478
Carry_goods,Bodily_harm,1,0.0019,6.2500
Carry_goods,Attack,1,0.0019,6.2500
Wearing,Carry_goods,1,0.0019,4.3478
Rewards_and_punishments,Check,1,0.0019,4.1667
Surrounding,Prison,1,0.0019,3.0303
Surrounding,Giving,1,0.0019,3.0303
Labeling,Legality,1,0.0019,20.0000
Come_together,Rescuing,1,0.0019,0.4608
Communication,Rescuing,1,0.0019,0.6369
Cause_to_amalgamate,Legality,1,0.0019,0.7752
Cause_to_amalgamate,Change_event_time,1,0.0019,0.7752
Commerce_buy,Cause_change_of_position_on_a_scale,1,0.0019,2.8571
Quarreling,Cause_change_of_position_on_a_scale,1,0.0019,0.9091
Confronting_problem,Cause_change_of_position_on_a_scale,1,0.0019,1.3699
Defending,GiveUp,1,0.0019,0.3096
Commerce_buy,Hostile_encounter,1,0.0019,2.8571
Defending,Hiding_objects,1,0.0019,0.3096
Becoming_a_member,Cause_to_make_progress,1,0.0019,1.2346
Giving,Hindering,1,0.0019,0.5952
Expressing_publicly,Hindering,1,0.0019,0.4065
Earnings_and_losses,Exchange,1,0.0019,0.3058
Response,Getting,1,0.0019,0.6329
Becoming_a_member,Kidnapping,1,0.0019,1.2346
Creating,Being_in_operation,1,0.0019,0.1715
Becoming_a_member,Hold,1,0.0019,1.2346
Deciding,Kidnapping,1,0.0019,0.5181
Motion_directional,Social_event,1,0.0019,0.2817
Process_end,Dispersal,1,0.0019,0.3472
Forming_relationships,Placing,1,0.0019,2.1277
Forming_relationships,Assistance,1,0.0019,2.1277
Temporary_stay,Presence,1,0.0019,2.0833
Body_movement,Arrest,1,0.0019,1.1236
Body_movement,Releasing,1,0.0019,1.1236
Perception_active,Scouring,1,0.0019,1.1236
Traveling,Scouring,1,0.0019,0.0934
Scouring,Arrest,1,0.0019,4.5455
Come_together,Scouring,1,0.0019,0.4608
Perception_active,Traveling,1,0.0019,1.1236
Perception_active,Arrest,1,0.0019,1.1236
Process_start,Scouring,1,0.0019,0.0766
Scouring,Releasing,1,0.0019,4.5455
Perception_active,Come_together,1,0.0019,1.1236
Come_together,Arrest,1,0.0019,0.4608
Body_movement,Come_together,1,0.0019,1.1236
Body_movement,Traveling,1,0.0019,1.1236
Social_event,Military_operation,1,0.0019,0.0783
Violence,Sign_agreement,1,0.0019,0.2299
Cause_change_of_position_on_a_scale,Limiting,1,0.0019,0.2571
Commerce_pay,Cause_change_of_position_on_a_scale,1,0.0019,3.5714
Limiting,Temporary_stay,1,0.0019,7.1429
Social_event,Wearing,1,0.0019,0.0783
Cause_change_of_position_on_a_scale,Giving,1,0.0019,0.2571
Hiding_objects,Cause_change_of_position_on_a_scale,1,0.0019,4.1667
Damaging,Getting,1,0.0019,0.4016
Damaging,Criminal_investigation,1,0.0019,0.4016
Traveling,Testing,1,0.0019,0.0934
Violence,Process_start,1,0.0019,0.2299
Supply,Hindering,1,0.0019,0.8929
Manufacturing,Quarreling,1,0.0019,0.7407
Body_movement,Telling,1,0.0019,1.1236
Body_movement,Destroying,1,0.0019,1.1236
Body_movement,Openness,1,0.0019,1.1236
Body_movement,Killing,1,0.0019,1.1236
Body_movement,Presence,1,0.0019,1.1236
Motion,Lighting,1,0.0019,0.0771
Motion,Employment,1,0.0019,0.0771
Earnings_and_losses,Lighting,1,0.0019,0.3058
Earnings_and_losses,Employment,1,0.0019,0.3058
Earnings_and_losses,Telling,1,0.0019,0.3058
Body_movement,Lighting,1,0.0019,1.1236
Earnings_and_losses,Body_movement,1,0.0019,0.3058
Body_movement,Employment,1,0.0019,1.1236
Body_movement,Conquering,1,0.0019,1.1236
Influence,Scrutiny,1,0.0019,0.4651
Emptying,Achieve,1,0.0019,2.5000
Communication,Achieve,1,0.0019,0.6369
Building,Achieve,1,0.0019,0.7752
Escaping,Education_teaching,1,0.0019,0.2899
Destroying,Risk,1,0.0019,0.2119
Bodily_harm,Supporting,1,0.0019,0.3125
Departing,Confronting_problem,1,0.0019,0.4115
Communication,Cause_to_make_progress,1,0.0019,0.6369
Reveal_secret,Convincing,1,0.0019,3.2258
Recording,Convincing,1,0.0019,2.2222
Statement,Releasing,1,0.0019,0.5291
Being_in_operation,Cause_to_be_included,1,0.0019,0.8000
Bringing,Convincing,1,0.0019,0.7519
Reveal_secret,Bringing,1,0.0019,3.2258
Action,Dispersal,1,0.0019,0.2695
Cause_to_be_included,Destroying,1,0.0019,2.9412
Cause_to_be_included,Bodily_harm,1,0.0019,2.9412
Releasing,Process_end,1,0.0019,2.9412
Arrest,Robbery,1,0.0019,0.4695
Creating,Revenge,1,0.0019,0.1715
Military_operation,Dispersal,1,0.0019,0.1117
Arrest,Destroying,1,0.0019,0.4695
Check,Placing,1,0.0019,1.6393
Self_motion,Limiting,1,0.0019,0.1328
Convincing,Cause_change_of_strength,1,0.0019,1.0638
Preventing_or_letting,GetReady,1,0.0019,0.3891
Convincing,Cause_change_of_position_on_a_scale,1,0.0019,1.0638
Becoming,Perception_active,1,0.0019,0.4405
Temporary_stay,Expansion,1,0.0019,2.0833
Statement,Response,1,0.0019,0.5291
Preventing_or_letting,Expansion,1,0.0019,0.3891
Temporary_stay,Preventing_or_letting,1,0.0019,2.0833
Assistance,Scrutiny,1,0.0019,0.6536
Departing,Justifying,1,0.0019,0.4115
Hold,Testing,1,0.0019,0.1631
Committing_crime,Rewards_and_punishments,1,0.0019,0.3636
Emptying,Legal_rulings,1,0.0019,2.5000
Death,Writing,1,0.0019,0.2128
Coming_to_believe,Killing,1,0.0019,2.0408
Control,Commitment,1,0.0019,0.2809
Arriving,Research,1,0.0019,0.1328
Manufacturing,Name_conferral,1,0.0019,0.7407
Change,Traveling,1,0.0019,0.4255
Judgment_communication,Extradition,1,0.0019,0.4065
Assistance,Extradition,1,0.0019,0.6536
Assistance,Placing,1,0.0019,0.6536
Legality,Dispersal,1,0.0019,3.0303
Self_motion,Releasing,1,0.0019,0.1328
Self_motion,Legality,1,0.0019,0.1328
Extradition,Dispersal,1,0.0019,25.0000
Releasing,Dispersal,1,0.0019,2.9412
Legality,Extradition,1,0.0019,3.0303
Legality,Assistance,1,0.0019,3.0303
Legality,Placing,1,0.0019,3.0303
Self_motion,Prison,1,0.0019,0.1328
Releasing,Extradition,1,0.0019,2.9412
Extradition,Placing,1,0.0019,25.0000
Self_motion,Extradition,1,0.0019,0.1328
Judgment_communication,Presence,1,0.0019,0.4065
Death,Prison,1,0.0019,0.2128
Legal_rulings,Dispersal,1,0.0019,1.2987
Judgment_communication,Legality,1,0.0019,0.4065
Death,Extradition,1,0.0019,0.2128
Assistance,Dispersal,1,0.0019,0.6536
Legal_rulings,Extradition,1,0.0019,1.2987
Legal_rulings,Placing,1,0.0019,1.2987
Action,Control,1,0.0019,0.2695
Placing,Building,1,0.0019,0.4016
Submitting_documents,Competition,1,0.0019,4.5455
Submitting_documents,Becoming,1,0.0019,4.5455
Expressing_publicly,Building,1,0.0019,0.4065
Competition,Exchange,1,0.0019,0.0672
Bringing,Earnings_and_losses,1,0.0019,0.7519
Conquering,Practice,1,0.0019,0.1304
Robbery,Arriving,1,0.0019,5.0000
Theft,Arriving,1,0.0019,7.6923
Robbery,Theft,1,0.0019,5.0000
Damaging,Recording,1,0.0019,0.4016
Destroying,Award,1,0.0019,0.2119
Legal_rulings,Request,1,0.0019,1.2987
Traveling,Assistance,1,0.0019,0.0934
Committing_crime,Assistance,1,0.0019,0.3636
Openness,Preventing_or_letting,1,0.0019,1.2346
Escaping,Influence,1,0.0019,0.2899
Removing,Carry_goods,1,0.0019,0.5236
Body_movement,Dispersal,1,0.0019,1.1236
Presence,Military_operation,1,0.0019,0.1764
Perception_active,Giving,1,0.0019,1.1236
Justifying,Communication,1,0.0019,14.2857
Justifying,Sign_agreement,1,0.0019,14.2857
Temporary_stay,Supply,1,0.0019,2.0833
Temporary_stay,Research,1,0.0019,2.0833
Temporary_stay,Preserving,1,0.0019,2.0833
Temporary_stay,Defending,1,0.0019,2.0833
Temporary_stay,Testing,1,0.0019,2.0833
Testing,Preserving,1,0.0019,0.6579
Temporary_stay,Competition,1,0.0019,2.0833
Recovering,Surrounding,1,0.0019,0.9804
Hold,Theft,1,0.0019,0.1631
Emptying,Arrest,1,0.0019,2.5000
Statement,Competition,1,0.0019,0.5291
Writing,Publishing,1,0.0019,4.1667
Writing,Receiving,1,0.0019,4.1667
Writing,Award,1,0.0019,4.1667
Commitment,Revenge,1,0.0019,2.1739
Kidnapping,Building,1,0.0019,0.5405
Come_together,Cause_change_of_position_on_a_scale,1,0.0019,0.4608
Death,Preserving,1,0.0019,0.2128
Defending,Rite,1,0.0019,0.3096
Ingestion,Influence,1,0.0019,11.1111
Wearing,Conquering,1,0.0019,4.3478
Wearing,Escaping,1,0.0019,4.3478
Testing,Bringing,1,0.0019,0.6579
Testing,Change_event_time,1,0.0019,0.6579
Testing,Hostile_encounter,1,0.0019,0.6579
Change_event_time,Preventing_or_letting,1,0.0019,1.4085
Change_event_time,Hostile_encounter,1,0.0019,1.4085
Killing,Cure,1,0.0019,0.1026
Choosing,Being_in_operation,1,0.0019,0.3472
Agree_or_refuse_to_act,Having_or_lacking_access,1,0.0019,0.3831
Agree_or_refuse_to_act,Damaging,1,0.0019,0.3831
Control,Having_or_lacking_access,1,0.0019,0.2809
Control,Influence,1,0.0019,0.2809
Coming_to_believe,Use_firearm,1,0.0019,2.0408
Giving,Temporary_stay,1,0.0019,0.5952
Self_motion,Temporary_stay,1,0.0019,0.1328
Commerce_sell,Temporary_stay,1,0.0019,1.4706
Commerce_sell,Self_motion,1,0.0019,1.4706
Motion,Committing_crime,1,0.0019,0.0771
Action,Committing_crime,1,0.0019,0.2695
Assistance,Arranging,1,0.0019,0.6536
Confronting_problem,Statement,1,0.0019,1.3699
Scouring,Emptying,1,0.0019,4.5455
Recovering,Achieve,1,0.0019,0.9804
Recovering,Preserving,1,0.0019,0.9804
Robbery,Destroying,1,0.0019,5.0000
Confronting_problem,Change_event_time,1,0.0019,1.3699
Cause_to_amalgamate,Employment,1,0.0019,0.7752
Come_together,Create_artwork,1,0.0019,0.4608
Warning,Judgment_communication,1,0.0019,1.3158
Presence,Lighting,1,0.0019,0.1764
Arriving,Having_or_lacking_access,1,0.0019,0.1328
Manufacturing,Forming_relationships,1,0.0019,0.7407
Manufacturing,Request,1,0.0019,0.7407
Robbery,Supply,1,0.0019,5.0000
Removing,Rescuing,1,0.0019,0.5236
Name_conferral,Deciding,1,0.0019,3.5714
Bringing,Hiding_objects,1,0.0019,0.7519
Wearing,Hiding_objects,1,0.0019,4.3478
Deciding,Research,1,0.0019,0.5181
Process_end,Research,1,0.0019,0.3472
Traveling,Scrutiny,1,0.0019,0.0934
Agree_or_refuse_to_act,Response,1,0.0019,0.3831
Change_of_leadership,Social_event,1,0.0019,0.1770
Commitment,Social_event,1,0.0019,2.1739
Giving,Recording,1,0.0019,0.5952
Cause_to_amalgamate,Violence,1,0.0019,0.7752
Come_together,Criminal_investigation,1,0.0019,0.4608
Coming_to_be,Violence,1,0.0019,0.0280
Violence,Name_conferral,1,0.0019,0.2299
Getting,Influence,1,0.0019,0.2959
Action,Assistance,1,0.0019,0.2695
Temporary_stay,Arriving,1,0.0019,2.0833
Hold,Legality,1,0.0019,0.1631
Arranging,Exchange,1,0.0019,0.1311
Arranging,Releasing,1,0.0019,0.1311
Hold,Exchange,1,0.0019,0.1631
Preserving,Writing,1,0.0019,5.0000
Legality,Becoming,1,0.0019,3.0303
Legality,Military_operation,1,0.0019,3.0303
Conquering,Having_or_lacking_access,1,0.0019,0.1304
Cause_change_of_position_on_a_scale,Publishing,1,0.0019,0.2571
Removing,Judgment_communication,1,0.0019,0.5236
Request,Commerce_buy,1,0.0019,0.2188
Sending,Telling,1,0.0019,0.3745
Arriving,Patrolling,1,0.0019,0.1328
Sending,Create_artwork,1,0.0019,0.3745
Coming_to_be,Patrolling,1,0.0019,0.0280
Coming_to_be,Create_artwork,1,0.0019,0.0280
Sending,Award,1,0.0019,0.3745
Surrendering,Sending,1,0.0019,1.1364
Preventing_or_letting,Telling,1,0.0019,0.3891
Temporary_stay,Becoming,1,0.0019,2.0833
Temporary_stay,Assistance,1,0.0019,2.0833
Assistance,Becoming,1,0.0019,0.6536
Arrest,Rewards_and_punishments,1,0.0019,0.4695
Rewards_and_punishments,Becoming,1,0.0019,4.1667
Arrest,Becoming,1,0.0019,0.4695
Process_end,Rewards_and_punishments,1,0.0019,0.3472
Temporary_stay,Arrest,1,0.0019,2.0833
Arrest,Assistance,1,0.0019,0.4695
Temporary_stay,Rewards_and_punishments,1,0.0019,2.0833
Rewards_and_punishments,Assistance,1,0.0019,4.1667
Expansion,Arranging,1,0.0019,1.2987
Presence,Supply,1,0.0019,0.1764
Surrounding,Receiving,1,0.0019,3.0303
Bodily_harm,Defending,1,0.0019,0.3125
Surrounding,Cause_to_make_progress,1,0.0019,3.0303
Reporting,Response,1,0.0019,2.3810
Reporting,Arranging,1,0.0019,2.3810
Bodily_harm,Catastrophe,1,0.0019,0.3125
Assistance,Prison,1,0.0019,0.6536
Motion,Prison,1,0.0019,0.0771
Hindering,Prison,1,0.0019,1.2500
Social_event,Becoming_a_member,1,0.0019,0.0783
Getting,Presence,1,0.0019,0.2959
Submitting_documents,Process_end,1,0.0019,4.5455
Building,Submitting_documents,1,0.0019,0.7752
Supporting,Influence,1,0.0019,0.7246
Supporting,Submitting_documents,1,0.0019,0.7246
Building,Bringing,1,0.0019,0.7752
Building,Influence,1,0.0019,0.7752
Supporting,Building,1,0.0019,0.7246
Body_movement,Change_event_time,1,0.0019,1.1236
Process_end,Protest,1,0.0019,0.3472
Body_movement,Change_sentiment,1,0.0019,1.1236
Process_end,Change_sentiment,1,0.0019,0.3472
Body_movement,Response,1,0.0019,1.1236
Process_end,Perception_active,1,0.0019,0.3472
Body_movement,Protest,1,0.0019,1.1236
Earnings_and_losses,Change_sentiment,1,0.0019,0.3058
Getting,Perception_active,1,0.0019,0.2959
Getting,Protest,1,0.0019,0.2959
Earnings_and_losses,Response,1,0.0019,0.3058
Change_event_time,Change_sentiment,1,0.0019,1.4085
Change_event_time,Perception_active,1,0.0019,1.4085
Change_event_time,Protest,1,0.0019,1.4085
Getting,Change_sentiment,1,0.0019,0.2959
Writing,Labeling,1,0.0019,4.1667
Motion_directional,GetReady,1,0.0019,0.2817
Surrendering,GetReady,1,0.0019,1.1364
Emptying,GetReady,1,0.0019,2.5000
Know,Limiting,1,0.0019,0.3236
Motion_directional,Surrendering,1,0.0019,0.2817
Request,Limiting,1,0.0019,0.2188
Surrendering,Emptying,1,0.0019,1.1364
Communication,Openness,1,0.0019,0.6369
Sign_agreement,Sign_agreement,1,0.0019,0.6135
Labeling,Change_of_leadership,1,0.0019,20.0000
Hold,Recovering,1,0.0019,0.1631
Military_operation,Becoming_a_member,1,0.0019,0.1117
Education_teaching,Arranging,1,0.0019,1.4925
Departing,Education_teaching,1,0.0019,0.4115
Deciding,Connect,1,0.0019,0.5181
Becoming_a_member,Education_teaching,1,0.0019,1.2346
Arranging,Committing_crime,1,0.0019,0.1311
Besieging,Know,1,0.0019,0.3788
Agree_or_refuse_to_act,Social_event,1,0.0019,0.3831
Removing,Reporting,1,0.0019,0.5236
Sending,Dispersal,1,0.0019,0.3745
Coming_to_believe,Supply,1,0.0019,2.0408
Cause_change_of_strength,Recovering,1,0.0019,0.2532
Employment,Resolve_problem,1,0.0019,2.3810
Damaging,Resolve_problem,1,0.0019,0.4016
Employment,Submitting_documents,1,0.0019,2.3810
Submitting_documents,Resolve_problem,1,0.0019,4.5455
Damaging,Submitting_documents,1,0.0019,0.4016
Deciding,Robbery,1,0.0019,0.5181
Commitment,Cause_change_of_position_on_a_scale,1,0.0019,2.1739
Commitment,Change_event_time,1,0.0019,2.1739
Confronting_problem,Limiting,1,0.0019,1.3699
Confronting_problem,Resolve_problem,1,0.0019,1.3699
Cause_change_of_position_on_a_scale,Resolve_problem,1,0.0019,0.2571
Cause_change_of_strength,Expressing_publicly,1,0.0019,0.2532
Body_movement,Bringing,1,0.0019,1.1236
Body_movement,Coming_to_believe,1,0.0019,1.1236
Protest,Becoming,1,0.0019,0.8403
Criminal_investigation,Assistance,1,0.0019,0.8403
Convincing,Reporting,1,0.0019,1.0638
Criminal_investigation,Process_end,1,0.0019,0.8403
Agree_or_refuse_to_act,Reporting,1,0.0019,0.3831
Cause_change_of_strength,Robbery,1,0.0019,0.2532
Criminal_investigation,Motion_directional,1,0.0019,0.8403
Cure,Protest,1,0.0019,11.1111
Come_together,Suspicion,1,0.0019,0.4608
Openness,Suspicion,1,0.0019,1.2346
Surrendering,Releasing,1,0.0019,1.1364
Collaboration,Killing,1,0.0019,4.1667
Dispersal,Change,1,0.0019,1.0526
Request,Rescuing,1,0.0019,0.2188
Recovering,Removing,1,0.0019,0.9804
Communication,Conquering,1,0.0019,0.6369
Statement,Process_start,1,0.0019,0.5291
Bodily_harm,Connect,1,0.0019,0.3125
Submitting_documents,Cause_to_be_included,1,0.0019,4.5455
Being_in_operation,Choosing,1,0.0019,0.8000
Damaging,Choosing,1,0.0019,0.4016
Cure,Expressing_publicly,1,0.0019,11.1111
Earnings_and_losses,Process_start,1,0.0019,0.3058
Statement,Robbery,1,0.0019,0.5291
Testing,Cause_to_make_progress,1,0.0019,0.6579
Supporting,Labeling,1,0.0019,0.7246
Supporting,Prison,1,0.0019,0.7246
Arrest,Defending,1,0.0019,0.4695
Defending,Labeling,1,0.0019,0.3096
Supporting,Legality,1,0.0019,0.7246
Request,Prison,1,0.0019,0.2188
Request,Legality,1,0.0019,0.2188
Request,Labeling,1,0.0019,0.2188
Commitment,Dispersal,1,0.0019,2.1739
Legal_rulings,Labeling,1,0.0019,1.2987
Defending,Prison,1,0.0019,0.3096
Arrest,Labeling,1,0.0019,0.4695
Presence,Cure,1,0.0019,0.1764
Commerce_buy,Statement,1,0.0019,2.8571
Traveling,Catastrophe,1,0.0019,0.0934
Submitting_documents,Control,1,0.0019,4.5455
Social_event,Submitting_documents,1,0.0019,0.0783
Hold,Submitting_documents,1,0.0019,0.1631
Filling,Becoming,1,0.0019,2.1739
Filling,Hold,1,0.0019,2.1739
Traveling,Damaging,1,0.0019,0.0934
Forming_relationships,Recovering,1,0.0019,2.1277
Bringing,Robbery,1,0.0019,0.7519
Bringing,Supply,1,0.0019,0.7519
Coming_to_be,Commerce_buy,1,0.0019,0.0280
Placing,Cause_change_of_strength,1,0.0019,0.4016
Besieging,Besieging,1,0.0019,0.3788
Process_end,Recording,1,0.0019,0.3472
Reveal_secret,Coming_to_be,1,0.0019,3.2258
Killing,Body_movement,1,0.0019,0.1026
Surrendering,Surrendering,1,0.0019,1.1364
Expressing_publicly,GiveUp,1,0.0019,0.4065
Deciding,Limiting,1,0.0019,0.5181
GiveUp,Filling,1,0.0019,1.6393
GiveUp,Reforming_a_system,1,0.0019,1.6393
Expressing_publicly,Earnings_and_losses,1,0.0019,0.4065
Expressing_publicly,Limiting,1,0.0019,0.4065
Process_end,Reforming_a_system,1,0.0019,0.3472
Surrendering,Limiting,1,0.0019,1.1364
Attack,Limiting,1,0.0019,0.0244
Expressing_publicly,Reforming_a_system,1,0.0019,0.4065
Process_end,Limiting,1,0.0019,0.3472
GiveUp,Catastrophe,1,0.0019,1.6393
Defending,Recovering,1,0.0019,0.3096
Creating,Recovering,1,0.0019,0.1715
Communication,Influence,1,0.0019,0.6369
Commerce_sell,Expansion,1,0.0019,1.4706
GetReady,Killing,1,0.0019,2.1739
Perception_active,Perception_active,1,0.0019,1.1236
Carry_goods,Earnings_and_losses,1,0.0019,6.2500
Sending,Change_of_leadership,1,0.0019,0.3745
Giving,Sending,1,0.0019,0.5952
Come_together,Legality,1,0.0019,0.4608
Assistance,Presence,1,0.0019,0.6536
Writing,Reveal_secret,1,0.0019,4.1667
Writing,Know,1,0.0019,4.1667
Writing,Openness,1,0.0019,4.1667
Writing,Killing,1,0.0019,4.1667
Openness,Reveal_secret,1,0.0019,1.2346
Writing,Catastrophe,1,0.0019,4.1667
Manufacturing,Creating,1,0.0019,0.7407
Building,Sign_agreement,1,0.0019,0.7752
Sending,Reporting,1,0.0019,0.3745
Testing,Reporting,1,0.0019,0.6579
Receiving,Testing,1,0.0019,1.0638
Sending,Openness,1,0.0019,0.3745
Receiving,Openness,1,0.0019,1.0638
Legal_rulings,Coming_to_be,1,0.0019,1.2987
Hiding_objects,Convincing,1,0.0019,4.1667
Openness,Control,1,0.0019,1.2346
Being_in_operation,Hindering,1,0.0019,0.8000
Being_in_operation,Change,1,0.0019,0.8000
Openness,Change,1,0.0019,1.2346
Being_in_operation,Openness,1,0.0019,0.8000
Openness,Catastrophe,1,0.0019,1.2346
Destroying,Receiving,1,0.0019,0.2119
Convincing,Perception_active,1,0.0019,1.0638
Self_motion,Research,1,0.0019,0.1328
Recovering,Influence,1,0.0019,0.9804
Request,GetReady,1,0.0019,0.2188
GetReady,Arriving,1,0.0019,2.1739
Attack,Being_in_operation,1,0.0019,0.0244
Scrutiny,Action,1,0.0019,1.1364
Come_together,Recovering,1,0.0019,0.4608
Come_together,Response,1,0.0019,0.4608
Come_together,Expansion,1,0.0019,0.4608
Come_together,Change,1,0.0019,0.4608
Control,Criminal_investigation,1,0.0019,0.2809
Supply,Preventing_or_letting,1,0.0019,0.8929
Perception_active,GetReady,1,0.0019,1.1236
Perception_active,Military_operation,1,0.0019,1.1236
Having_or_lacking_access,Cure,1,0.0019,6.2500
Hiding_objects,Patrolling,1,0.0019,4.1667
Deciding,Preserving,1,0.0019,0.5181
Create_artwork,Perception_active,1,0.0019,5.2632
Killing,Prison,1,0.0019,0.1026
Bodily_harm,Achieve,1,0.0019,0.3125
Receiving,GetReady,1,0.0019,1.0638
Recovering,Statement,1,0.0019,0.9804
Supporting,Judgment_communication,1,0.0019,0.7246
Recovering,Reporting,1,0.0019,0.9804
Wearing,Response,1,0.0019,4.3478
Commerce_sell,Cause_to_be_included,1,0.0019,1.4706
Check,Employment,1,0.0019,1.6393
Check,Response,1,0.0019,1.6393
Check,Arranging,1,0.0019,1.6393
Check,Connect,1,0.0019,1.6393
Check,Competition,1,0.0019,1.6393
Commerce_sell,Name_conferral,1,0.0019,1.4706
Check,Earnings_and_losses,1,0.0019,1.6393
Check,Wearing,1,0.0019,1.6393
Check,Hold,1,0.0019,1.6393
Check,Know,1,0.0019,1.6393
Check,Publishing,1,0.0019,1.6393
Cause_to_be_included,Know,1,0.0019,2.9412
Request,Robbery,1,0.0019,0.2188
Getting,Robbery,1,0.0019,0.2959
Request,Body_movement,1,0.0019,0.2188
Bringing,Use_firearm,1,0.0019,0.7519
Criminal_investigation,Exchange,1,0.0019,0.8403
Name_conferral,Getting,1,0.0019,3.5714
Employment,Destroying,1,0.0019,2.3810
Temporary_stay,Departing,1,0.0019,2.0833
Temporary_stay,Escaping,1,0.0019,2.0833
Cause_change_of_strength,Exchange,1,0.0019,0.2532
Employment,Request,1,0.0019,2.3810
Bodily_harm,Exchange,1,0.0019,0.3125
Cause_change_of_position_on_a_scale,Exchange,1,0.0019,0.2571
Bodily_harm,Cause_change_of_strength,1,0.0019,0.3125
Name_conferral,Supply,1,0.0019,3.5714
Military_operation,Temporary_stay,1,0.0019,0.1117
Military_operation,GiveUp,1,0.0019,0.1117
Motion_directional,Employment,1,0.0019,0.2817
Temporary_stay,Self_motion,1,0.0019,2.0833
Destroying,Exchange,1,0.0019,0.2119
Action,Education_teaching,1,0.0019,0.2695
Reveal_secret,Manufacturing,1,0.0019,3.2258
Defending,Connect,1,0.0019,0.3096
Cause_to_be_included,Communication,1,0.0019,2.9412
Cause_to_be_included,Expressing_publicly,1,0.0019,2.9412
Departing,Commerce_buy,1,0.0019,0.4115
GiveUp,Confronting_problem,1,0.0019,1.6393
Cure,Arranging,1,0.0019,11.1111
Cure,Attack,1,0.0019,11.1111
Rescuing,Judgment_communication,1,0.0019,2.5641
Reveal_secret,Cause_change_of_position_on_a_scale,1,0.0019,3.2258
Legal_rulings,Giving,1,0.0019,1.2987
Check,Escaping,1,0.0019,1.6393
Check,Motion,1,0.0019,1.6393
Exchange,Process_end,1,0.0019,5.0000
Body_movement,Exchange,1,0.0019,1.1236
Patrolling,Presence,1,0.0019,2.1739
Response,Hostile_encounter,1,0.0019,0.6329
Response,Conquering,1,0.0019,0.6329
Publishing,Motion_directional,1,0.0019,0.8772
Process_start,Commerce_sell,1,0.0019,0.0766
Placing,Change,1,0.0019,0.4016
Process_start,Testing,1,0.0019,0.0766
Getting,GetReady,1,0.0019,0.2959
GetReady,Giving,1,0.0019,2.1739
GetReady,Getting,1,0.0019,2.1739
GetReady,Response,1,0.0019,2.1739
Commerce_pay,Resolve_problem,1,0.0019,3.5714
Departing,Resolve_problem,1,0.0019,0.4115
Change_event_time,Change,1,0.0019,1.4085
Kidnapping,Emptying,1,0.0019,0.5405
Kidnapping,Commerce_buy,1,0.0019,0.5405
Kidnapping,Arranging,1,0.0019,0.5405
Escaping,Supply,1,0.0019,0.2899
Writing,Becoming,1,0.0019,4.1667
Change_event_time,Sending,1,0.0019,1.4085
Body_movement,Arriving,1,0.0019,1.1236
Becoming,Openness,1,0.0019,0.4405
Research,Cause_to_make_progress,1,0.0019,3.4483
Motion_directional,Openness,1,0.0019,0.2817
Request,Catastrophe,1,0.0019,0.2188
Conquering,Openness,1,0.0019,0.1304
Giving,Process_end,1,0.0019,0.5952
Manufacturing,Presence,1,0.0019,0.7407
Agree_or_refuse_to_act,Change,1,0.0019,0.3831
Agree_or_refuse_to_act,Name_conferral,1,0.0019,0.3831
Presence,Traveling,1,0.0019,0.1764
Dispersal,Change_sentiment,1,0.0019,1.0526
Name_conferral,Dispersal,1,0.0019,3.5714
Come_together,Manufacturing,1,0.0019,0.4608
Supply,Becoming,1,0.0019,0.8929
Having_or_lacking_access,Process_end,1,0.0019,6.2500
Bodily_harm,Receiving,1,0.0019,0.3125
Body_movement,Legal_rulings,1,0.0019,1.1236
Bodily_harm,Criminal_investigation,1,0.0019,0.3125
Influence,Convincing,1,0.0019,0.4651
Coming_to_be,Convincing,1,0.0019,0.0280
Departing,Convincing,1,0.0019,0.4115
Create_artwork,Coming_to_be,1,0.0019,5.2632
Violence,Kidnapping,1,0.0019,0.2299
Having_or_lacking_access,Killing,1,0.0019,6.2500
Having_or_lacking_access,Bodily_harm,1,0.0019,6.2500
Having_or_lacking_access,Preventing_or_letting,1,0.0019,6.2500
Having_or_lacking_access,Presence,1,0.0019,6.2500
Preventing_or_letting,Cause_to_amalgamate,1,0.0019,0.3891
Rite,Bodily_harm,1,0.0019,5.5556
Rewards_and_punishments,Bodily_harm,1,0.0019,4.1667
Commerce_pay,Bodily_harm,1,0.0019,3.5714
Action,Robbery,1,0.0019,0.2695
Reporting,Revenge,1,0.0019,2.3810
Expressing_publicly,Revenge,1,0.0019,0.4065
Expansion,Giving,1,0.0019,1.2987
Expansion,Wearing,1,0.0019,1.2987
Expansion,Communication,1,0.0019,1.2987
Arrest,Action,1,0.0019,0.4695
Receiving,Change,1,0.0019,1.0638
Writing,Achieve,1,0.0019,4.1667
Receiving,Expressing_publicly,1,0.0019,1.0638
Death,Earnings_and_losses,1,0.0019,0.2128
Hiding_objects,Preventing_or_letting,1,0.0019,4.1667
Filling,Preventing_or_letting,1,0.0019,2.1739
Hiding_objects,Filling,1,0.0019,4.1667
Request,Reveal_secret,1,0.0019,0.2188
Criminal_investigation,Sending,1,0.0019,0.8403
Attack,Preserving,1,0.0019,0.0244
Action,Achieve,1,0.0019,0.2695
Choosing,Name_conferral,1,0.0019,0.3472
Prison,Preserving,1,0.0019,16.6667
Killing,Quarreling,1,0.0019,0.1026
Coming_to_believe,Agree_or_refuse_to_act,1,0.0019,2.0408
Reporting,Achieve,1,0.0019,2.3810
Cure,Releasing,1,0.0019,11.1111
Arrest,Expressing_publicly,1,0.0019,0.4695
Prison,Giving,1,0.0019,16.6667
Process_end,Scrutiny,1,0.0019,0.3472
Scrutiny,Becoming,1,0.0019,1.1364
Earnings_and_losses,Departing,1,0.0019,0.3058
Scrutiny,Scrutiny,1,0.0019,1.1364
Testing,Request,1,0.0019,0.6579
Testing,Scrutiny,1,0.0019,0.6579
Openness,Recording,1,0.0019,1.2346
Openness,Openness,1,0.0019,1.2346
Openness,Change_event_time,1,0.0019,1.2346
Cause_to_amalgamate,Departing,1,0.0019,0.7752
Cause_to_amalgamate,GiveUp,1,0.0019,0.7752
Kidnapping,Change_of_leadership,1,0.0019,0.5405
Commitment,Arrest,1,0.0019,2.1739
Kidnapping,Confronting_problem,1,0.0019,0.5405
Check,Check,1,0.0019,1.6393
Kidnapping,Becoming,1,0.0019,0.5405
Committing_crime,Quarreling,1,0.0019,0.3636
Kidnapping,Escaping,1,0.0019,0.5405
Giving,Catastrophe,1,0.0019,0.5952
Testing,Reforming_a_system,1,0.0019,0.6579
Connect,Agree_or_refuse_to_act,1,0.0019,1.2195
GetReady,Creating,1,0.0019,2.1739
Becoming,Manufacturing,1,0.0019,0.4405
Research,Defending,1,0.0019,3.4483
Warning,Use_firearm,1,0.0019,1.3158
Warning,Control,1,0.0019,1.3158
Self_motion,Robbery,1,0.0019,0.1328
Perception_active,Change,1,0.0019,1.1236
Commerce_buy,Name_conferral,1,0.0019,2.8571
Rewards_and_punishments,Choosing,1,0.0019,4.1667
Judgment_communication,Choosing,1,0.0019,0.4065
Rewards_and_punishments,Request,1,0.0019,4.1667
Sign_agreement,Change_event_time,1,0.0019,0.6135
Control,Perception_active,1,0.0019,0.2809
Commerce_buy,Preserving,1,0.0019,2.8571
Building,Surrounding,1,0.0019,0.7752
Commerce_buy,Expressing_publicly,1,0.0019,2.8571
Giving,Preserving,1,0.0019,0.5952
Assistance,Preserving,1,0.0019,0.6536
Giving,Commerce_buy,1,0.0019,0.5952
Competition,Having_or_lacking_access,1,0.0019,0.0672
Arranging,Award,1,0.0019,0.1311
Sign_agreement,Supply,1,0.0019,0.6135
Use_firearm,Convincing,1,0.0019,0.1316
Judgment_communication,Warning,1,0.0019,0.4065
Robbery,Damaging,1,0.0019,5.0000
Achieve,Motion_directional,1,0.0019,2.2222
Assistance,Cause_to_amalgamate,1,0.0019,0.6536
Besieging,Cure,1,0.0019,0.3788
Assistance,Cure,1,0.0019,0.6536
Assistance,Besieging,1,0.0019,0.6536
Preventing_or_letting,Releasing,1,0.0019,0.3891
Supply,Coming_to_be,1,0.0019,0.8929
Lighting,Change_event_time,1,0.0019,11.1111
Bringing,Judgment_communication,1,0.0019,0.7519
Lighting,Departing,1,0.0019,11.1111
Change,Receiving,1,0.0019,0.4255
Publishing,Receiving,1,0.0019,0.8772
Cause_to_amalgamate,Receiving,1,0.0019,0.7752
Social_event,Body_movement,1,0.0019,0.0783
Cause_to_make_progress,Recording,1,0.0019,0.4717
Motion_directional,Cause_change_of_position_on_a_scale,1,0.0019,0.2817
Writing,Supporting,1,0.0019,4.1667
Giving,Statement,1,0.0019,0.5952
Research,Telling,1,0.0019,3.4483
Legal_rulings,Attack,1,0.0019,1.2987
Legal_rulings,Defending,1,0.0019,1.2987
Telling,Request,1,0.0019,2.1277
Expend_resource,Reporting,1,0.0019,1.8182
Expend_resource,Death,1,0.0019,1.8182
Statement,Coming_to_believe,1,0.0019,0.5291
Reveal_secret,Bodily_harm,1,0.0019,3.2258
Manufacturing,Hold,1,0.0019,0.7407
Connect,Coming_to_be,1,0.0019,1.2195
Scouring,Know,1,0.0019,4.5455
Being_in_operation,Submitting_documents,1,0.0019,0.8000
Response,Change,1,0.0019,0.6329
Robbery,Committing_crime,1,0.0019,5.0000
Bringing,Rescuing,1,0.0019,0.7519
Supporting,Revenge,1,0.0019,0.7246
Releasing,Self_motion,1,0.0019,2.9412
Defending,Military_operation,1,0.0019,0.3096
Conquering,Patrolling,1,0.0019,0.1304
Besieging,Revenge,1,0.0019,0.3788
Robbery,Expend_resource,1,0.0019,5.0000
Robbery,Surrendering,1,0.0019,5.0000
Expend_resource,Cause_change_of_position_on_a_scale,1,0.0019,1.8182
Robbery,Cause_change_of_position_on_a_scale,1,0.0019,5.0000
Connect,Publishing,1,0.0019,1.2195
Commerce_sell,Check,1,0.0019,1.4706
Publishing,Expend_resource,1,0.0019,0.8772
Publishing,Commerce_sell,1,0.0019,0.8772
Publishing,Temporary_stay,1,0.0019,0.8772
Publishing,Placing,1,0.0019,0.8772
Influence,Cause_to_be_included,1,0.0019,0.4651
Influence,Communication,1,0.0019,0.4651
Carry_goods,Judgment_communication,1,0.0019,6.2500
Judgment_communication,Influence,1,0.0019,0.4065
Change_event_time,Hindering,1,0.0019,1.4085
Perception_active,Bringing,1,0.0019,1.1236
Perception_active,Surrendering,1,0.0019,1.1236
Coming_to_believe,Reporting,1,0.0019,2.0408
Motion_directional,Expansion,1,0.0019,0.2817
Releasing,Use_firearm,1,0.0019,2.9412
Expressing_publicly,Commitment,1,0.0019,0.4065
Releasing,Death,1,0.0019,2.9412
Come_together,Robbery,1,0.0019,0.4608
Change_of_leadership,Competition,1,0.0019,0.1770
Receiving,Emptying,1,0.0019,1.0638
Giving,Emptying,1,0.0019,0.5952
Conquering,Research,1,0.0019,0.1304
Arranging,Convincing,1,0.0019,0.1311
Surrendering,Killing,1,0.0019,1.1364
Coming_to_believe,Defending,1,0.0019,2.0408
Cause_to_amalgamate,Defending,1,0.0019,0.7752
Publishing,Commerce_buy,1,0.0019,0.8772
Earnings_and_losses,GetReady,1,0.0019,0.3058
GetReady,Recovering,1,0.0019,2.1739
Departing,GetReady,1,0.0019,0.4115
Body_movement,Use_firearm,1,0.0019,1.1236
Exchange,Death,1,0.0019,5.0000
Commitment,Conquering,1,0.0019,2.1739
Attack,Testing,1,0.0019,0.0244
Departing,Becoming,1,0.0019,0.4115
Check,Cure,1,0.0019,1.6393
Arriving,Wearing,1,0.0019,0.1328
Violence,Receiving,1,0.0019,0.2299
Limiting,Removing,1,0.0019,7.1429
Scrutiny,Removing,1,0.0019,1.1364
Arrest,Receiving,1,0.0019,0.4695
Limiting,Agree_or_refuse_to_act,1,0.0019,7.1429
Bringing,Military_operation,1,0.0019,0.7519
Change_of_leadership,Cause_change_of_strength,1,0.0019,0.1770
Violence,Prison,1,0.0019,0.2299
Violence,Legality,1,0.0019,0.2299
Getting,Traveling,1,0.0019,0.2959
Committing_crime,Process_start,1,0.0019,0.3636
Social_event,Recovering,1,0.0019,0.0783
Publishing,Supply,1,0.0019,0.8772
GiveUp,Judgment_communication,1,0.0019,1.6393
GiveUp,Legal_rulings,1,0.0019,1.6393
Expend_resource,Building,1,0.0019,1.8182
Releasing,Employment,1,0.0019,2.9412
Expend_resource,Recovering,1,0.0019,1.8182
Control,Coming_to_be,1,0.0019,0.2809
GiveUp,Employment,1,0.0019,1.6393
GiveUp,Releasing,1,0.0019,1.6393
Legal_rulings,Employment,1,0.0019,1.2987
Change_of_leadership,Create_artwork,1,0.0019,0.1770
Preventing_or_letting,Robbery,1,0.0019,0.3891
Change_of_leadership,Sending,1,0.0019,0.1770
Escaping,Telling,1,0.0019,0.2899
Escaping,Name_conferral,1,0.0019,0.2899
Arriving,Hold,1,0.0019,0.1328
Motion_directional,Telling,1,0.0019,0.2817
Supporting,Presence,1,0.0019,0.7246
Arranging,Sign_agreement,1,0.0019,0.1311
Giving,Reporting,1,0.0019,0.5952
Death,Sign_agreement,1,0.0019,0.2128
Becoming_a_member,Sign_agreement,1,0.0019,1.2346
Social_event,Coming_to_believe,1,0.0019,0.0783
Recording,Conquering,1,0.0019,2.2222
Recovering,Control,1,0.0019,0.9804
Hold,Commerce_buy,1,0.0019,0.1631
Military_operation,Expend_resource,1,0.0019,0.1117
Building,Arriving,1,0.0019,0.7752
Hindering,Expend_resource,1,0.0019,1.2500
Hindering,Use_firearm,1,0.0019,1.2500
Use_firearm,Expend_resource,1,0.0019,0.1316
Change_sentiment,Statement,1,0.0019,2.6316
Temporary_stay,Judgment_communication,1,0.0019,2.0833
Come_together,Judgment_communication,1,0.0019,0.4608
Testing,Statement,1,0.0019,0.6579
Scrutiny,Commerce_buy,1,0.0019,1.1364
Name_conferral,Surrendering,1,0.0019,3.5714
Change,Catastrophe,1,0.0019,0.4255
Use_firearm,Reforming_a_system,1,0.0019,0.1316
Traveling,GiveUp,1,0.0019,0.0934
Preventing_or_letting,Testing,1,0.0019,0.3891
Body_movement,Testing,1,0.0019,1.1236
Response,Testing,1,0.0019,0.6329
Departing,Recording,1,0.0019,0.4115
Deciding,Legal_rulings,1,0.0019,0.5181
Research,Criminal_investigation,1,0.0019,3.4483
Commerce_sell,Social_event,1,0.0019,1.4706
Cause_change_of_position_on_a_scale,Commerce_sell,1,0.0019,0.2571
Recording,Having_or_lacking_access,1,0.0019,2.2222
Bringing,Openness,1,0.0019,0.7519
Warning,Openness,1,0.0019,1.3158
Warning,Expressing_publicly,1,0.0019,1.3158
Warning,Motion_directional,1,0.0019,1.3158
Warning,Bringing,1,0.0019,1.3158
Self_motion,Wearing,1,0.0019,0.1328
Perception_active,Cause_to_make_progress,1,0.0019,1.1236
Perception_active,Publishing,1,0.0019,1.1236
Building,Supporting,1,0.0019,0.7752
Motion_directional,Arranging,1,0.0019,0.2817
Traveling,Recovering,1,0.0019,0.0934
Catastrophe,Patrolling,1,0.0019,0.0090
Dispersal,Coming_to_be,1,0.0019,1.0526
Know,Hindering,1,0.0019,0.3236
Influence,Violence,1,0.0019,0.4651
Change_of_leadership,Departing,1,0.0019,0.1770
Rescuing,Motion,1,0.0019,2.5641
Rescuing,Temporary_stay,1,0.0019,2.5641
Escaping,Action,1,0.0019,0.2899
GiveUp,Robbery,1,0.0019,1.6393
Surrendering,Departing,1,0.0019,1.1364
Surrendering,Traveling,1,0.0019,1.1364
Hiding_objects,Presence,1,0.0019,4.1667
Writing,Earnings_and_losses,1,0.0019,4.1667
Connect,Assistance,1,0.0019,1.2195
Hindering,Request,1,0.0019,1.2500
Temporary_stay,Temporary_stay,1,0.0019,2.0833
Building,Dispersal,1,0.0019,0.7752
Building,Assistance,1,0.0019,0.7752
Hiding_objects,Request,1,0.0019,4.1667
Hiding_objects,Commitment,1,0.0019,4.1667
Hiding_objects,Attack,1,0.0019,4.1667
Expressing_publicly,Communication,1,0.0019,0.4065
Arranging,Writing,1,0.0019,0.1311
Expressing_publicly,Writing,1,0.0019,0.4065
Becoming,Writing,1,0.0019,0.4405
Becoming,Cause_to_make_progress,1,0.0019,0.4405
Name_conferral,Change_event_time,1,0.0019,3.5714
Building,Sending,1,0.0019,0.7752
Removing,Committing_crime,1,0.0019,0.5236
Earnings_and_losses,Defending,1,0.0019,0.3058
Request,Hindering,1,0.0019,0.2188
Process_start,Having_or_lacking_access,1,0.0019,0.0766
Self_motion,Committing_crime,1,0.0019,0.1328
Self_motion,Having_or_lacking_access,1,0.0019,0.1328
Self_motion,Traveling,1,0.0019,0.1328
Becoming_a_member,Departing,1,0.0019,1.2346
Placing,Traveling,1,0.0019,0.4016
Departing,Committing_crime,1,0.0019,0.4115
Control,Use_firearm,1,0.0019,0.2809
Becoming_a_member,Committing_crime,1,0.0019,1.2346
Presence,Legality,1,0.0019,0.1764
Presence,Rewards_and_punishments,1,0.0019,0.1764
Criminal_investigation,Prison,1,0.0019,0.8403
Connect,Arrest,1,0.0019,1.2195
Escaping,Kidnapping,1,0.0019,0.2899
Hold,Filling,1,0.0019,0.1631
Creating,Commerce_buy,1,0.0019,0.1715
Wearing,Releasing,1,0.0019,4.3478
Arrest,Presence,1,0.0019,0.4695
Wearing,Presence,1,0.0019,4.3478
Publishing,Presence,1,0.0019,0.8772
Releasing,Presence,1,0.0019,2.9412
Publishing,GetReady,1,0.0019,0.8772
Wearing,Arrest,1,0.0019,4.3478
Publishing,Competition,1,0.0019,0.8772
Wearing,Motion,1,0.0019,4.3478
Exchange,Departing,1,0.0019,5.0000
Motion,Exchange,1,0.0019,0.0771
Recording,Criminal_investigation,1,0.0019,2.2222
Exchange,Recording,1,0.0019,5.0000
Recording,Departing,1,0.0019,2.2222
Agree_or_refuse_to_act,GiveUp,1,0.0019,0.3831
Cause_change_of_position_on_a_scale,Criminal_investigation,1,0.0019,0.2571
Motion,Recording,1,0.0019,0.0771
Criminal_investigation,Departing,1,0.0019,0.8403
Cause_change_of_strength,Expend_resource,1,0.0019,0.2532
Self_motion,Expend_resource,1,0.0019,0.1328
Arriving,Achieve,1,0.0019,0.1328
Hiding_objects,Know,1,0.0019,4.1667
Cause_to_amalgamate,Competition,1,0.0019,0.7752
Departing,Filling,1,0.0019,0.4115
Filling,Action,1,0.0019,2.1739
Change_of_leadership,Supply,1,0.0019,0.1770
Arranging,Bearing_arms,1,0.0019,0.1311
Emptying,Process_start,1,0.0019,2.5000
Presence,Surrendering,1,0.0019,0.1764
Change_of_leadership,Cause_to_amalgamate,1,0.0019,0.1770
Reforming_a_system,Hindering,1,0.0019,2.0408
Agree_or_refuse_to_act,Reforming_a_system,1,0.0019,0.3831
Reforming_a_system,Process_start,1,0.0019,2.0408
Arriving,Exchange,1,0.0019,0.1328
Process_start,Exchange,1,0.0019,0.0766
Protest,Action,1,0.0019,0.8403
Forming_relationships,Escaping,1,0.0019,2.1277
Action,Forming_relationships,1,0.0019,0.2695
Forming_relationships,Change_of_leadership,1,0.0019,2.1277
Cause_change_of_strength,Connect,1,0.0019,0.2532
Action,Connect,1,0.0019,0.2695
Forming_relationships,Temporary_stay,1,0.0019,2.1277
Know,Award,1,0.0019,0.3236
Surrounding,Surrendering,1,0.0019,3.0303
Action,Award,1,0.0019,0.2695
Filling,Damaging,1,0.0019,2.1739
Cause_to_amalgamate,Commerce_pay,1,0.0019,0.7752
Connect,Presence,1,0.0019,1.2195
Confronting_problem,Sending,1,0.0019,1.3699
Preserving,Receiving,1,0.0019,5.0000
Arranging,Rewards_and_punishments,1,0.0019,0.1311
Earnings_and_losses,Rewards_and_punishments,1,0.0019,0.3058
Achieve,Expressing_publicly,1,0.0019,2.2222
Achieve,Commerce_pay,1,0.0019,2.2222
Judgment_communication,Achieve,1,0.0019,0.4065
Resolve_problem,Sign_agreement,1,0.0019,3.5714
Coming_to_be,Research,1,0.0019,0.0280
Cause_change_of_strength,Perception_active,1,0.0019,0.2532
Conquering,Connect,1,0.0019,0.1304
Defending,Perception_active,1,0.0019,0.3096
Sending,Manufacturing,1,0.0019,0.3745
Supply,Patrolling,1,0.0019,0.8929
Response,Publishing,1,0.0019,0.6329
Quarreling,Statement,1,0.0019,0.9091
Quarreling,Publishing,1,0.0019,0.9091
Publishing,Recovering,1,0.0019,0.8772
Use_firearm,Committing_crime,1,0.0019,0.1316
Death,Communication,1,0.0019,0.2128
Motion_directional,Sending,1,0.0019,0.2817
Connect,Sending,1,0.0019,1.2195
Hold,Renting,1,0.0019,0.1631
Process_end,Renting,1,0.0019,0.3472
Renting,Arriving,1,0.0019,14.2857
Choosing,Renting,1,0.0019,0.3472
Criminal_investigation,Influence,1,0.0019,0.8403
Earnings_and_losses,Rite,1,0.0019,0.3058
Sending,Criminal_investigation,1,0.0019,0.3745
Earnings_and_losses,Influence,1,0.0019,0.3058
Sending,Commerce_buy,1,0.0019,0.3745
Know,Commerce_buy,1,0.0019,0.3236
Receiving,Receiving,1,0.0019,1.0638
Sending,Influence,1,0.0019,0.3745
Hindering,Destroying,1,0.0019,1.2500
Arrest,Rite,1,0.0019,0.4695
Statement,Rite,1,0.0019,0.5291
Confronting_problem,Commerce_buy,1,0.0019,1.3699
Know,Confronting_problem,1,0.0019,0.3236
Arrest,Influence,1,0.0019,0.4695
Criminal_investigation,Commerce_buy,1,0.0019,0.8403
Hold,Openness,1,0.0019,0.1631
Receiving,Legal_rulings,1,0.0019,1.0638
Receiving,Telling,1,0.0019,1.0638
Receiving,Request,1,0.0019,1.0638
Exchange,Confronting_problem,1,0.0019,5.0000
Commerce_sell,Perception_active,1,0.0019,1.4706
Building,Traveling,1,0.0019,0.7752
Destroying,Traveling,1,0.0019,0.2119
Commerce_sell,Building,1,0.0019,1.4706
Assistance,Building,1,0.0019,0.6536
Warning,Warning,1,0.0019,1.3158
Robbery,Becoming,1,0.0019,5.0000
Create_artwork,Cause_to_be_included,1,0.0019,5.2632
Resolve_problem,Agree_or_refuse_to_act,1,0.0019,3.5714
Filling,Defending,1,0.0019,2.1739
Change_of_leadership,Change_event_time,1,0.0019,0.1770
Sending,Request,1,0.0019,0.3745
Bodily_harm,Besieging,1,0.0019,0.3125
Check,Use_firearm,1,0.0019,1.6393
Check,Arrest,1,0.0019,1.6393
Defending,Cure,1,0.0019,0.3096
Prison,Preventing_or_letting,1,0.0019,16.6667
Besieging,Prison,1,0.0019,0.3788
Prison,Conquering,1,0.0019,16.6667
Scrutiny,Deciding,1,0.0019,1.1364
Cure,Giving,1,0.0019,11.1111
Influence,Catastrophe,1,0.0019,0.4651
Choosing,Bearing_arms,1,0.0019,0.3472
Quarreling,Bearing_arms,1,0.0019,0.9091
Change_of_leadership,Catastrophe,1,0.0019,0.1770
Releasing,Creating,1,0.0019,2.9412
Placing,Name_conferral,1,0.0019,0.4016
Placing,Manufacturing,1,0.0019,0.4016
Writing,Agree_or_refuse_to_act,1,0.0019,4.1667
Convincing,Publishing,1,0.0019,1.0638
Forming_relationships,Research,1,0.0019,2.1277
Defending,Change,1,0.0019,0.3096
Commerce_sell,Preventing_or_letting,1,0.0019,1.4706
Traveling,Coming_to_believe,1,0.0019,0.0934
Violence,Research,1,0.0019,0.2299
Response,Legality,1,0.0019,0.6329
Criminal_investigation,Response,1,0.0019,0.8403
Self_motion,Publishing,1,0.0019,0.1328
Self_motion,Testing,1,0.0019,0.1328
Reforming_a_system,Cure,1,0.0019,2.0408
Terrorism,Cure,1,0.0019,0.1754
Terrorism,Agree_or_refuse_to_act,1,0.0019,0.1754
Bringing,Motion_directional,1,0.0019,0.7519
Bringing,Action,1,0.0019,0.7519
Bringing,Reforming_a_system,1,0.0019,0.7519
Manufacturing,Reveal_secret,1,0.0019,0.7407
Scrutiny,Damaging,1,0.0019,1.1364
Scrutiny,Releasing,1,0.0019,1.1364
Action,Reveal_secret,1,0.0019,0.2695
Rewards_and_punishments,Rewards_and_punishments,1,0.0019,4.1667
Commerce_sell,Process_start,1,0.0019,1.4706
Commerce_sell,Hold,1,0.0019,1.4706
Commerce_sell,Attack,1,0.0019,1.4706
Commerce_sell,Statement,1,0.0019,1.4706
Body_movement,Hindering,1,0.0019,1.1236
Kidnapping,Cause_change_of_strength,1,0.0019,0.5405
Terrorism,Name_conferral,1,0.0019,0.1754
Commerce_buy,Perception_active,1,0.0019,2.8571
Confronting_problem,Recovering,1,0.0019,1.3699
Confronting_problem,Exchange,1,0.0019,1.3699
Removing,Agree_or_refuse_to_act,1,0.0019,0.5236
Confronting_problem,Removing,1,0.0019,1.3699
Change_event_time,Getting,1,0.0019,1.4085
Removing,Cause_change_of_position_on_a_scale,1,0.0019,0.5236
Assistance,Response,1,0.0019,0.6536
Exchange,Arriving,1,0.0019,5.0000
Change_event_time,Agree_or_refuse_to_act,1,0.0019,1.4085
Change_event_time,Arriving,1,0.0019,1.4085
Process_end,Check,1,0.0019,0.3472
Removing,Recovering,1,0.0019,0.5236
Removing,Exchange,1,0.0019,0.5236
Process_end,Exchange,1,0.0019,0.3472
Assistance,Commerce_pay,1,0.0019,0.6536
Change_event_time,Check,1,0.0019,1.4085
Change_event_time,Surrendering,1,0.0019,1.4085
Confronting_problem,Process_end,1,0.0019,1.3699
Change_event_time,Exchange,1,0.0019,1.4085
Escaping,Check,1,0.0019,0.2899
Escaping,Exchange,1,0.0019,0.2899
Confronting_problem,Commerce_pay,1,0.0019,1.3699
Assistance,Confronting_problem,1,0.0019,0.6536
Change_event_time,Confronting_problem,1,0.0019,1.4085
Change_event_time,Attack,1,0.0019,1.4085
Assistance,Check,1,0.0019,0.6536
Confronting_problem,Arriving,1,0.0019,1.3699
Request,Confronting_problem,1,0.0019,0.2188
Assistance,Exchange,1,0.0019,0.6536
Confronting_problem,Attack,1,0.0019,1.3699
Commerce_pay,Arriving,1,0.0019,3.5714
Escaping,Commerce_pay,1,0.0019,0.2899
Removing,Commerce_pay,1,0.0019,0.5236
Confronting_problem,Check,1,0.0019,1.3699
Escaping,Response,1,0.0019,0.2899
Commerce_pay,Conquering,1,0.0019,3.5714
Commerce_pay,Hold,1,0.0019,3.5714
Cause_to_make_progress,Rescuing,1,0.0019,0.4717
Temporary_stay,Rescuing,1,0.0019,2.0833
Cause_to_make_progress,Temporary_stay,1,0.0019,0.4717
Creating,Research,1,0.0019,0.1715
Being_in_operation,Process_start,1,0.0019,0.8000
Motion_directional,Warning,1,0.0019,0.2817
Practice,Publishing,1,0.0019,12.5000
Emptying,Coming_to_be,1,0.0019,2.5000
Earnings_and_losses,Forming_relationships,1,0.0019,0.3058
Traveling,Education_teaching,1,0.0019,0.0934
Motion_directional,Education_teaching,1,0.0019,0.2817
Getting,Education_teaching,1,0.0019,0.2959
Preventing_or_letting,Bringing,1,0.0019,0.3891
Know,Rescuing,1,0.0019,0.3236
Rescuing,Bringing,1,0.0019,2.5641
Perception_active,Legal_rulings,1,0.0019,1.1236
Killing,Education_teaching,1,0.0019,0.1026
Process_start,Cure,1,0.0019,0.0766
Destroying,Cure,1,0.0019,0.2119
Change,Cure,1,0.0019,0.4255
Placing,Coming_to_be,1,0.0019,0.4016
Commitment,Bringing,1,0.0019,2.1739
Conquering,Commitment,1,0.0019,0.1304
Surrendering,Assistance,1,0.0019,1.1364
Know,Coming_to_be,1,0.0019,0.3236
Placing,Commitment,1,0.0019,0.4016
Arrest,Exchange,1,0.0019,0.4695
Statement,Exchange,1,0.0019,0.5291
Patrolling,Bringing,1,0.0019,2.1739
Patrolling,Escaping,1,0.0019,2.1739
Motion_directional,Bringing,1,0.0019,0.2817
Building,Temporary_stay,1,0.0019,0.7752
Expressing_publicly,Motion_directional,1,0.0019,0.4065
Escaping,Scrutiny,1,0.0019,0.2899
Expressing_publicly,Scrutiny,1,0.0019,0.4065
Hold,Cause_change_of_strength,1,0.0019,0.1631
Giving,Rewards_and_punishments,1,0.0019,0.5952
Commerce_pay,Giving,1,0.0019,3.5714
Commerce_pay,Rewards_and_punishments,1,0.0019,3.5714
Damaging,Cure,1,0.0019,0.4016
Convincing,Placing,1,0.0019,1.0638
Convincing,Arranging,1,0.0019,1.0638
Convincing,Social_event,1,0.0019,1.0638
Recovering,Bringing,1,0.0019,0.9804
Removing,Besieging,1,0.0019,0.5236
Self_motion,Hiding_objects,1,0.0019,0.1328
Hiding_objects,Arriving,1,0.0019,4.1667
Creating,Employment,1,0.0019,0.1715
Presence,Expansion,1,0.0019,0.1764
Change_of_leadership,Besieging,1,0.0019,0.1770
Becoming,Besieging,1,0.0019,0.4405
Receiving,Besieging,1,0.0019,1.0638
Presence,Reforming_a_system,1,0.0019,0.1764
Reforming_a_system,Motion,1,0.0019,2.0408
Reforming_a_system,Coming_to_believe,1,0.0019,2.0408
Process_end,Damaging,1,0.0019,0.3472
Process_end,Death,1,0.0019,0.3472
Presence,Research,1,0.0019,0.1764
Reforming_a_system,Research,1,0.0019,2.0408
Process_start,Collaboration,1,0.0019,0.0766
Collaboration,Agree_or_refuse_to_act,1,0.0019,4.1667
Cause_to_amalgamate,Process_start,1,0.0019,0.7752
Preventing_or_letting,Dispersal,1,0.0019,0.3891
Competition,Recovering,1,0.0019,0.0672
Competition,Create_artwork,1,0.0019,0.0672
Reforming_a_system,Placing,1,0.0019,2.0408
Building,Placing,1,0.0019,0.7752
Sign_agreement,Preserving,1,0.0019,0.6135
Action,Bearing_arms,1,0.0019,0.2695
Departing,Control,1,0.0019,0.4115
Bearing_arms,Use_firearm,1,0.0019,7.1429
Supporting,Communication,1,0.0019,0.7246
Supporting,Reporting,1,0.0019,0.7246
Building,Recovering,1,0.0019,0.7752
Expansion,Becoming,1,0.0019,1.2987
Death,Reveal_secret,1,0.0019,0.2128
Limiting,Cause_change_of_strength,1,0.0019,7.1429
Catastrophe,Limiting,1,0.0019,0.0090
Temporary_stay,Exchange,1,0.0019,2.0833
Sending,Releasing,1,0.0019,0.3745
Temporary_stay,Releasing,1,0.0019,2.0833
Conquering,Convincing,1,0.0019,0.1304
Committing_crime,Hold,1,0.0019,0.3636
Research,Change,1,0.0019,3.4483
Change,Protest,1,0.0019,0.4255
Research,Cause_change_of_position_on_a_scale,1,0.0019,3.4483
Expend_resource,Receiving,1,0.0019,1.8182
Communication,Dispersal,1,0.0019,0.6369
Convincing,Expressing_publicly,1,0.0019,1.0638
Communication,Hiding_objects,1,0.0019,0.6369
Change,Change_event_time,1,0.0019,0.4255
Change,Come_together,1,0.0019,0.4255
Protest,Preserving,1,0.0019,0.8403
Removing,Communication,1,0.0019,0.5236
Cause_change_of_position_on_a_scale,Protest,1,0.0019,0.2571
Protest,Communication,1,0.0019,0.8403
Cause_change_of_position_on_a_scale,Preserving,1,0.0019,0.2571
Supply,Protest,1,0.0019,0.8929
Supply,Preserving,1,0.0019,0.8929
Protest,Control,1,0.0019,0.8403
Employment,Protest,1,0.0019,2.3810
Employment,Preserving,1,0.0019,2.3810
Supply,Communication,1,0.0019,0.8929
Removing,Preserving,1,0.0019,0.5236
Cure,Recovering,1,0.0019,11.1111
Cure,Change_event_time,1,0.0019,11.1111
Supporting,Cause_change_of_position_on_a_scale,1,0.0019,0.7246
Supporting,Expend_resource,1,0.0019,0.7246
Supporting,Traveling,1,0.0019,0.7246
Supporting,Hold,1,0.0019,0.7246
Cause_change_of_position_on_a_scale,Social_event,1,0.0019,0.2571
Agree_or_refuse_to_act,Receiving,1,0.0019,0.3831
Cause_to_amalgamate,Cause_to_amalgamate,1,0.0019,0.7752
Recording,Getting,1,0.0019,2.2222
Sending,Social_event,1,0.0019,0.3745
Change_event_time,Social_event,1,0.0019,1.4085
Surrendering,Motion_directional,1,0.0019,1.1364
Departing,Surrendering,1,0.0019,0.4115
Patrolling,Surrendering,1,0.0019,2.1739
Expressing_publicly,Departing,1,0.0019,0.4065
Commerce_pay,Employment,1,0.0019,3.5714
Expressing_publicly,Robbery,1,0.0019,0.4065
Change,Robbery,1,0.0019,0.4255
Choosing,Besieging,1,0.0019,0.3472
Creating,Besieging,1,0.0019,0.1715
Killing,Recovering,1,0.0019,0.1026
Change_event_time,Destroying,1,0.0019,1.4085
Arriving,Carry_goods,1,0.0019,0.1328
Carry_goods,Expressing_publicly,1,0.0019,6.2500
Catastrophe,Carry_goods,1,0.0019,0.0090
Being_in_operation,Writing,1,0.0019,0.8000
Being_in_operation,Carry_goods,1,0.0019,0.8000
Hiding_objects,Motion,1,0.0019,4.1667
Change_of_leadership,Coming_to_believe,1,0.0019,0.1770
Change_of_leadership,Arranging,1,0.0019,0.1770
Connect,Criminal_investigation,1,0.0019,1.2195
Publishing,Name_conferral,1,0.0019,0.8772
Come_together,Name_conferral,1,0.0019,0.4608
Come_together,Publishing,1,0.0019,0.4608
Come_together,Use_firearm,1,0.0019,0.4608
Warning,Dispersal,1,0.0019,1.3158
Attack,Employment,1,0.0019,0.0244
Warning,Destroying,1,0.0019,1.3158
Having_or_lacking_access,Destroying,1,0.0019,6.2500
Warning,Agree_or_refuse_to_act,1,0.0019,1.3158
Having_or_lacking_access,Earnings_and_losses,1,0.0019,6.2500
Destroying,Cause_change_of_strength,1,0.0019,0.2119
Warning,Besieging,1,0.0019,1.3158
Revenge,Damaging,1,0.0019,5.5556
Revenge,Departing,1,0.0019,5.5556
Deciding,Name_conferral,1,0.0019,0.5181
Statement,Name_conferral,1,0.0019,0.5291
Deciding,Arrest,1,0.0019,0.5181
Becoming_a_member,Giving,1,0.0019,1.2346
Becoming_a_member,Surrendering,1,0.0019,1.2346
Becoming_a_member,Bodily_harm,1,0.0019,1.2346
Surrendering,Giving,1,0.0019,1.1364
Becoming_a_member,Besieging,1,0.0019,1.2346
Request,Coming_to_believe,1,0.0019,0.2188
Building,Commerce_buy,1,0.0019,0.7752
Arranging,Commerce_buy,1,0.0019,0.1311
Choosing,Commerce_buy,1,0.0019,0.3472
Removing,Presence,1,0.0019,0.5236
Judgment_communication,Limiting,1,0.0019,0.4065
Sending,Judgment_communication,1,0.0019,0.3745
Judgment_communication,Supply,1,0.0019,0.4065
Influence,Change_event_time,1,0.0019,0.4651
Choosing,Damaging,1,0.0019,0.3472
Bodily_harm,Assistance,1,0.0019,0.3125
Departing,Emptying,1,0.0019,0.4115
Coming_to_believe,Cause_to_make_progress,1,0.0019,2.0408
Coming_to_believe,Conquering,1,0.0019,2.0408
Expend_resource,Self_motion,1,0.0019,1.8182
Expend_resource,Agree_or_refuse_to_act,1,0.0019,1.8182
Being_in_operation,Hostile_encounter,1,0.0019,0.8000
Carry_goods,Preventing_or_letting,1,0.0019,6.2500
Carry_goods,Motion,1,0.0019,6.2500
Carry_goods,Control,1,0.0019,6.2500
Expend_resource,Change_of_leadership,1,0.0019,1.8182
Perception_active,Agree_or_refuse_to_act,1,0.0019,1.1236
Cause_change_of_position_on_a_scale,Deciding,1,0.0019,0.2571
Cause_to_amalgamate,Name_conferral,1,0.0019,0.7752
Communication,Reporting,1,0.0019,0.6369
Destroying,Hold,1,0.0019,0.2119
Damaging,Perception_active,1,0.0019,0.4016
Action,Supporting,1,0.0019,0.2695
Commerce_pay,Reporting,1,0.0019,3.5714
Action,Body_movement,1,0.0019,0.2695
Action,Arranging,1,0.0019,0.2695
Know,Exchange,1,0.0019,0.3236
Self_motion,Exchange,1,0.0019,0.1328
Agree_or_refuse_to_act,Exchange,1,0.0019,0.3831
Scrutiny,Surrendering,1,0.0019,1.1364
Expend_resource,Escaping,1,0.0019,1.8182
Expend_resource,Motion,1,0.0019,1.8182
Sending,Becoming_a_member,1,0.0019,0.3745
Defending,Bearing_arms,1,0.0019,0.3096
Surrendering,Control,1,0.0019,1.1364
Surrendering,Defending,1,0.0019,1.1364
Preventing_or_letting,Death,1,0.0019,0.3891
Surrendering,Cause_change_of_strength,1,0.0019,1.1364
Surrendering,Becoming_a_member,1,0.0019,1.1364
Surrendering,Confronting_problem,1,0.0019,1.1364
Research,Judgment_communication,1,0.0019,3.4483
Education_teaching,Judgment_communication,1,0.0019,1.4925
Come_together,Achieve,1,0.0019,0.4608
Cause_change_of_position_on_a_scale,Choosing,1,0.0019,0.2571
Connect,Change,1,0.0019,1.2195
Connect,Connect,1,0.0019,1.2195
Connect,Resolve_problem,1,0.0019,1.2195
Connect,Motion_directional,1,0.0019,1.2195
Judgment_communication,Getting,1,0.0019,0.4065
Employment,Getting,1,0.0019,2.3810
Motion_directional,Judgment_communication,1,0.0019,0.2817
Besieging,Communication,1,0.0019,0.3788
Exchange,Bringing,1,0.0019,5.0000
Change_event_time,Bringing,1,0.0019,1.4085
Exchange,Change_event_time,1,0.0019,5.0000
Earnings_and_losses,Dispersal,1,0.0019,0.3058
Dispersal,Statement,1,0.0019,1.0526
Telling,Quarreling,1,0.0019,2.1277
Becoming,Legal_rulings,1,0.0019,0.4405
Becoming,Protest,1,0.0019,0.4405
Becoming,Come_together,1,0.0019,0.4405
Becoming,Response,1,0.0019,0.4405
Becoming,Assistance,1,0.0019,0.4405
Commerce_pay,Assistance,1,0.0019,3.5714
Defending,Protest,1,0.0019,0.3096
Writing,Death,1,0.0019,4.1667
Response,Choosing,1,0.0019,0.6329
Reforming_a_system,Giving,1,0.0019,2.0408
Violence,Sending,1,0.0019,0.2299
Violence,Collaboration,1,0.0019,0.2299
Escaping,Recording,1,0.0019,0.2899
Criminal_investigation,Protest,1,0.0019,0.8403
Perception_active,Coming_to_be,1,0.0019,1.1236
Perception_active,Use_firearm,1,0.0019,1.1236
Placing,Releasing,1,0.0019,0.4016
Bodily_harm,Releasing,1,0.0019,0.3125
Recovering,Placing,1,0.0019,0.9804
Perception_active,Destroying,1,0.0019,1.1236
Presence,Hiding_objects,1,0.0019,0.1764
Preventing_or_letting,Cause_to_make_progress,1,0.0019,0.3891
Process_start,Reforming_a_system,1,0.0019,0.0766
Cause_to_make_progress,Reforming_a_system,1,0.0019,0.4717
Expend_resource,Presence,1,0.0019,1.8182
Motion_directional,Come_together,1,0.0019,0.2817
Rescuing,Rescuing,1,0.0019,2.5641
Connect,Surrendering,1,0.0019,1.2195
Action,Filling,1,0.0019,0.2695
Sending,Filling,1,0.0019,0.3745
Cause_to_make_progress,Bodily_harm,1,0.0019,0.4717
Collaboration,Removing,1,0.0019,4.1667
Coming_to_be,Collaboration,1,0.0019,0.0280
Commerce_sell,Dispersal,1,0.0019,1.4706
Quarreling,Dispersal,1,0.0019,0.9091
Commerce_sell,Quarreling,1,0.0019,1.4706
Supply,Reforming_a_system,1,0.0019,0.8929
Preserving,Process_end,1,0.0019,5.0000
Exchange,Becoming,1,0.0019,5.0000
Publishing,Coming_to_believe,1,0.0019,0.8772
Traveling,Commerce_pay,1,0.0019,0.0934
Traveling,Expend_resource,1,0.0019,0.0934
Expend_resource,Commerce_pay,1,0.0019,1.8182
Traveling,Writing,1,0.0019,0.0934
Giving,Request,1,0.0019,0.5952
Legality,Request,1,0.0019,3.0303
Traveling,Legal_rulings,1,0.0019,0.0934
Traveling,Legality,1,0.0019,0.0934
Expend_resource,Releasing,1,0.0019,1.8182
Achieve,Hindering,1,0.0019,2.2222
Perception_active,Escaping,1,0.0019,1.1236
Departing,Assistance,1,0.0019,0.4115
Assistance,Coming_to_believe,1,0.0019,0.6536
Motion_directional,Cure,1,0.0019,0.2817
Change,Scrutiny,1,0.0019,0.4255
Releasing,Criminal_investigation,1,0.0019,2.9412
Arriving,Criminal_investigation,1,0.0019,0.1328
Warning,Statement,1,0.0019,1.3158
Releasing,Arriving,1,0.0019,2.9412
Check,Legality,1,0.0019,1.6393
Giving,Legal_rulings,1,0.0019,0.5952
Know,Name_conferral,1,0.0019,0.3236
Communication,Rewards_and_punishments,1,0.0019,0.6369
Preventing_or_letting,Know,1,0.0019,0.3891
Response,Cause_change_of_strength,1,0.0019,0.6329
Preventing_or_letting,Commerce_sell,1,0.0019,0.3891
Preventing_or_letting,Commerce_pay,1,0.0019,0.3891
Supporting,Agree_or_refuse_to_act,1,0.0019,0.7246
Come_together,Surrounding,1,0.0019,0.4608
Removing,Cause_to_be_included,1,0.0019,0.5236
Agree_or_refuse_to_act,Patrolling,1,0.0019,0.3831
Escaping,Patrolling,1,0.0019,0.2899
Self_motion,Patrolling,1,0.0019,0.1328
Cause_to_amalgamate,Patrolling,1,0.0019,0.7752
Dispersal,Patrolling,1,0.0019,1.0526
Hindering,Motion_directional,1,0.0019,1.2500
Hindering,Killing,1,0.0019,1.2500
Temporary_stay,Creating,1,0.0019,2.0833
Action,Expansion,1,0.0019,0.2695
Departing,Reveal_secret,1,0.0019,0.4115
Cause_change_of_strength,GiveUp,1,0.0019,0.2532
Cause_change_of_strength,Temporary_stay,1,0.0019,0.2532
Building,Receiving,1,0.0019,0.7752
Cause_to_be_included,Filling,1,0.0019,2.9412
Reporting,Influence,1,0.0019,2.3810
Destroying,Come_together,1,0.0019,0.2119
Process_start,Patrolling,1,0.0019,0.0766
Hold,Patrolling,1,0.0019,0.1631
Change_event_time,Hold,1,0.0019,1.4085
Award,Hold,1,0.0019,11.1111
Change_event_time,Award,1,0.0019,1.4085
Statement,Bodily_harm,1,0.0019,0.5291
Warning,Damaging,1,0.0019,1.3158
Warning,Catastrophe,1,0.0019,1.3158
Cause_change_of_position_on_a_scale,Warning,1,0.0019,0.2571
Cause_to_be_included,Statement,1,0.0019,2.9412
Committing_crime,Expressing_publicly,1,0.0019,0.3636
Cause_to_be_included,Death,1,0.0019,2.9412
Influence,Motion_directional,1,0.0019,0.4651
Building,Departing,1,0.0019,0.7752
Building,Becoming,1,0.0019,0.7752
GiveUp,Motion,1,0.0019,1.6393
Writing,Convincing,1,0.0019,4.1667
Writing,Preventing_or_letting,1,0.0019,4.1667
Writing,Supply,1,0.0019,4.1667
Commitment,Reporting,1,0.0019,2.1739
Commitment,Statement,1,0.0019,2.1739
Response,Legal_rulings,1,0.0019,0.6329
Commitment,Know,1,0.0019,2.1739
Bringing,Request,1,0.0019,0.7519
Preventing_or_letting,Rewards_and_punishments,1,0.0019,0.3891
Getting,Damaging,1,0.0019,0.2959
Surrounding,Attack,1,0.0019,3.0303
Manufacturing,Removing,1,0.0019,0.7407
Come_together,Change_of_leadership,1,0.0019,0.4608
Deciding,Commitment,1,0.0019,0.5181
Achieve,Judgment_communication,1,0.0019,2.2222
Rescuing,Statement,1,0.0019,2.5641
Conquering,Rescuing,1,0.0019,0.1304
GetReady,Statement,1,0.0019,2.1739
Education_teaching,Being_in_operation,1,0.0019,1.4925
Education_teaching,Supply,1,0.0019,1.4925
Change,Being_in_operation,1,0.0019,0.4255
Competition,Being_in_operation,1,0.0019,0.0672
Process_end,Resolve_problem,1,0.0019,0.3472
Forming_relationships,Resolve_problem,1,0.0019,2.1277
Forming_relationships,Commitment,1,0.0019,2.1277
Research,Attack,1,0.0019,3.4483
Research,Motion,1,0.0019,3.4483
Research,Process_start,1,0.0019,3.4483
Killing,Confronting_problem,1,0.0019,0.1026
Sign_agreement,Killing,1,0.0019,0.6135
Self_motion,Perception_active,1,0.0019,0.1328
Process_end,Influence,1,0.0019,0.3472
Recovering,Communication,1,0.0019,0.9804
Agree_or_refuse_to_act,Cause_to_amalgamate,1,0.0019,0.3831
Manufacturing,Hindering,1,0.0019,0.7407
Destroying,Arranging,1,0.0019,0.2119
Choosing,GetReady,1,0.0019,0.3472
Cause_to_amalgamate,Check,1,0.0019,0.7752
Defending,Check,1,0.0019,0.3096
Defending,Cause_to_amalgamate,1,0.0019,0.3096
Patrolling,Change,1,0.0019,2.1739
Patrolling,Agree_or_refuse_to_act,1,0.0019,2.1739
Process_end,Agree_or_refuse_to_act,1,0.0019,0.3472
Patrolling,Traveling,1,0.0019,2.1739
Patrolling,Process_end,1,0.0019,2.1739
Catastrophe,Expend_resource,1,0.0019,0.0090
Giving,Cause_change_of_strength,1,0.0019,0.5952
Earnings_and_losses,Arrest,1,0.0019,0.3058
Preventing_or_letting,Change_of_leadership,1,0.0019,0.3891
Cause_change_of_position_on_a_scale,Placing,1,0.0019,0.2571
Perception_active,Departing,1,0.0019,1.1236
Hindering,Damaging,1,0.0019,1.2500
Preserving,Attack,1,0.0019,5.0000
Preserving,Action,1,0.0019,5.0000
Preserving,Damaging,1,0.0019,5.0000
Preserving,Hindering,1,0.0019,5.0000
Motion_directional,Supporting,1,0.0019,0.2817
Arranging,Commitment,1,0.0019,0.1311
Preserving,Bringing,1,0.0019,5.0000
Earnings_and_losses,Recording,1,0.0019,0.3058
Expansion,Earnings_and_losses,1,0.0019,1.2987
Military_operation,Cause_to_amalgamate,1,0.0019,0.1117
Control,Sign_agreement,1,0.0019,0.2809
Destroying,Limiting,1,0.0019,0.2119
Publishing,Manufacturing,1,0.0019,0.8772
Expansion,Destroying,1,0.0019,1.2987
Collaboration,Conquering,1,0.0019,4.1667
Expansion,Emptying,1,0.0019,1.2987
Emptying,Hostile_encounter,1,0.0019,2.5000
Hostile_encounter,Patrolling,1,0.0019,0.0320
Collaboration,Arriving,1,0.0019,4.1667
Coming_to_be,Come_together,1,0.0019,0.0280
Patrolling,Bodily_harm,1,0.0019,2.1739
Patrolling,Name_conferral,1,0.0019,2.1739
Education_teaching,Preventing_or_letting,1,0.0019,1.4925
Education_teaching,Damaging,1,0.0019,1.4925
Education_teaching,Name_conferral,1,0.0019,1.4925
Placing,Earnings_and_losses,1,0.0019,0.4016
Change_sentiment,Escaping,1,0.0019,2.6316
Dispersal,Request,1,0.0019,1.0526
Surrounding,Becoming,1,0.0019,3.0303
Being_in_operation,Filling,1,0.0019,0.8000
Being_in_operation,Creating,1,0.0019,0.8000
Being_in_operation,Dispersal,1,0.0019,0.8000
Receiving,Cause_to_amalgamate,1,0.0019,1.0638
Forming_relationships,Earnings_and_losses,1,0.0019,2.1277
Expressing_publicly,Connect,1,0.0019,0.4065
Preventing_or_letting,Writing,1,0.0019,0.3891
Besieging,Getting,1,0.0019,0.3788
Know,Besieging,1,0.0019,0.3236
Hold,Cause_to_amalgamate,1,0.0019,0.1631
Manufacturing,Cause_to_amalgamate,1,0.0019,0.7407
Change_event_time,Process_start,1,0.0019,1.4085
Sign_agreement,Hold,1,0.0019,0.6135
Creating,Limiting,1,0.0019,0.1715
Recording,Social_event,1,0.0019,2.2222
Reforming_a_system,Control,1,0.0019,2.0408
Control,Expansion,1,0.0019,0.2809
Getting,Preserving,1,0.0019,0.2959
Bearing_arms,Destroying,1,0.0019,7.1429
Expressing_publicly,Request,1,0.0019,0.4065
Rewards_and_punishments,Killing,1,0.0019,4.1667
Telling,GiveUp,1,0.0019,2.1277
Telling,Escaping,1,0.0019,2.1277
Expansion,Besieging,1,0.0019,1.2987
Action,Telling,1,0.0019,0.2695
Placing,Hiding_objects,1,0.0019,0.4016
Being_in_operation,Influence,1,0.0019,0.8000
Being_in_operation,Rewards_and_punishments,1,0.0019,0.8000
Being_in_operation,Coming_to_believe,1,0.0019,0.8000
Being_in_operation,Agree_or_refuse_to_act,1,0.0019,0.8000
Catastrophe,Rewards_and_punishments,1,0.0019,0.0090
Hiding_objects,Coming_to_be,1,0.0019,4.1667
Supply,Motion,1,0.0019,0.8929
Expend_resource,Name_conferral,1,0.0019,1.8182
Giving,Change_event_time,1,0.0019,0.5952
Assistance,Earnings_and_losses,1,0.0019,0.6536
Choosing,Body_movement,1,0.0019,0.3472
Expressing_publicly,Deciding,1,0.0019,0.4065
Action,Releasing,1,0.0019,0.2695
Removing,Building,1,0.0019,0.5236
Dispersal,Killing,1,0.0019,1.0526
Dispersal,Conquering,1,0.0019,1.0526
Conquering,Manufacturing,1,0.0019,0.1304
Choosing,Control,1,0.0019,0.3472
Arrest,Military_operation,1,0.0019,0.4695
Communication,Hostile_encounter,1,0.0019,0.6369
Communication,Change_of_leadership,1,0.0019,0.6369
Control,Receiving,1,0.0019,0.2809
Change_event_time,Sign_agreement,1,0.0019,1.4085
Bodily_harm,Deciding,1,0.0019,0.3125
Bodily_harm,Reveal_secret,1,0.0019,0.3125
Request,Cure,1,0.0019,0.2188
Conquering,Cure,1,0.0019,0.1304
Know,Action,1,0.0019,0.3236
Know,Cure,1,0.0019,0.3236
Action,Cure,1,0.0019,0.2695
Know,Recording,1,0.0019,0.3236
Request,Presence,1,0.0019,0.2188
Cause_change_of_position_on_a_scale,Presence,1,0.0019,0.2571
Presence,Besieging,1,0.0019,0.1764
Military_operation,Change_event_time,1,0.0019,0.1117
Quarreling,Change_event_time,1,0.0019,0.9091
Response,Cause_change_of_position_on_a_scale,1,0.0019,0.6329
Expressing_publicly,Bearing_arms,1,0.0019,0.4065
Commitment,Sign_agreement,1,0.0019,2.1739
Motion,Military_operation,1,0.0019,0.0771
Coming_to_believe,Destroying,1,0.0019,2.0408
Sign_agreement,Destroying,1,0.0019,0.6135
Manufacturing,Supply,1,0.0019,0.7407
Commitment,Presence,1,0.0019,2.1739
GetReady,Action,1,0.0019,2.1739
Coming_to_believe,Expressing_publicly,1,0.0019,2.0408
Coming_to_believe,Change,1,0.0019,2.0408
Manufacturing,Military_operation,1,0.0019,0.7407
Change,Expressing_publicly,1,0.0019,0.4255
Assistance,Cause_change_of_strength,1,0.0019,0.6536
Military_operation,Filling,1,0.0019,0.1117
Bearing_arms,Hostile_encounter,1,0.0019,7.1429
Competition,Rewards_and_punishments,1,0.0019,0.0672
Scrutiny,Attack,1,0.0019,1.1364
Besieging,Arrest,1,0.0019,0.3788
Publishing,Cause_to_be_included,1,0.0019,0.8772
Commitment,Change,1,0.0019,2.1739
Commitment,Request,1,0.0019,2.1739
Commitment,Name_conferral,1,0.0019,2.1739
Manufacturing,Dispersal,1,0.0019,0.7407
Communication,Damaging,1,0.0019,0.6369
Filling,Reporting,1,0.0019,2.1739
Dispersal,Escaping,1,0.0019,1.0526
Coming_to_be,Limiting,1,0.0019,0.0280
Bearing_arms,Getting,1,0.0019,7.1429
Agree_or_refuse_to_act,Getting,1,0.0019,0.3831
Bearing_arms,Recording,1,0.0019,7.1429
Getting,Sign_agreement,1,0.0019,0.2959
Resolve_problem,Becoming,1,0.0019,3.5714
Collaboration,Sign_agreement,1,0.0019,4.1667
Collaboration,Change,1,0.0019,4.1667
Communication,Hold,1,0.0019,0.6369
Assistance,Social_event,1,0.0019,0.6536
Judgment_communication,Quarreling,1,0.0019,0.4065
Process_end,Releasing,1,0.0019,0.3472
Request,Change_event_time,1,0.0019,0.2188
Change_event_time,Judgment_communication,1,0.0019,1.4085
Change,Arrest,1,0.0019,0.4255
Coming_to_believe,Arrest,1,0.0019,2.0408
Legal_rulings,Coming_to_believe,1,0.0019,1.2987
Becoming_a_member,Removing,1,0.0019,1.2346
Judgment_communication,Coming_to_believe,1,0.0019,0.4065
Convincing,Arrest,1,0.0019,1.0638
Expressing_publicly,Reveal_secret,1,0.0019,0.4065
Deciding,Arranging,1,0.0019,0.5181
Request,Collaboration,1,0.0019,0.2188
Scrutiny,Preventing_or_letting,1,0.0019,1.1364
Self_motion,Filling,1,0.0019,0.1328
Filling,Recovering,1,0.0019,2.1739
Social_event,Arriving,1,0.0019,0.0783
Cause_change_of_strength,Rewards_and_punishments,1,0.0019,0.2532
Know,Expansion,1,0.0019,0.3236
Cause_change_of_strength,Surrendering,1,0.0019,0.2532
Cause_to_be_included,Becoming,1,0.0019,2.9412
Besieging,Agree_or_refuse_to_act,1,0.0019,0.3788
Convincing,Hostile_encounter,1,0.0019,1.0638
Hold,Convincing,1,0.0019,0.1631
Giving,Creating,1,0.0019,0.5952
Hindering,Sending,1,0.0019,1.2500
Besieging,Action,1,0.0019,0.3788
Coming_to_believe,Cause_change_of_strength,1,0.0019,2.0408
Death,Filling,1,0.0019,0.2128
Coming_to_believe,Arriving,1,0.0019,2.0408
Response,Use_firearm,1,0.0019,0.6329
Come_together,Assistance,1,0.0019,0.4608
Convincing,Hiding_objects,1,0.0019,1.0638
Limiting,Creating,1,0.0019,7.1429
Preventing_or_letting,Limiting,1,0.0019,0.3891
Motion,Limiting,1,0.0019,0.0771
Cause_to_be_included,Preventing_or_letting,1,0.0019,2.9412
Statement,Wearing,1,0.0019,0.5291
Motion_directional,Quarreling,1,0.0019,0.2817
Motion_directional,Writing,1,0.0019,0.2817
Supply,Expressing_publicly,1,0.0019,0.8929
Expend_resource,Giving,1,0.0019,1.8182
Supporting,Commerce_pay,1,0.0019,0.7246
Reforming_a_system,Escaping,1,0.0019,2.0408
Building,Military_operation,1,0.0019,0.7752
Hindering,Hiding_objects,1,0.0019,1.2500
Statement,Warning,1,0.0019,0.5291
Statement,Getting,1,0.0019,0.5291
Connect,Use_firearm,1,0.0019,1.2195
Patrolling,Achieve,1,0.0019,2.1739
Change,Connect,1,0.0019,0.4255
Arriving,Collaboration,1,0.0019,0.1328
Connect,Recovering,1,0.0019,1.2195
Recording,Temporary_stay,1,0.0019,2.2222
Competition,Commerce_pay,1,0.0019,0.0672
Process_end,Supporting,1,0.0019,0.3472
Recovering,Body_movement,1,0.0019,0.9804
Change_event_time,Conquering,1,0.0019,1.4085
Bringing,Change,1,0.0019,0.7519
Bringing,Cause_to_amalgamate,1,0.0019,0.7519
Cause_change_of_position_on_a_scale,Cause_to_amalgamate,1,0.0019,0.2571
Cause_to_amalgamate,Change,1,0.0019,0.7752
Hindering,Emptying,1,0.0019,1.2500
Escaping,Emptying,1,0.0019,0.2899
Departing,Building,1,0.0019,0.4115
Departing,Carry_goods,1,0.0019,0.4115
Catastrophe,Commerce_sell,1,0.0019,0.0090
Sending,Commerce_sell,1,0.0019,0.3745
Name_conferral,Commerce_sell,1,0.0019,3.5714
Manufacturing,Control,1,0.0019,0.7407
Know,Protest,1,0.0019,0.3236
Limiting,Getting,1,0.0019,7.1429
Presence,Change_event_time,1,0.0019,0.1764
Change_of_leadership,GiveUp,1,0.0019,0.1770
GiveUp,Bringing,1,0.0019,1.6393
Assistance,Action,1,0.0019,0.6536
Statement,Bringing,1,0.0019,0.5291
Placing,Social_event,1,0.0019,0.4016
Change_of_leadership,Action,1,0.0019,0.1770
Emptying,Motion,1,0.0019,2.5000
Dispersal,Emptying,1,0.0019,1.0526
Come_together,Placing,1,0.0019,0.4608
Dispersal,Deciding,1,0.0019,1.0526
Come_together,Hold,1,0.0019,0.4608
Reporting,Besieging,1,0.0019,2.3810
Besieging,Damaging,1,0.0019,0.3788
Reporting,Death,1,0.0019,2.3810
Reporting,Damaging,1,0.0019,2.3810
Reporting,Protest,1,0.0019,2.3810
Destroying,Besieging,1,0.0019,0.2119
Destroying,Protest,1,0.0019,0.2119
Reporting,Killing,1,0.0019,2.3810
Killing,Coming_to_believe,1,0.0019,0.1026
Self_motion,Manufacturing,1,0.0019,0.1328
Communication,Publishing,1,0.0019,0.6369
Communication,Process_start,1,0.0019,0.6369
Departing,Removing,1,0.0019,0.4115
Arriving,Education_teaching,1,0.0019,0.1328
Connect,Process_start,1,0.0019,1.2195
Supporting,Removing,1,0.0019,0.7246
Supporting,Arriving,1,0.0019,0.7246
Escaping,Creating,1,0.0019,0.2899
Connect,Creating,1,0.0019,1.2195
Request,Carry_goods,1,0.0019,0.2188
Cause_change_of_strength,Placing,1,0.0019,0.2532
Commitment,Coming_to_believe,1,0.0019,2.1739
Expend_resource,Coming_to_believe,1,0.0019,1.8182
Expend_resource,Social_event,1,0.0019,1.8182
Connect,Body_movement,1,0.0019,1.2195
GetReady,Judgment_communication,1,0.0019,2.1739
Deciding,Competition,1,0.0019,0.5181
Supply,Assistance,1,0.0019,0.8929
Rescuing,Change_event_time,1,0.0019,2.5641
Committing_crime,Recording,1,0.0019,0.3636
Escaping,Cure,1,0.0019,0.2899
Publishing,Catastrophe,1,0.0019,0.8772
Terrorism,Come_together,1,0.0019,0.1754
Placing,Terrorism,1,0.0019,0.4016
Cause_to_make_progress,Placing,1,0.0019,0.4717
Cause_to_make_progress,Hold,1,0.0019,0.4717
Cause_to_make_progress,Receiving,1,0.0019,0.4717
Motion,Education_teaching,1,0.0019,0.0771
Traveling,Reveal_secret,1,0.0019,0.0934
Perception_active,Killing,1,0.0019,1.1236
Change_sentiment,Coming_to_believe,1,0.0019,2.6316
Coming_to_believe,Communication,1,0.0019,2.0408
Use_firearm,Hold,1,0.0019,0.1316
Killing,Becoming_a_member,1,0.0019,0.1026
Assistance,Publishing,1,0.0019,0.6536
Supply,Death,1,0.0019,0.8929
Supply,Scrutiny,1,0.0019,0.8929
Expansion,Damaging,1,0.0019,1.2987
Reporting,Process_start,1,0.0019,2.3810
Reporting,Surrounding,1,0.0019,2.3810
Hostile_encounter,Connect,1,0.0019,0.0320
Expansion,Connect,1,0.0019,1.2987
Coming_to_believe,Emptying,1,0.0019,2.0408
Receiving,Motion_directional,1,0.0019,1.0638
Preserving,Patrolling,1,0.0019,5.0000
Preserving,Besieging,1,0.0019,5.0000
Social_event,Manufacturing,1,0.0019,0.0783
Process_start,Reveal_secret,1,0.0019,0.0766
Competition,GetReady,1,0.0019,0.0672
Conquering,Surrounding,1,0.0019,0.1304
Escaping,Surrounding,1,0.0019,0.2899
Achieve,Deciding,1,0.0019,2.2222
Destroying,Publishing,1,0.0019,0.2119
Cause_to_be_included,Damaging,1,0.0019,2.9412
Request,Bearing_arms,1,0.0019,0.2188
Body_movement,Cause_change_of_strength,1,0.0019,1.1236
Control,Hiding_objects,1,0.0019,0.2809
Perception_active,Process_start,1,0.0019,1.1236
Motion,Preserving,1,0.0019,0.0771
Being_in_operation,Temporary_stay,1,0.0019,0.8000
Arriving,Check,1,0.0019,0.1328
Choosing,Motion_directional,1,0.0019,0.3472
Check,Coming_to_be,1,0.0019,1.6393
Check,Preventing_or_letting,1,0.0019,1.6393
Request,Coming_to_be,1,0.0019,0.2188
Hindering,Attack,1,0.0019,1.2500
Hindering,Resolve_problem,1,0.0019,1.2500
Writing,Escaping,1,0.0019,4.1667
Rescuing,Destroying,1,0.0019,2.5641
Surrendering,Rescuing,1,0.0019,1.1364
Body_movement,Agree_or_refuse_to_act,1,0.0019,1.1236
Presence,Having_or_lacking_access,1,0.0019,0.1764
Action,Influence,1,0.0019,0.2695
Judgment_communication,Recovering,1,0.0019,0.4065
Control,Choosing,1,0.0019,0.2809
Change_of_leadership,Violence,1,0.0019,0.1770
Self_motion,Violence,1,0.0019,0.1328
Violence,Choosing,1,0.0019,0.2299
Process_end,Publishing,1,0.0019,0.3472
Sign_agreement,Statement,1,0.0019,0.6135
Sign_agreement,Know,1,0.0019,0.6135
Achieve,Process_start,1,0.0019,2.2222
Limiting,Process_start,1,0.0019,7.1429
Control,Manufacturing,1,0.0019,0.2809
Limiting,Achieve,1,0.0019,7.1429
Escaping,Damaging,1,0.0019,0.2899
Besieging,Statement,1,0.0019,0.3788
GiveUp,Damaging,1,0.0019,1.6393
Confronting_problem,GiveUp,1,0.0019,1.3699
Carry_goods,Motion_directional,1,0.0019,6.2500
Carry_goods,Hindering,1,0.0019,6.2500
Carry_goods,Military_operation,1,0.0019,6.2500
Catastrophe,Education_teaching,1,0.0019,0.0090
Expressing_publicly,Catastrophe,1,0.0019,0.4065
GetReady,Damaging,1,0.0019,2.1739
GetReady,Dispersal,1,0.0019,2.1739
Education_teaching,Choosing,1,0.0019,1.4925
Killing,Defending,1,0.0019,0.1026
Social_event,Award,1,0.0019,0.0783
Publishing,Getting,1,0.0019,0.8772
Publishing,Award,1,0.0019,0.8772
Cause_to_be_included,Arranging,1,0.0019,2.9412
Creating,Rewards_and_punishments,1,0.0019,0.1715
Violence,Rewards_and_punishments,1,0.0019,0.2299
Receiving,Cause_to_make_progress,1,0.0019,1.0638
Hiding_objects,Emptying,1,0.0019,4.1667
Cause_change_of_position_on_a_scale,Confronting_problem,1,0.0019,0.2571
Action,Hindering,1,0.0019,0.2695
Supply,Action,1,0.0019,0.8929
Publishing,Arriving,1,0.0019,0.8772
Supply,Process_end,1,0.0019,0.8929
Supply,Hostile_encounter,1,0.0019,0.8929
Bringing,Attack,1,0.0019,0.7519
Bearing_arms,Attack,1,0.0019,7.1429
Bearing_arms,Defending,1,0.0019,7.1429
Building,Commerce_sell,1,0.0019,0.7752
Arranging,Surrounding,1,0.0019,0.1311
Arranging,Connect,1,0.0019,0.1311
Commerce_sell,Coming_to_believe,1,0.0019,1.4706
Commerce_sell,Bringing,1,0.0019,1.4706
Collaboration,Preventing_or_letting,1,0.0019,4.1667
Cause_change_of_strength,Warning,1,0.0019,0.2532
Emptying,Attack,1,0.0019,2.5000
Criminal_investigation,Employment,1,0.0019,0.8403
Statement,Resolve_problem,1,0.0019,0.5291
Statement,Social_event,1,0.0019,0.5291
Name_conferral,Becoming_a_member,1,0.0019,3.5714
Name_conferral,Arranging,1,0.0019,3.5714
Recording,Expansion,1,0.0019,2.2222
Name_conferral,Action,1,0.0019,3.5714
Supply,Cause_to_make_progress,1,0.0019,0.8929
Name_conferral,Assistance,1,0.0019,3.5714
Coming_to_be,Cure,1,0.0019,0.0280
Commitment,Cause_change_of_strength,1,0.0019,2.1739
Defending,Receiving,1,0.0019,0.3096
Defending,Criminal_investigation,1,0.0019,0.3096
Being_in_operation,Emptying,1,0.0019,0.8000
Expend_resource,Emptying,1,0.0019,1.8182
Cause_change_of_position_on_a_scale,Manufacturing,1,0.0019,0.2571
Bodily_harm,Terrorism,1,0.0019,0.3125
Confronting_problem,Assistance,1,0.0019,1.3699
Quarreling,Change,1,0.0019,0.9091
Hostile_encounter,Check,1,0.0019,0.0320
Check,Creating,1,0.0019,1.6393
Recording,Becoming,1,0.0019,2.2222
Expressing_publicly,Check,1,0.0019,0.4065
Expressing_publicly,Cause_to_be_included,1,0.0019,0.4065
Commerce_sell,Agree_or_refuse_to_act,1,0.0019,1.4706
Creating,Forming_relationships,1,0.0019,0.1715
Motion_directional,Check,1,0.0019,0.2817
Cause_to_make_progress,Change_event_time,1,0.0019,0.4717
Escaping,Coming_to_believe,1,0.0019,0.2899
Cause_to_make_progress,Openness,1,0.0019,0.4717
Attack,Forming_relationships,1,0.0019,0.0244
Emptying,Death,1,0.0019,2.5000
Emptying,Reporting,1,0.0019,2.5000
Influence,Know,1,0.0019,0.4651
Emptying,Bodily_harm,1,0.0019,2.5000
Supporting,Response,1,0.0019,0.7246
Giving,Coming_to_be,1,0.0019,0.5952
Military_operation,Convincing,1,0.0019,0.1117
Placing,Departing,1,0.0019,0.4016
Achieve,Catastrophe,1,0.0019,2.2222
Hindering,Giving,1,0.0019,1.2500
Process_start,Protest,1,0.0019,0.0766
Commerce_pay,Judgment_communication,1,0.0019,3.5714
Emptying,Know,1,0.0019,2.5000
Collaboration,Response,1,0.0019,4.1667
Destroying,Commerce_sell,1,0.0019,0.2119
Military_operation,Reveal_secret,1,0.0019,0.1117
Bringing,Filling,1,0.0019,0.7519
Temporary_stay,Cause_change_of_strength,1,0.0019,2.0833
Judgment_communication,Defending,1,0.0019,0.4065
Sign_agreement,Conquering,1,0.0019,0.6135
Come_together,Check,1,0.0019,0.4608
Defending,Damaging,1,0.0019,0.3096
Sending,Presence,1,0.0019,0.3745
Response,Becoming,1,0.0019,0.6329
GiveUp,Arriving,1,0.0019,1.6393
GiveUp,Come_together,1,0.0019,1.6393
Resolve_problem,Cause_change_of_position_on_a_scale,1,0.0019,3.5714
Resolve_problem,Killing,1,0.0019,3.5714
Change,Recording,1,0.0019,0.4255
Forming_relationships,Forming_relationships,1,0.0019,2.1277
Reporting,Agree_or_refuse_to_act,1,0.0019,2.3810
Recording,Sending,1,0.0019,2.2222
Bringing,Hold,1,0.0019,0.7519
Violence,Publishing,1,0.0019,0.2299
Coming_to_be,Hiding_objects,1,0.0019,0.0280
Bringing,Preserving,1,0.0019,0.7519
Besieging,Preserving,1,0.0019,0.3788
Perception_active,Cause_to_be_included,1,0.0019,1.1236
Perception_active,Rescuing,1,0.0019,1.1236
Bringing,Defending,1,0.0019,0.7519
Conquering,Traveling,1,0.0019,0.1304
GetReady,Resolve_problem,1,0.0019,2.1739
Action,Departing,1,0.0019,0.2695
Cause_to_amalgamate,Killing,1,0.0019,0.7752
Cause_to_amalgamate,Bodily_harm,1,0.0019,0.7752
Emptying,Change,1,0.0019,2.5000
Emptying,Preventing_or_letting,1,0.0019,2.5000
Cause_to_amalgamate,Presence,1,0.0019,0.7752
Committing_crime,Creating,1,0.0019,0.3636
Action,Competition,1,0.0019,0.2695
Cause_change_of_strength,Control,1,0.0019,0.2532
Quarreling,Earnings_and_losses,1,0.0019,0.9091
Connect,Filling,1,0.0019,1.2195
Social_event,Warning,1,0.0019,0.0783
Sending,Becoming,1,0.0019,0.3745
Sending,Escaping,1,0.0019,0.3745
Cause_to_make_progress,Emptying,1,0.0019,0.4717
Cause_to_make_progress,Filling,1,0.0019,0.4717
Dispersal,Surrounding,1,0.0019,1.0526
Motion,Surrounding,1,0.0019,0.0771
Commerce_sell,Recording,1,0.0019,1.4706
Becoming_a_member,Social_event,1,0.0019,1.2346
Response,Resolve_problem,1,0.0019,0.6329
Placing,Publishing,1,0.0019,0.4016
Removing,Departing,1,0.0019,0.5236
Temporary_stay,Deciding,1,0.0019,2.0833
Killing,Presence,1,0.0019,0.1026
Recording,Judgment_communication,1,0.0019,2.2222
Filling,Judgment_communication,1,0.0019,2.1739
Manufacturing,Judgment_communication,1,0.0019,0.7407
Supply,Judgment_communication,1,0.0019,0.8929
Expressing_publicly,Openness,1,0.0019,0.4065
Earnings_and_losses,Supply,1,0.0019,0.3058
Surrendering,Preserving,1,0.0019,1.1364
Deciding,Temporary_stay,1,0.0019,0.5181
Earnings_and_losses,Agree_or_refuse_to_act,1,0.0019,0.3058
Earnings_and_losses,Choosing,1,0.0019,0.3058
Employment,Process_start,1,0.0019,2.3810
Scrutiny,GetReady,1,0.0019,1.1364
Know,GetReady,1,0.0019,0.3236
Publishing,Dispersal,1,0.0019,0.8772
Motion,Being_in_operation,1,0.0019,0.0771
Temporary_stay,Cause_change_of_position_on_a_scale,1,0.0019,2.0833
Perception_active,Response,1,0.0019,1.1236
Preserving,Cause_change_of_position_on_a_scale,1,0.0019,5.0000
Cause_change_of_strength,Preserving,1,0.0019,0.2532
Sign_agreement,Cause_change_of_strength,1,0.0019,0.6135
Conquering,Hiding_objects,1,0.0019,0.1304
Communication,Cause_change_of_strength,1,0.0019,0.6369
Process_end,Name_conferral,1,0.0019,0.3472
Name_conferral,Cause_to_make_progress,1,0.0019,3.5714
Coming_to_be,Legality,1,0.0019,0.0280
Bringing,Come_together,1,0.0019,0.7519
Come_together,Commitment,1,0.0019,0.4608
Cause_to_be_included,Catastrophe,1,0.0019,2.9412
Cause_to_be_included,Departing,1,0.0019,2.9412
Cause_to_be_included,Motion,1,0.0019,2.9412
Escaping,GetReady,1,0.0019,0.2899
Creating,Convincing,1,0.0019,0.1715
Convincing,Preserving,1,0.0019,1.0638
Creating,Legal_rulings,1,0.0019,0.1715
Hold,Committing_crime,1,0.0019,0.1631
Bringing,Receiving,1,0.0019,0.7519
Bringing,Rewards_and_punishments,1,0.0019,0.7519
Bringing,Coming_to_believe,1,0.0019,0.7519
Sending,Arrest,1,0.0019,0.3745
Bringing,Committing_crime,1,0.0019,0.7519
Change_sentiment,Preventing_or_letting,1,0.0019,2.6316
Employment,Damaging,1,0.0019,2.3810
Placing,Emptying,1,0.0019,0.4016
Bringing,Bringing,1,0.0019,0.7519
Arriving,Body_movement,1,0.0019,0.1328
Name_conferral,Cause_change_of_position_on_a_scale,1,0.0019,3.5714
Achieve,GiveUp,1,0.0019,2.2222
Cause_to_amalgamate,Supply,1,0.0019,0.7752
Cause_to_amalgamate,Use_firearm,1,0.0019,0.7752
Expansion,Agree_or_refuse_to_act,1,0.0019,1.2987
Cause_change_of_strength,Bringing,1,0.0019,0.2532
Sending,Coming_to_be,1,0.0019,0.3745
Expansion,Come_together,1,0.0019,1.2987
Expansion,Cause_to_amalgamate,1,0.0019,1.2987
Expansion,Sending,1,0.0019,1.2987
Attack,Surrounding,1,0.0019,0.0244
Defending,Placing,1,0.0019,0.3096
Cause_to_amalgamate,Come_together,1,0.0019,0.7752
Surrounding,Getting,1,0.0019,3.0303
Expansion,Choosing,1,0.0019,1.2987
Choosing,Sending,1,0.0019,0.3472
Quarreling,Committing_crime,1,0.0019,0.9091
Quarreling,Criminal_investigation,1,0.0019,0.9091
Quarreling,Arrest,1,0.0019,0.9091
Quarreling,Motion,1,0.0019,0.9091
Criminal_investigation,Committing_crime,1,0.0019,0.8403
Quarreling,Judgment_communication,1,0.0019,0.9091
Damaging,Convincing,1,0.0019,0.4016
Damaging,Communication,1,0.0019,0.4016
Damaging,Scrutiny,1,0.0019,0.4016
Killing,Receiving,1,0.0019,0.1026
Receiving,Supply,1,0.0019,1.0638
Scrutiny,Response,1,0.0019,1.1364
Perception_active,Social_event,1,0.0019,1.1236
Carry_goods,Bringing,1,0.0019,6.2500
Recovering,Filling,1,0.0019,0.9804
Getting,Name_conferral,1,0.0019,0.2959
Hold,Forming_relationships,1,0.0019,0.1631
Social_event,Forming_relationships,1,0.0019,0.0783
Agree_or_refuse_to_act,Telling,1,0.0019,0.3831
Influence,Being_in_operation,1,0.0019,0.4651
Communication,Cause_to_amalgamate,1,0.0019,0.6369
Judgment_communication,Response,1,0.0019,0.4065
Receiving,Killing,1,0.0019,1.0638
Receiving,Bodily_harm,1,0.0019,1.0638
Change,Arranging,1,0.0019,0.4255
Change,GiveUp,1,0.0019,0.4255
Statement,Writing,1,0.0019,0.5291
Request,Change_sentiment,1,0.0019,0.2188
Change_sentiment,Arriving,1,0.0019,2.6316
Change_sentiment,Writing,1,0.0019,2.6316
Creating,Change_sentiment,1,0.0019,0.1715
Creating,Writing,1,0.0019,0.1715
Military_operation,Communication,1,0.0019,0.1117
Dispersal,Sign_agreement,1,0.0019,1.0526
Expressing_publicly,Agree_or_refuse_to_act,1,0.0019,0.4065
Influence,Agree_or_refuse_to_act,1,0.0019,0.4651
Terrorism,Process_end,1,0.0019,0.1754
Terrorism,Getting,1,0.0019,0.1754
Terrorism,Preventing_or_letting,1,0.0019,0.1754
Releasing,Change_sentiment,1,0.0019,2.9412
Surrounding,Hindering,1,0.0019,3.0303
Social_event,Use_firearm,1,0.0019,0.0783
Employment,Arranging,1,0.0019,2.3810
Social_event,Filling,1,0.0019,0.0783
Death,Employment,1,0.0019,0.2128
Writing,Placing,1,0.0019,4.1667
Defending,Becoming_a_member,1,0.0019,0.3096
Achieve,Placing,1,0.0019,2.2222
Removing,Cause_change_of_strength,1,0.0019,0.5236
Agree_or_refuse_to_act,Arranging,1,0.0019,0.3831
Statement,Expansion,1,0.0019,0.5291
Statement,Arranging,1,0.0019,0.5291
Scrutiny,Connect,1,0.0019,1.1364
Traveling,Resolve_problem,1,0.0019,0.0934
Killing,Sign_agreement,1,0.0019,0.1026
Bodily_harm,Rewards_and_punishments,1,0.0019,0.3125
Arriving,Reveal_secret,1,0.0019,0.1328
Motion_directional,Reveal_secret,1,0.0019,0.2817
Check,Conquering,1,0.0019,1.6393
Cause_to_make_progress,Warning,1,0.0019,0.4717
Receiving,Process_start,1,0.0019,1.0638
Escaping,Legality,1,0.0019,0.2899
Bearing_arms,Cause_to_be_included,1,0.0019,7.1429
Bearing_arms,Change_of_leadership,1,0.0019,7.1429
Commitment,Action,1,0.0019,2.1739
Assistance,GetReady,1,0.0019,0.6536
Arrest,Attack,1,0.0019,0.4695
Assistance,Cause_to_make_progress,1,0.0019,0.6536
Assistance,Killing,1,0.0019,0.6536
Motion,GetReady,1,0.0019,0.0771
Assistance,Damaging,1,0.0019,0.6536
Arrest,Process_end,1,0.0019,0.4695
Assistance,Arrest,1,0.0019,0.6536
Scrutiny,Creating,1,0.0019,1.1364
Telling,Rescuing,1,0.0019,2.1277
Body_movement,Departing,1,0.0019,1.1236
Telling,Departing,1,0.0019,2.1277
Hindering,Body_movement,1,0.0019,1.2500
Body_movement,Self_motion,1,0.0019,1.1236
Telling,Body_movement,1,0.0019,2.1277
Being_in_operation,Recovering,1,0.0019,0.8000
Being_in_operation,Scrutiny,1,0.0019,0.8000
Death,Use_firearm,1,0.0019,0.2128
Reporting,Motion,1,0.0019,2.3810
Becoming,Use_firearm,1,0.0019,0.4405
Reporting,Giving,1,0.0019,2.3810
Choosing,Writing,1,0.0019,0.3472
Arranging,Temporary_stay,1,0.0019,0.1311
Control,Know,1,0.0019,0.2809
Escaping,Catastrophe,1,0.0019,0.2899
Control,Dispersal,1,0.0019,0.2809
Conquering,Come_together,1,0.0019,0.1304
Motion,Terrorism,1,0.0019,0.0771
Achieve,Change_of_leadership,1,0.0019,2.2222
Traveling,Motion_directional,1,0.0019,0.0934
Deciding,Motion_directional,1,0.0019,0.5181
Telling,Giving,1,0.0019,2.1277
Telling,Dispersal,1,0.0019,2.1277
Traveling,Deciding,1,0.0019,0.0934
Deciding,Telling,1,0.0019,0.5181
Placing,Giving,1,0.0019,0.4016
Telling,Motion_directional,1,0.0019,2.1277
Deciding,Placing,1,0.0019,0.5181
Traveling,Dispersal,1,0.0019,0.0934
Process_end,Hindering,1,0.0019,0.3472
Hindering,Action,1,0.0019,1.2500
Traveling,Telling,1,0.0019,0.0934
Recovering,Cause_change_of_position_on_a_scale,1,0.0019,0.9804
Filling,Earnings_and_losses,1,0.0019,2.1739
Education_teaching,Motion_directional,1,0.0019,1.4925
Education_teaching,Arriving,1,0.0019,1.4925
Education_teaching,Escaping,1,0.0019,1.4925
Bodily_harm,Motion_directional,1,0.0019,0.3125
Resolve_problem,Emptying,1,0.0019,3.5714
Presence,Emptying,1,0.0019,0.1764
Commitment,Emptying,1,0.0019,2.1739
Becoming,Commerce_sell,1,0.0019,0.4405
Terrorism,Cause_change_of_position_on_a_scale,1,0.0019,0.1754
Earnings_and_losses,Committing_crime,1,0.0019,0.3058
Giving,Escaping,1,0.0019,0.5952
Change_event_time,Giving,1,0.0019,1.4085
Sign_agreement,Removing,1,0.0019,0.6135
Becoming,Choosing,1,0.0019,0.4405
Cause_to_amalgamate,Dispersal,1,0.0019,0.7752
Preserving,Dispersal,1,0.0019,5.0000
Rescuing,Giving,1,0.0019,2.5641
Escaping,Cause_to_make_progress,1,0.0019,0.2899
Control,Education_teaching,1,0.0019,0.2809
Request,Competition,1,0.0019,0.2188
Check,Cause_to_amalgamate,1,0.0019,1.6393
Expressing_publicly,Manufacturing,1,0.0019,0.4065
Action,Besieging,1,0.0019,0.2695
Bringing,Besieging,1,0.0019,0.7519
Assistance,Know,1,0.0019,0.6536
Use_firearm,Besieging,1,0.0019,0.1316
Coming_to_believe,GiveUp,1,0.0019,2.0408
Receiving,Competition,1,0.0019,1.0638
Sign_agreement,Manufacturing,1,0.0019,0.6135
Telling,Getting,1,0.0019,2.1277
Becoming_a_member,Creating,1,0.0019,1.2346
Change,Becoming_a_member,1,0.0019,0.4255
Motion_directional,Action,1,0.0019,0.2817
Criminal_investigation,Hindering,1,0.0019,0.8403
Control,Emptying,1,0.0019,0.2809
Agree_or_refuse_to_act,Openness,1,0.0019,0.3831
GiveUp,Receiving,1,0.0019,1.6393
Besieging,Creating,1,0.0019,0.3788
GiveUp,Process_start,1,0.0019,1.6393
Conquering,Receiving,1,0.0019,0.1304
Preventing_or_letting,Legality,1,0.0019,0.3891
Supply,Collaboration,1,0.0019,0.8929
Getting,Resolve_problem,1,0.0019,0.2959
Supporting,Assistance,1,0.0019,0.7246
Limiting,Know,1,0.0019,7.1429
Recording,Check,1,0.0019,2.2222
Building,Deciding,1,0.0019,0.7752
Self_motion,Name_conferral,1,0.0019,0.1328
Education_teaching,Conquering,1,0.0019,1.4925
Escaping,Competition,1,0.0019,0.2899
Supporting,Motion,1,0.0019,0.7246
Supporting,Damaging,1,0.0019,0.7246
GiveUp,Supporting,1,0.0019,1.6393
Request,Resolve_problem,1,0.0019,0.2188
Manufacturing,Attack,1,0.0019,0.7407
Supply,Supply,1,0.0019,0.8929
Request,Sign_agreement,1,0.0019,0.2188
Creating,Dispersal,1,0.0019,0.1715
Damaging,Confronting_problem,1,0.0019,0.4016
Death,Catastrophe,1,0.0019,0.2128
Expansion,Self_motion,1,0.0019,1.2987
Expansion,Getting,1,0.0019,1.2987
Expansion,Catastrophe,1,0.0019,1.2987
Reporting,Change_event_time,1,0.0019,2.3810
Reporting,Catastrophe,1,0.0019,2.3810
Check,Deciding,1,0.0019,1.6393
Action,Reporting,1,0.0019,0.2695
Giving,Becoming,1,0.0019,0.5952
Award,Agree_or_refuse_to_act,1,0.0019,11.1111
Award,Departing,1,0.0019,11.1111
Expansion,Judgment_communication,1,0.0019,1.2987
Receiving,Giving,1,0.0019,1.0638
Damaging,Name_conferral,1,0.0019,0.4016
Bearing_arms,Killing,1,0.0019,7.1429
Bearing_arms,Earnings_and_losses,1,0.0019,7.1429
Change,Bearing_arms,1,0.0019,0.4255
Change,Death,1,0.0019,0.4255
Sending,Check,1,0.0019,0.3745
Bearing_arms,Agree_or_refuse_to_act,1,0.0019,7.1429
Confronting_problem,Rescuing,1,0.0019,1.3699
Departing,Coming_to_be,1,0.0019,0.4115
Response,Expansion,1,0.0019,0.6329
Defending,Destroying,1,0.0019,0.3096
Response,Social_event,1,0.0019,0.6329
Giving,Bodily_harm,1,0.0019,0.5952
Giving,Earnings_and_losses,1,0.0019,0.5952
Communication,Creating,1,0.0019,0.6369
Manufacturing,Social_event,1,0.0019,0.7407
Manufacturing,Arranging,1,0.0019,0.7407
Perception_active,Criminal_investigation,1,0.0019,1.1236
Perception_active,Influence,1,0.0019,1.1236
Telling,Influence,1,0.0019,2.1277
Telling,Criminal_investigation,1,0.0019,2.1277
Come_together,Recording,1,0.0019,0.4608
Perception_active,Self_motion,1,0.0019,1.1236
Come_together,Forming_relationships,1,0.0019,0.4608
Hindering,Agree_or_refuse_to_act,1,0.0019,1.2500
Building,Hold,1,0.0019,0.7752
Cause_change_of_position_on_a_scale,Openness,1,0.0019,0.2571
Warning,GetReady,1,0.0019,1.3158
Besieging,Presence,1,0.0019,0.3788
Openness,Process_start,1,0.0019,1.2346
Damaging,Expansion,1,0.0019,0.4016
Change,GetReady,1,0.0019,0.4255
Change,Besieging,1,0.0019,0.4255
Getting,Supply,1,0.0019,0.2959
Motion,Writing,1,0.0019,0.0771
Hindering,Recovering,1,0.0019,1.2500
Hindering,Getting,1,0.0019,1.2500
Hindering,Protest,1,0.0019,1.2500
Departing,Sending,1,0.0019,0.4115
Being_in_operation,Conquering,1,0.0019,0.8000
Giving,Come_together,1,0.0019,0.5952
Connect,Killing,1,0.0019,1.2195
Surrounding,Arriving,1,0.0019,3.0303
Connect,Arriving,1,0.0019,1.2195
Use_firearm,Dispersal,1,0.0019,0.1316
Confronting_problem,Motion,1,0.0019,1.3699
Supporting,Rescuing,1,0.0019,0.7246
Supporting,Catastrophe,1,0.0019,0.7246
Supply,Motion_directional,1,0.0019,0.8929
Motion_directional,Placing,1,0.0019,0.2817
Supply,Social_event,1,0.0019,0.8929
Placing,Change_sentiment,1,0.0019,0.4016
Openness,Supporting,1,0.0019,1.2346
Use_firearm,Social_event,1,0.0019,0.1316
Use_firearm,Supporting,1,0.0019,0.1316
Action,Becoming_a_member,1,0.0019,0.2695
Destroying,Temporary_stay,1,0.0019,0.2119
Defending,Award,1,0.0019,0.3096
Becoming_a_member,Attack,1,0.0019,1.2346
Removing,Placing,1,0.0019,0.5236
Award,Process_end,1,0.0019,11.1111
Communication,Supply,1,0.0019,0.6369
Expressing_publicly,Besieging,1,0.0019,0.4065
Emptying,Motion_directional,1,0.0019,2.5000
Control,Releasing,1,0.0019,0.2809
Social_event,Sign_agreement,1,0.0019,0.0783
Receiving,Quarreling,1,0.0019,1.0638
Criminal_investigation,Giving,1,0.0019,0.8403
Criminal_investigation,Dispersal,1,0.0019,0.8403
Change_event_time,Deciding,1,0.0019,1.4085
Change_event_time,Temporary_stay,1,0.0019,1.4085
Receiving,Building,1,0.0019,1.0638
Confronting_problem,Motion_directional,1,0.0019,1.3699
Confronting_problem,Cause_to_make_progress,1,0.0019,1.3699
Cause_to_make_progress,Motion_directional,1,0.0019,0.4717
Warning,Request,1,0.0019,1.3158
Preventing_or_letting,Competition,1,0.0019,0.3891
GiveUp,Departing,1,0.0019,1.6393
Reveal_secret,Escaping,1,0.0019,3.2258
Terrorism,Catastrophe,1,0.0019,0.1754
Terrorism,Response,1,0.0019,0.1754
Request,GiveUp,1,0.0019,0.2188
Request,Name_conferral,1,0.0019,0.2188
Request,Convincing,1,0.0019,0.2188
Action,Convincing,1,0.0019,0.2695
Hindering,Manufacturing,1,0.0019,1.2500
Removing,Supporting,1,0.0019,0.5236
Competition,Violence,1,0.0019,0.0672
Emptying,Arranging,1,0.0019,2.5000
Competition,Protest,1,0.0019,0.0672
Emptying,Communication,1,0.0019,2.5000
Hindering,Judgment_communication,1,0.0019,1.2500
Violence,Supporting,1,0.0019,0.2299
Emptying,Come_together,1,0.0019,2.5000
Preventing_or_letting,Becoming_a_member,1,0.0019,0.3891
Supply,Change_event_time,1,0.0019,0.8929
Receiving,Change_event_time,1,0.0019,1.0638
Hindering,Temporary_stay,1,0.0019,1.2500
Hindering,Surrendering,1,0.0019,1.2500
Surrendering,Temporary_stay,1,0.0019,1.1364
Manufacturing,Giving,1,0.0019,0.7407
Sign_agreement,Arranging,1,0.0019,0.6135
Deciding,Bringing,1,0.0019,0.5181
Arranging,Preserving,1,0.0019,0.1311
Dispersal,Recovering,1,0.0019,1.0526
Hindering,Social_event,1,0.0019,1.2500
Commitment,Judgment_communication,1,0.0019,2.1739
Destroying,Expansion,1,0.0019,0.2119
Cause_to_amalgamate,Motion_directional,1,0.0019,0.7752
Statement,Create_artwork,1,0.0019,0.5291
Becoming_a_member,Agree_or_refuse_to_act,1,0.0019,1.2346
Supply,Arriving,1,0.0019,0.8929
Being_in_operation,Defending,1,0.0019,0.8000
Change_event_time,Arranging,1,0.0019,1.4085
Sign_agreement,Motion,1,0.0019,0.6135
Arriving,Change_event_time,1,0.0019,0.1328
Being_in_operation,Name_conferral,1,0.0019,0.8000
GiveUp,Change_event_time,1,0.0019,1.6393
Earnings_and_losses,Becoming_a_member,1,0.0019,0.3058
Damaging,Change_of_leadership,1,0.0019,0.4016
Bringing,Agree_or_refuse_to_act,1,0.0019,0.7519
Becoming,Cause_to_amalgamate,1,0.0019,0.4405
Bringing,Preventing_or_letting,1,0.0019,0.7519
Body_movement,Damaging,1,0.0019,1.1236
Know,Perception_active,1,0.0019,0.3236
Dispersal,GiveUp,1,0.0019,1.0526
Sign_agreement,Hostile_encounter,1,0.0019,0.6135
Sign_agreement,Name_conferral,1,0.0019,0.6135
Besieging,Judgment_communication,1,0.0019,0.3788
Besieging,Name_conferral,1,0.0019,0.3788
Arranging,Influence,1,0.0019,0.1311
Cause_to_amalgamate,Resolve_problem,1,0.0019,0.7752
Cause_to_amalgamate,Giving,1,0.0019,0.7752
Besieging,Resolve_problem,1,0.0019,0.3788
Renting,Placing,1,0.0019,14.2857
Renting,Giving,1,0.0019,14.2857
Confronting_problem,Violence,1,0.0019,1.3699
Presence,Violence,1,0.0019,0.1764
Presence,Confronting_problem,1,0.0019,0.1764
Preventing_or_letting,Perception_active,1,0.0019,0.3891
Competition,Building,1,0.0019,0.0672
Process_start,Employment,1,0.0019,0.0766
Come_together,Change_event_time,1,0.0019,0.4608
Influence,Expressing_publicly,1,0.0019,0.4651
Assistance,Statement,1,0.0019,0.6536
Presence,Assistance,1,0.0019,0.1764
Deciding,Come_together,1,0.0019,0.5181
Openness,Name_conferral,1,0.0019,1.2346
Emptying,Placing,1,0.0019,2.5000
Removing,Damaging,1,0.0019,0.5236
Hold,Know,1,0.0019,0.1631
Damaging,Know,1,0.0019,0.4016
Sign_agreement,Bringing,1,0.0019,0.6135
Creating,Surrendering,1,0.0019,0.1715
Statement,Confronting_problem,1,0.0019,0.5291
Know,Supply,1,0.0019,0.3236
Manufacturing,Process_end,1,0.0019,0.7407
Employment,Receiving,1,0.0019,2.3810
Employment,Process_end,1,0.0019,2.3810
Defending,Expend_resource,1,0.0019,0.3096
GiveUp,Becoming,1,0.0019,1.6393
GiveUp,Death,1,0.0019,1.6393
Influence,Hostile_encounter,1,0.0019,0.4651
Manufacturing,Placing,1,0.0019,0.7407
Presence,Being_in_operation,1,0.0019,0.1764
Hold,Being_in_operation,1,0.0019,0.1631
Creating,Commerce_sell,1,0.0019,0.1715
Presence,Social_event,1,0.0019,0.1764
Employment,Supporting,1,0.0019,2.3810
Action,Communication,1,0.0019,0.2695
Receiving,Body_movement,1,0.0019,1.0638
Departing,Placing,1,0.0019,0.4115
Motion_directional,Besieging,1,0.0019,0.2817
Receiving,Come_together,1,0.0019,1.0638
Body_movement,Award,1,0.0019,1.1236
Award,Change,1,0.0019,11.1111
Quarreling,Bodily_harm,1,0.0019,0.9091
Influence,Recovering,1,0.0019,0.4651
Process_start,Violence,1,0.0019,0.0766
Hold,Change_event_time,1,0.0019,0.1631
Hold,GiveUp,1,0.0019,0.1631
Dispersal,Know,1,0.0019,1.0526
Quarreling,Self_motion,1,0.0019,0.9091
Quarreling,Besieging,1,0.0019,0.9091
Quarreling,Convincing,1,0.0019,0.9091
Confronting_problem,Preventing_or_letting,1,0.0019,1.3699
Confronting_problem,Military_operation,1,0.0019,1.3699
Motion_directional,Building,1,0.0019,0.2817
Military_operation,Come_together,1,0.0019,0.1117
Military_operation,Placing,1,0.0019,0.1117
Bodily_harm,Cause_to_make_progress,1,0.0019,0.3125
Collaboration,Recording,1,0.0019,4.1667
GiveUp,Presence,1,0.0019,1.6393
Telling,Scrutiny,1,0.0019,2.1277
Scrutiny,Legal_rulings,1,0.0019,1.1364
Telling,Know,1,0.0019,2.1277
Arrest,Telling,1,0.0019,0.4695
Arranging,Telling,1,0.0019,0.1311
Conquering,Telling,1,0.0019,0.1304
Arrest,Arranging,1,0.0019,0.4695
Competition,Cause_to_be_included,1,0.0019,0.0672
Confronting_problem,Receiving,1,0.0019,1.3699
GiveUp,Surrendering,1,0.0019,1.6393
Judgment_communication,Surrendering,1,0.0019,0.4065
Judgment_communication,Conquering,1,0.0019,0.4065
Agree_or_refuse_to_act,Being_in_operation,1,0.0019,0.3831
Convincing,Military_operation,1,0.0019,1.0638
Reforming_a_system,Getting,1,0.0019,2.0408
Releasing,Defending,1,0.0019,2.9412
Releasing,Hindering,1,0.0019,2.9412
Releasing,Motion,1,0.0019,2.9412
Change_event_time,Come_together,1,0.0019,1.4085
Self_motion,Hold,1,0.0019,0.1328
Besieging,Body_movement,1,0.0019,0.3788
Besieging,Becoming_a_member,1,0.0019,0.3788
Competition,Traveling,1,0.0019,0.0672
Request,Protest,1,0.0019,0.2188
Supporting,Giving,1,0.0019,0.7246
Besieging,GiveUp,1,0.0019,0.3788
Dispersal,Supply,1,0.0019,1.0526
Judgment_communication,Change_sentiment,1,0.0019,0.4065
Quarreling,Escaping,1,0.0019,0.9091
Control,Temporary_stay,1,0.0019,0.2809
Besieging,Response,1,0.0019,0.3788
Collaboration,Dispersal,1,0.0019,4.1667
Being_in_operation,Becoming_a_member,1,0.0019,0.8000
Being_in_operation,Achieve,1,0.0019,0.8000
Recovering,Cause_to_make_progress,1,0.0019,0.9804
Expressing_publicly,Recovering,1,0.0019,0.4065
Cause_to_make_progress,Expansion,1,0.0019,0.4717
Change_of_leadership,Cause_to_make_progress,1,0.0019,0.1770
Confronting_problem,Earnings_and_losses,1,0.0019,1.3699
Self_motion,Confronting_problem,1,0.0019,0.1328
Hindering,Expansion,1,0.0019,1.2500
Cause_change_of_position_on_a_scale,Change_event_time,1,0.0019,0.2571
Confronting_problem,Departing,1,0.0019,1.3699
Confronting_problem,Expansion,1,0.0019,1.3699
Supply,Earnings_and_losses,1,0.0019,0.8929
Being_in_operation,Hold,1,0.0019,0.8000
Defending,Expansion,1,0.0019,0.3096
Being_in_operation,Expansion,1,0.0019,0.8000
Perception_active,Catastrophe,1,0.0019,1.1236
Cause_to_amalgamate,Perception_active,1,0.0019,0.7752
Dispersal,Perception_active,1,0.0019,1.0526
Reforming_a_system,Process_end,1,0.0019,2.0408
Reforming_a_system,Bringing,1,0.0019,2.0408
Reforming_a_system,Recovering,1,0.0019,2.0408
Forming_relationships,Know,1,0.0019,2.1277
Reforming_a_system,Surrendering,1,0.0019,2.0408
Surrendering,Statement,1,0.0019,1.1364
Bringing,Recovering,1,0.0019,0.7519
Arrest,Surrendering,1,0.0019,0.4695
Surrendering,Recovering,1,0.0019,1.1364
Response,Surrendering,1,0.0019,0.6329
Reforming_a_system,Response,1,0.0019,2.0408
Reforming_a_system,Use_firearm,1,0.0019,2.0408
Forming_relationships,Preventing_or_letting,1,0.0019,2.1277
Arrest,Control,1,0.0019,0.4695
Preventing_or_letting,Traveling,1,0.0019,0.3891
Process_end,Placing,1,0.0019,0.3472
Besieging,Social_event,1,0.0019,0.3788
Surrendering,Social_event,1,0.0019,1.1364
Earnings_and_losses,Social_event,1,0.0019,0.3058
Achieve,Competition,1,0.0019,2.2222
GiveUp,Earnings_and_losses,1,0.0019,1.6393
GiveUp,Getting,1,0.0019,1.6393
Recovering,Damaging,1,0.0019,0.9804
Arrest,Damaging,1,0.0019,0.4695
Openness,Cause_to_make_progress,1,0.0019,1.2346
Manufacturing,Assistance,1,0.0019,0.7407
Influence,Manufacturing,1,0.0019,0.4651
Expressing_publicly,Presence,1,0.0019,0.4065
Becoming_a_member,Assistance,1,0.0019,1.2346
Becoming_a_member,Hindering,1,0.0019,1.2346
Becoming_a_member,Process_end,1,0.0019,1.2346
Getting,Bringing,1,0.0019,0.2959
Presence,Supporting,1,0.0019,0.1764
Manufacturing,Departing,1,0.0019,0.7407
Preventing_or_letting,Giving,1,0.0019,0.3891
Achieve,Achieve,1,0.0019,2.2222
Achieve,Giving,1,0.0019,2.2222
Achieve,Preventing_or_letting,1,0.0019,2.2222
Change,Control,1,0.0019,0.4255
Rewards_and_punishments,Getting,1,0.0019,4.1667
Bodily_harm,Coming_to_be,1,0.0019,0.3125
Hold,Come_together,1,0.0019,0.1631
Choosing,Achieve,1,0.0019,0.3472
Destroying,Influence,1,0.0019,0.2119
Destroying,Presence,1,0.0019,0.2119
Reforming_a_system,Defending,1,0.0019,2.0408
Earnings_and_losses,Communication,1,0.0019,0.3058
Being_in_operation,Getting,1,0.0019,0.8000
Change_sentiment,Sending,1,0.0019,2.6316
Change_sentiment,Earnings_and_losses,1,0.0019,2.6316
Change_sentiment,Hold,1,0.0019,2.6316
Control,Besieging,1,0.0019,0.2809
Change_sentiment,Departing,1,0.0019,2.6316
Change_sentiment,Control,1,0.0019,2.6316
Change_sentiment,Death,1,0.0019,2.6316
Change_sentiment,Cause_change_of_position_on_a_scale,1,0.0019,2.6316
Change_sentiment,Besieging,1,0.0019,2.6316
Cause_to_make_progress,Traveling,1,0.0019,0.4717
Cause_change_of_position_on_a_scale,Expansion,1,0.0019,0.2571
Cause_change_of_position_on_a_scale,Receiving,1,0.0019,0.2571
Military_operation,Perception_active,1,0.0019,0.1117
Building,Cause_to_amalgamate,1,0.0019,0.7752
Becoming,Motion_directional,1,0.0019,0.4405
Openness,Arriving,1,0.0019,1.2346
Violence,Filling,1,0.0019,0.2299
Expansion,Deciding,1,0.0019,1.2987
Expansion,Cause_to_make_progress,1,0.0019,1.2987
Creating,GiveUp,1,0.0019,0.1715
Cause_to_make_progress,Deciding,1,0.0019,0.4717
Cause_change_of_position_on_a_scale,Employment,1,0.0019,0.2571
Achieve,Supporting,1,0.0019,2.2222
Openness,Presence,1,0.0019,1.2346
Removing,Social_event,1,0.0019,0.5236
Come_together,Removing,1,0.0019,0.4608
Cause_change_of_strength,Departing,1,0.0019,0.2532
Cause_change_of_strength,Request,1,0.0019,0.2532
Manufacturing,Influence,1,0.0019,0.7407
Expressing_publicly,Arranging,1,0.0019,0.4065
Achieve,Escaping,1,0.0019,2.2222
Openness,Escaping,1,0.0019,1.2346
Coming_to_be,Being_in_operation,1,0.0019,0.0280
Committing_crime,Committing_crime,1,0.0019,0.3636
Committing_crime,Arranging,1,0.0019,0.3636
Violence,Defending,1,0.0019,0.2299
Cause_change_of_position_on_a_scale,Recovering,1,0.0019,0.2571
Cause_to_be_included,Expansion,1,0.0019,2.9412
Motion_directional,Manufacturing,1,0.0019,0.2817
Giving,Removing,1,0.0019,0.5952
Quarreling,Assistance,1,0.0019,0.9091
Quarreling,Surrendering,1,0.0019,0.9091
Escaping,Communication,1,0.0019,0.2899
GiveUp,Communication,1,0.0019,1.6393
Escaping,Deciding,1,0.0019,0.2899
Preventing_or_letting,Confronting_problem,1,0.0019,0.3891
Supporting,Arranging,1,0.0019,0.7246
Killing,Choosing,1,0.0019,0.1026
Know,Come_together,1,0.0019,0.3236
Military_operation,Legal_rulings,1,0.0019,0.1117
Departing,Competition,1,0.0019,0.4115
Traveling,Cause_to_be_included,1,0.0019,0.0934
Recording,Change,1,0.0019,2.2222
Recording,Change_sentiment,1,0.0019,2.2222
Change_sentiment,Change,1,0.0019,2.6316
Bringing,Change_event_time,1,0.0019,0.7519
Process_end,Social_event,1,0.0019,0.3472
Manufacturing,Openness,1,0.0019,0.7407
Cause_to_be_included,Change_of_leadership,1,0.0019,2.9412
Bodily_harm,Control,1,0.0019,0.3125
Come_together,Reporting,1,0.0019,0.4608
Death,Departing,1,0.0019,0.2128
Departing,Hostile_encounter,1,0.0019,0.4115
Defending,Competition,1,0.0019,0.3096
Judgment_communication,Cause_to_make_progress,1,0.0019,0.4065
Process_end,Competition,1,0.0019,0.3472
Sending,Hindering,1,0.0019,0.3745
Manufacturing,Becoming,1,0.0019,0.7407
Manufacturing,Perception_active,1,0.0019,0.7407
Manufacturing,Cause_to_make_progress,1,0.0019,0.7407
Manufacturing,Deciding,1,0.0019,0.7407
Manufacturing,Getting,1,0.0019,0.7407
Manufacturing,Sending,1,0.0019,0.7407
Cause_to_make_progress,Choosing,1,0.0019,0.4717
Perception_active,Earnings_and_losses,1,0.0019,1.1236
Motion_directional,Receiving,1,0.0019,0.2817
Expansion,Conquering,1,0.0019,1.2987
Cause_to_amalgamate,Expressing_publicly,1,0.0019,0.7752
Expansion,Bringing,1,0.0019,1.2987
Expansion,Expressing_publicly,1,0.0019,1.2987
Publishing,Coming_to_be,1,0.0019,0.8772
Giving,Influence,1,0.0019,0.5952
Defending,Cause_to_make_progress,1,0.0019,0.3096
Deciding,Becoming_a_member,1,0.0019,0.5181
Arriving,Cure,1,0.0019,0.1328
Cause_change_of_position_on_a_scale,Cause_to_be_included,1,0.0019,0.2571
Change,Competition,1,0.0019,0.4255
Dispersal,Creating,1,0.0019,1.0526
Coming_to_be,Competition,1,0.0019,0.0280
Hold,Create_artwork,1,0.0019,0.1631
