cause_event_type,effect_event_type,count
Catastrophe,Damaging,1925
Catastrophe,Destroying,850
Catastrophe,Death,822
Catastrophe,Killing,626
Catastrophe,Motion,615
Catastrophe,Catastrophe,553
Catastrophe,Influence,538
Attack,Killing,428
Coming_to_be,Cause_change_of_strength,423
Catastrophe,Bodily_harm,369
Attack,Bodily_harm,351
Coming_to_be,Motion,319
Catastrophe,Creating,251
Hostile_encounter,Killing,249
Catastrophe,Reporting,208
Hostile_encounter,Conquering,198
Catastrophe,Earnings_and_losses,196
Coming_to_be,Arriving,196
Coming_to_be,Damaging,189
Attack,Statement,188
Catastrophe,Attack,186
Catastrophe,Statement,184
Hostile_encounter,Earnings_and_losses,183
Attack,Destroying,174
Hostile_encounter,Death,174
Competition,Competition,171
Attack,Death,164
Hostile_encounter,Bodily_harm,161
Catastrophe,Arriving,157
Competition,Getting,153
Catastrophe,Departing,145
Attack,Conquering,144
Catastrophe,Cause_change_of_position_on_a_scale,144
Coming_to_be,Becoming,144
Coming_to_be,Motion_directional,143
Catastrophe,Coming_to_be,140
Coming_to_be,Catastrophe,140
Catastrophe,Bringing,129
Attack,Damaging,128
Coming_to_be,Self_motion,128
Hostile_encounter,Destroying,124
Catastrophe,Cause_change_of_strength,122
Killing,Killing,120
Hostile_encounter,Process_end,114
Catastrophe,Self_motion,111
Catastrophe,Expressing_publicly,110
Traveling,Supporting,109
Terrorism,Bodily_harm,108
Coming_to_be,Cause_change_of_position_on_a_scale,104
Terrorism,Killing,104
Attack,Judgment_communication,102
Competition,Earnings_and_losses,98
Catastrophe,Removing,95
Catastrophe,Criminal_investigation,92
Catastrophe,Manufacturing,91
Traveling,Earnings_and_losses,91
Coming_to_be,Killing,90
Hostile_encounter,Hostile_encounter,88
Coming_to_be,Dispersal,87
Competition,Conquering,87
Attack,Process_end,86
Catastrophe,Recording,86
Attack,Motion,83
Process_start,Process_end,82
Coming_to_be,Destroying,82
Attack,Attack,82
Catastrophe,Motion_directional,79
Coming_to_be,Death,79
Coming_to_be,Change,78
Catastrophe,Presence,78
Catastrophe,Know,77
Coming_to_be,Coming_to_be,77
Hostile_encounter,Escaping,75
Motion,Motion,74
Catastrophe,Change,74
Catastrophe,Escaping,73
Coming_to_be,Bodily_harm,72
Attack,Earnings_and_losses,72
Catastrophe,Giving,72
Catastrophe,Check,72
Military_operation,Destroying,72
Hostile_encounter,Statement,71
Attack,Escaping,70
Hostile_encounter,Control,65
Catastrophe,Placing,64
Traveling,Recording,64
Hostile_encounter,Becoming,63
Arranging,Competition,63
Use_firearm,Death,62
Use_firearm,Bodily_harm,61
Process_start,Conquering,61
Catastrophe,Assistance,61
Social_event,Recording,61
Traveling,Publishing,61
Traveling,Judgment_communication,61
Use_firearm,Killing,60
Catastrophe,Becoming,60
Coming_to_be,Getting,59
Motion,Damaging,58
Hostile_encounter,Attack,58
Motion,Catastrophe,58
Killing,Death,58
Death,Criminal_investigation,58
Motion,Killing,57
Attack,Hostile_encounter,57
Coming_to_be,Attack,57
Attack,Arrest,56
Use_firearm,Statement,56
Catastrophe,Scrutiny,55
Catastrophe,Coming_to_believe,55
Coming_to_be,Influence,54
Competition,Process_end,54
Attack,Expressing_publicly,53
Coming_to_be,Creating,53
Attack,Cause_change_of_position_on_a_scale,53
Bodily_harm,Death,52
Social_event,Competition,52
Catastrophe,Hindering,52
Catastrophe,Rescuing,52
Hostile_encounter,Cause_change_of_position_on_a_scale,52
Violence,Bodily_harm,50
Competition,Becoming_a_member,50
Hostile_encounter,Surrendering,50
Social_event,Hold,50
Terrorism,Statement,50
Attack,Legal_rulings,49
Motion,Destroying,49
Catastrophe,Cause_to_make_progress,49
Catastrophe,Perception_active,49
Competition,Social_event,49
Hostile_encounter,Damaging,48
Hold,Competition,48
Attack,Request,47
Catastrophe,Change_event_time,47
Hostile_encounter,Recording,47
Military_operation,Killing,46
Competition,Giving,46
Social_event,Motion,45
Social_event,Receiving,45
Conquering,Conquering,45
Use_firearm,Judgment_communication,45
Coming_to_be,Statement,45
Catastrophe,Sending,45
Competition,Hold,44
Catastrophe,Emptying,44
Attack,Reporting,44
Kidnapping,Killing,44
Process_start,Killing,44
Motion,Arriving,43
Catastrophe,Judgment_communication,43
Attack,Defending,43
Attack,Preventing_or_letting,43
Coming_to_be,Achieve,42
Hostile_encounter,Quarreling,42
Motion,Death,41
Attack,Arriving,41
Hostile_encounter,Motion,41
Hostile_encounter,Communication,41
Hostile_encounter,Getting,41
Attack,Check,41
Motion,Bodily_harm,41
Presence,Killing,41
Motion,Attack,41
Terrorism,Death,40
Attack,Catastrophe,39
Social_event,Statement,39
Military_operation,Conquering,39
Arranging,Social_event,39
Killing,Criminal_investigation,39
Attack,Getting,39
Self_motion,Killing,38
Social_event,Cause_change_of_position_on_a_scale,38
Catastrophe,Convincing,38
Catastrophe,Building,38
Catastrophe,Publishing,38
Hostile_encounter,Name_conferral,37
Hostile_encounter,Preventing_or_letting,37
Social_event,Creating,37
Coming_to_be,Cause_to_make_progress,37
Social_event,Publishing,36
Social_event,Judgment_communication,36
Conquering,Killing,36
Self_motion,Attack,36
Coming_to_be,Removing,36
Killing,Bodily_harm,36
Creating,Social_event,36
Coming_to_be,Manufacturing,36
Catastrophe,Openness,36
Traveling,Commerce_sell,36
Attack,Self_motion,35
Violence,Killing,35
Attack,Know,35
Catastrophe,Dispersal,35
Process_start,Competition,35
Conquering,Getting,35
Process_start,Process_start,35
Catastrophe,Supply,35
Hostile_encounter,Agree_or_refuse_to_act,35
Catastrophe,GiveUp,35
Killing,Judgment_communication,34
Attack,Removing,34
Coming_to_be,Presence,34
Presence,Bodily_harm,34
Catastrophe,Name_conferral,34
Killing,Statement,34
Traveling,Statement,34
Violence,Statement,34
Cause_change_of_strength,Cause_change_of_strength,34
Traveling,Social_event,34
Motion,Escaping,33
Process_start,Becoming,33
Process_start,Earnings_and_losses,33
Attack,Recovering,33
Social_event,Influence,33
Attack,Influence,33
Process_start,Destroying,33
Arriving,Bodily_harm,33
Violence,Death,33
Competition,Change,33
Self_motion,Destroying,32
Arriving,Attack,32
Process_start,Motion,32
Self_motion,Self_motion,32
Self_motion,Motion,32
Military_operation,Process_end,32
Catastrophe,Action,32
Motion,Conquering,31
Attack,Hindering,31
Killing,Legal_rulings,31
Change_of_leadership,Process_end,31
Military_operation,Earnings_and_losses,31
Catastrophe,Process_end,31
Catastrophe,Hold,31
Conquering,Process_end,31
Motion,Cause_change_of_strength,31
Social_event,Expressing_publicly,30
Social_event,Supporting,30
Cause_change_of_strength,Catastrophe,30
Catastrophe,Research,30
Attack,Motion_directional,30
Military_operation,Agree_or_refuse_to_act,30
Use_firearm,Destroying,30
Catastrophe,Recovering,30
Attack,Action,30
Attack,Surrendering,30
Traveling,Competition,30
Hostile_encounter,Departing,30
Violence,Judgment_communication,29
Coming_to_be,Earnings_and_losses,29
Hostile_encounter,Cause_change_of_strength,29
Conquering,Escaping,29
Competition,Becoming,29
Attack,Giving,29
Attack,Creating,29
Attack,Hold,29
Social_event,Expansion,29
Hostile_encounter,Arriving,29
Conquering,Attack,29
Catastrophe,Warning,29
Competition,Name_conferral,29
Death,Placing,28
Cause_change_of_strength,Dispersal,28
Self_motion,Death,28
Attack,Control,28
Catastrophe,Writing,28
Coming_to_be,Reporting,28
Self_motion,Arriving,28
Competition,Preserving,28
Traveling,Hold,28
Process_start,Hold,27
Arranging,Attack,27
Hostile_encounter,Catastrophe,27
Hostile_encounter,Creating,27
Attack,Protest,27
Destroying,Killing,27
Arriving,Escaping,27
Social_event,Process_end,27
Death,Statement,27
Cause_change_of_strength,Motion,27
Change_of_leadership,Conquering,27
Hostile_encounter,Giving,27
Cause_change_of_strength,Cause_change_of_position_on_a_scale,27
Control,Attack,26
Catastrophe,Getting,26
Motion,Process_end,26
Coming_to_be,Process_end,26
Process_start,Attack,26
Motion,Cause_change_of_position_on_a_scale,26
Coming_to_be,Expressing_publicly,26
Killing,Arrest,26
Hostile_encounter,Presence,26
Attack,Cause_change_of_strength,26
Motion_directional,Death,26
Arriving,Killing,26
Attack,Hiding_objects,26
Military_operation,Releasing,26
Catastrophe,Deciding,26
Competition,Recording,26
Coming_to_be,Bringing,26
Hostile_encounter,Removing,26
Traveling,Receiving,26
Catastrophe,Connect,26
Coming_to_be,Know,25
Self_motion,Conquering,25
Competition,Presence,25
Military_operation,Death,25
Catastrophe,Request,25
Cause_change_of_strength,Arriving,25
Action,Killing,25
Military_operation,Attack,25
Arranging,Killing,25
Motion,Statement,25
Attack,Change,25
Hostile_encounter,Change,24
Process_start,Statement,24
Coming_to_be,Process_start,24
Arriving,Conquering,24
Attack,Response,24
Attack,Use_firearm,24
Killing,Destroying,24
Attack,Writing,24
Hostile_encounter,Judgment_communication,24
Terrorism,Check,24
Competition,Achieve,24
Attack,Bringing,23
Cause_change_of_position_on_a_scale,Catastrophe,23
Military_operation,Removing,23
Process_start,Death,23
Attack,Agree_or_refuse_to_act,23
Killing,Know,23
Cause_change_of_strength,Becoming,23
Hold,Process_end,23
Attack,Change_sentiment,23
Attack,Change_of_leadership,23
Catastrophe,Cause_to_amalgamate,23
Process_start,Getting,23
Process_start,Hostile_encounter,23
Conquering,Control,23
Motion,Self_motion,23
Catastrophe,Preventing_or_letting,23
Arriving,Catastrophe,23
Motion_directional,Killing,22
Use_firearm,Check,22
Competition,Statement,22
Killing,Motion,22
Arriving,Motion,22
Self_motion,Catastrophe,22
Presence,Statement,22
Creating,Motion,22
Attack,Sending,22
Self_motion,Bodily_harm,22
Hostile_encounter,Bringing,22
Defending,Attack,22
Departing,Catastrophe,22
Traveling,Getting,22
Conquering,Earnings_and_losses,22
Military_operation,Damaging,22
Choosing,Competition,22
Competition,Receiving,22
Hostile_encounter,Response,22
Catastrophe,Confronting_problem,22
Catastrophe,Filling,22
Use_firearm,Expressing_publicly,21
Process_start,Creating,21
Competition,Action,21
Coming_to_be,Judgment_communication,21
Creating,Process_start,21
Killing,Scrutiny,21
Attack,Criminal_investigation,21
Arranging,Motion,21
Arriving,Destroying,21
Presence,Destroying,21
Social_event,Social_event,21
Motion,Coming_to_be,21
Besieging,Conquering,21
Traveling,Expressing_publicly,21
Social_event,Process_start,21
Coming_to_be,Perception_active,21
Catastrophe,Conquering,21
Change_of_leadership,Change_of_leadership,21
Sending,Conquering,21
Terrorism,Judgment_communication,21
Competition,Bringing,21
Traveling,Traveling,21
Competition,Destroying,21
Process_start,Bodily_harm,20
Catastrophe,Scouring,20
Escaping,Conquering,20
Besieging,Killing,20
Arriving,Damaging,20
Attack,Scrutiny,20
Motion,Earnings_and_losses,20
Creating,Damaging,20
Arranging,Conquering,20
Motion,Becoming,20
Military_operation,Escaping,20
Cause_change_of_position_on_a_scale,Cause_change_of_position_on_a_scale,20
Conquering,Motion,20
Hostile_encounter,Arrest,20
Attack,Receiving,20
Hostile_encounter,Sign_agreement,20
Terrorism,Legal_rulings,20
Creating,Creating,20
Attack,Military_operation,20
Catastrophe,Achieve,20
Motion,Reporting,20
Terrorism,Arrest,20
Hostile_encounter,Supporting,19
Use_firearm,Arrest,19
Traveling,Self_motion,19
Traveling,Presence,19
Social_event,Placing,19
Use_firearm,Use_firearm,19
Change_of_leadership,Hostile_encounter,19
Escaping,Arriving,19
Social_event,Defending,19
Destroying,Death,19
Military_operation,Bodily_harm,19
Testing,Testing,19
Change_of_leadership,Creating,19
Destroying,Escaping,19
Terrorism,Attack,19
Protest,Statement,19
Hold,Earnings_and_losses,19
Hold,Social_event,19
Coming_to_be,Recovering,19
Traveling,Placing,19
Cause_to_make_progress,Cause_change_of_strength,19
Control,Escaping,18
Social_event,Becoming,18
Motion,Action,18
Cause_change_of_strength,Getting,18
Motion_directional,Motion,18
Arranging,Self_motion,18
Social_event,Getting,18
Removing,Conquering,18
Attack,Prison,18
Agree_or_refuse_to_act,Attack,18
Motion_directional,Attack,18
Cause_change_of_position_on_a_scale,Cause_change_of_strength,18
Process_start,Escaping,18
Hostile_encounter,Self_motion,18
Hostile_encounter,Defending,18
Committing_crime,Legal_rulings,18
Traveling,Know,18
Catastrophe,Receiving,18
Defending,Defending,18
Process_start,Arriving,18
Conquering,Hostile_encounter,18
Hostile_encounter,Convincing,18
Hold,Getting,18
Attack,Arranging,18
Hostile_encounter,Know,18
Self_motion,Process_end,17
Motion,Judgment_communication,17
Process_start,Removing,17
Control,Hostile_encounter,17
Motion,Preventing_or_letting,17
Competition,Know,17
Motion_directional,Destroying,17
Sending,Attack,17
Social_event,Name_conferral,17
Change_of_leadership,Attack,17
Arriving,Self_motion,17
Destroying,Destroying,17
Getting,Becoming,17
Committing_crime,Request,17
Motion,Know,17
Social_event,Change,17
Change_of_leadership,Legal_rulings,17
Killing,Cause_change_of_position_on_a_scale,17
Presence,Death,17
Destroying,Bodily_harm,17
Self_motion,Damaging,17
Presence,Motion,17
Protest,Judgment_communication,17
Choosing,Judgment_communication,17
Arranging,Terrorism,17
Process_start,Expressing_publicly,17
Change_of_leadership,Hindering,17
Process_start,Cause_change_of_position_on_a_scale,17
Expressing_publicly,Process_end,17
Attack,Dispersal,17
Competition,Cause_to_make_progress,17
Hostile_encounter,Violence,17
Damaging,Killing,17
Creating,Competition,17
Catastrophe,Cure,17
Violence,Violence,16
Conquering,Arriving,16
Attack,Committing_crime,16
Killing,Giving,16
Social_event,Giving,16
Social_event,Earnings_and_losses,16
Competition,Preventing_or_letting,16
Coming_to_be,Preventing_or_letting,16
Action,Conquering,16
Process_start,Social_event,16
Motion,Getting,16
Hostile_encounter,GiveUp,16
Testing,Catastrophe,16
Catastrophe,Expansion,16
Presence,Catastrophe,16
Request,Agree_or_refuse_to_act,16
Arranging,Process_start,16
Attack,Submitting_documents,16
Change_of_leadership,Statement,16
Social_event,Create_artwork,16
Creating,Hold,16
Coming_to_be,Departing,16
Attack,Departing,16
Conquering,Becoming,16
Military_operation,Arriving,16
Military_operation,Surrendering,16
Attack,Placing,16
Damaging,Damaging,16
Catastrophe,Military_operation,16
Arranging,Hold,16
Creating,Attack,16
Competition,Expressing_publicly,16
Competition,Cause_change_of_position_on_a_scale,16
Death,Expressing_publicly,16
Catastrophe,Reforming_a_system,16
Traveling,Becoming,16
Military_operation,Name_conferral,16
Committing_crime,Receiving,15
Destroying,Conquering,15
Action,Judgment_communication,15
Know,Legal_rulings,15
Competition,Process_start,15
Earnings_and_losses,Bodily_harm,15
Earnings_and_losses,Earnings_and_losses,15
Hostile_encounter,Prison,15
Hostile_encounter,Recovering,15
Arriving,Process_end,15
Process_start,Cause_to_make_progress,15
Motion,Influence,15
Process_start,Self_motion,15
Arranging,Change_event_time,15
Coming_to_be,Escaping,15
Getting,Getting,15
Military_operation,Self_motion,15
Arriving,Earnings_and_losses,15
Committing_crime,Arrest,15
Arrest,Judgment_communication,15
Besieging,Surrendering,15
Hold,Becoming,15
Motion_directional,Arriving,15
Arranging,Hostile_encounter,15
Catastrophe,Hiding_objects,15
Self_motion,Hostile_encounter,15
Hostile_encounter,Placing,15
Escaping,Escaping,15
Motion,Telling,15
Attack,Quarreling,15
Getting,Process_end,15
Hostile_encounter,Receiving,15
Bodily_harm,Killing,15
Attack,Recording,15
Social_event,Preventing_or_letting,15
Killing,Influence,15
Traveling,Bodily_harm,15
Change_of_leadership,Destroying,15
Judgment_communication,Statement,15
Violence,Committing_crime,15
Motion,Motion_directional,15
Hold,Conquering,15
Social_event,Cause_to_make_progress,15
Cause_change_of_strength,Change,15
Hostile_encounter,Dispersal,15
Arranging,Process_end,15
Change_of_leadership,Name_conferral,15
Placing,Attack,15
Change_of_leadership,Communication,15
Cause_to_make_progress,Catastrophe,15
Traveling,Communication,15
Judgment_communication,Legal_rulings,14
Killing,Escaping,14
Control,Killing,14
Social_event,Presence,14
Competition,Sending,14
Competition,Hostile_encounter,14
Request,Self_motion,14
Earnings_and_losses,Attack,14
Coming_to_be,Hostile_encounter,14
Attack,Process_start,14
Process_start,Placing,14
Know,Attack,14
Change_of_leadership,Control,14
Arriving,Cause_change_of_strength,14
Attack,Reveal_secret,14
Arranging,Arriving,14
Destroying,Motion,14
Military_operation,Hostile_encounter,14
Social_event,Reporting,14
Military_operation,Getting,14
Hold,Giving,14
Change_of_leadership,Escaping,14
Conquering,Statement,14
Hold,Hold,14
Hold,Statement,14
Coming_to_be,Arranging,14
Coming_to_be,Check,14
Military_operation,Statement,14
Catastrophe,Response,14
Attack,Achieve,14
Killing,Damaging,14
Process_start,Traveling,14
Hostile_encounter,Rewards_and_punishments,14
Self_motion,Know,14
Process_start,Agree_or_refuse_to_act,14
Preventing_or_letting,Motion,14
Cause_change_of_position_on_a_scale,Becoming,14
Coming_to_be,Telling,14
Hostile_encounter,Change_of_leadership,14
Besieging,Hostile_encounter,14
Deciding,Attack,14
Attack,Sign_agreement,14
Coming_to_be,Hold,14
Commerce_buy,Killing,14
Military_operation,Change,14
Catastrophe,Process_start,14
Catastrophe,Temporary_stay,14
Arriving,Use_firearm,14
Earnings_and_losses,Killing,14
Action,Destroying,14
Action,Attack,14
Attack,Rewards_and_punishments,14
Catastrophe,Submitting_documents,14
Arranging,Earnings_and_losses,14
Control,Catastrophe,14
Being_in_operation,Catastrophe,14
Getting,Attack,14
Death,Reporting,14
Conquering,Surrendering,14
Killing,Creating,14
Catastrophe,Come_together,14
Committing_crime,Damaging,14
Motion,Removing,13
Committing_crime,Judgment_communication,13
Know,Motion,13
Death,Rite,13
Arriving,Departing,13
Process_start,Change,13
Social_event,Perception_active,13
Process_start,Judgment_communication,13
Competition,Placing,13
Earnings_and_losses,Process_end,13
Process_start,Know,13
Cause_change_of_position_on_a_scale,Motion,13
Creating,Destroying,13
Violence,Arrest,13
Conquering,Recovering,13
Request,Surrendering,13
Hostile_encounter,Hindering,13
Self_motion,Cause_change_of_position_on_a_scale,13
Arriving,Hostile_encounter,13
Hold,Bodily_harm,13
Cause_change_of_position_on_a_scale,Arriving,13
Arriving,Death,13
Change_of_leadership,Self_motion,13
Conquering,Removing,13
Creating,Becoming,13
Attack,Rescuing,13
Motion,Control,13
Military_operation,Request,13
Arranging,Escaping,13
Manufacturing,Damaging,13
Attack,Communication,13
Coming_to_be,Recording,13
Change_of_leadership,Becoming,13
Military_operation,Use_firearm,13
Killing,Request,13
Hold,Motion,13
Conquering,Defending,13
Catastrophe,Change_sentiment,13
Hostile_encounter,Action,13
Sign_agreement,Process_end,13
Coming_to_be,Cause_to_amalgamate,13
Process_start,Giving,13
Coming_to_be,Warning,13
Presence,Process_end,13
Killing,Committing_crime,13
Attack,Deciding,13
Attack,Becoming,13
Motion_directional,Damaging,13
Use_firearm,Catastrophe,13
Change_of_leadership,Preventing_or_letting,13
Departing,Arriving,13
Conquering,Change_of_leadership,13
Attack,Besieging,13
Conquering,Agree_or_refuse_to_act,13
Arranging,Preventing_or_letting,13
Know,Self_motion,13
Process_end,Process_end,13
Coming_to_be,Temporary_stay,13
Attack,Coming_to_be,13
Conquering,Recording,13
Creating,Presence,13
Preventing_or_letting,Arriving,13
Creating,Giving,13
Process_start,Expansion,13
Action,Bodily_harm,13
Process_start,Damaging,13
Process_start,Coming_to_be,13
Violence,Protest,13
Social_event,Temporary_stay,13
Hostile_encounter,Perception_active,13
Catastrophe,Telling,13
Earnings_and_losses,Conquering,13
Presence,Influence,13
Getting,Earnings_and_losses,13
Arriving,Preventing_or_letting,13
Hostile_encounter,Influence,13
Departing,Motion,13
Competition,Coming_to_believe,13
Military_operation,Know,13
Motion_directional,Self_motion,13
Military_operation,Recovering,13
Process_start,Cause_change_of_strength,13
Traveling,Destroying,13
Competition,Arranging,13
Cause_to_make_progress,Self_motion,12
Cause_to_make_progress,Motion,12
Arriving,Cause_change_of_position_on_a_scale,12
Earnings_and_losses,Motion,12
Arriving,Arriving,12
Process_start,Perception_active,12
Process_start,Influence,12
Use_firearm,Reveal_secret,12
Presence,Expressing_publicly,12
Process_end,Change,12
Creating,Statement,12
Cause_change_of_position_on_a_scale,Destroying,12
Killing,Attack,12
Request,Attack,12
Killing,Removing,12
Killing,Building,12
Attack,Warning,12
Process_start,Building,12
Killing,Action,12
Arriving,Know,12
Social_event,Self_motion,12
Arriving,Control,12
Scrutiny,Know,12
Use_firearm,Attack,12
Killing,Use_firearm,12
Kidnapping,Arrest,12
Agree_or_refuse_to_act,Process_end,12
Destroying,Earnings_and_losses,12
Arriving,Removing,12
Motion,Placing,12
Criminal_investigation,Coming_to_believe,12
Presence,Conquering,12
Presence,Judgment_communication,12
Committing_crime,Statement,12
Hold,Arriving,12
Arranging,Statement,12
Hostile_encounter,Publishing,12
Arranging,Getting,12
Killing,Reporting,12
Expressing_publicly,Hostile_encounter,12
Departing,Self_motion,12
Destroying,Catastrophe,12
Coming_to_be,Placing,12
Process_start,Action,12
Killing,Process_end,12
Destroying,Damaging,12
Change_of_leadership,Change,12
Know,Destroying,12
Coming_to_be,Coming_to_believe,12
Coming_to_be,Conquering,12
Motion,Departing,12
Hostile_encounter,Deciding,12
Traveling,Choosing,12
Traveling,Response,12
Hostile_encounter,Assistance,12
Traveling,Change,12
Motion_directional,Bodily_harm,12
Choosing,Statement,12
Hostile_encounter,Confronting_problem,12
Catastrophe,Employment,12
Escaping,Attack,12
Process_start,Bringing,12
Action,Statement,12
Coming_to_be,Expansion,12
Control,Arriving,12
Self_motion,Motion_directional,12
Hostile_encounter,Request,12
Competition,Come_together,12
Coming_to_be,Preserving,12
Military_operation,Action,12
Arriving,Change,12
Attack,Kidnapping,12
Cause_change_of_strength,Motion_directional,12
Traveling,Motion,12
Traveling,Bringing,12
Military_operation,Control,12
Competition,Deciding,12
Military_operation,Sign_agreement,12
Social_event,Supply,12
Response,Removing,12
Cause_to_make_progress,Conquering,11
Coming_to_be,Receiving,11
Request,Legal_rulings,11
Request,Killing,11
Control,Self_motion,11
Escaping,Self_motion,11
Process_start,Recording,11
Use_firearm,Receiving,11
Besieging,Process_end,11
Social_event,Coming_to_be,11
Arranging,Arranging,11
Social_event,Commerce_sell,11
Competition,Motion,11
Motion,Legal_rulings,11
Request,Preventing_or_letting,11
Motion,Creating,11
Killing,Social_event,11
Self_motion,Reporting,11
Process_start,Achieve,11
Becoming,Motion,11
Arriving,Process_start,11
Hold,Killing,11
Expressing_publicly,Change,11
Bodily_harm,Attack,11
Removing,Protest,11
Coming_to_be,Name_conferral,11
Kidnapping,Bodily_harm,11
Presence,Reporting,11
Becoming,Becoming,11
Hold,Self_motion,11
Attack,Assistance,11
Change_of_leadership,Agree_or_refuse_to_act,11
Arranging,Bodily_harm,11
Hold,Expressing_publicly,11
Hostile_encounter,Reporting,11
Arranging,Cause_change_of_position_on_a_scale,11
Catastrophe,Change_of_leadership,11
Killing,Placing,11
Use_firearm,Know,11
Cause_change_of_strength,Destroying,11
Motion,Expressing_publicly,11
Request,Defending,11
Process_end,Hostile_encounter,11
Social_event,Change_of_leadership,11
Motion,Request,11
Social_event,Bringing,11
Social_event,Assistance,11
Getting,Competition,11
Getting,Conquering,11
Besieging,Escaping,11
Terrorism,Criminal_investigation,11
Becoming,Attack,11
Conquering,Giving,11
Motion,Assistance,11
Committing_crime,Releasing,11
Arrest,Committing_crime,11
Catastrophe,Having_or_lacking_access,11
Influence,Damaging,11
Coming_to_be,Sending,11
Conquering,Destroying,11
Hostile_encounter,Limiting,11
Choosing,Expressing_publicly,11
Use_firearm,Reporting,11
Use_firearm,Communication,11
Social_event,Convincing,11
Presence,Presence,11
Kidnapping,Catastrophe,11
Military_operation,Becoming,11
Motion_directional,Becoming,11
Social_event,Destroying,11
Hold,Communication,11
Process_end,Earnings_and_losses,11
Death,Convincing,11
Social_event,Death,11
Competition,Publishing,11
Competition,Assistance,11
Communication,Agree_or_refuse_to_act,11
Hold,Bringing,11
Cause_change_of_position_on_a_scale,Change,11
Competition,Influence,11
Attack,Violence,11
Self_motion,Earnings_and_losses,11
Conquering,Bodily_harm,11
Arriving,Statement,11
Cause_to_make_progress,Becoming,11
Self_motion,Departing,10
Process_start,Preventing_or_letting,10
Use_firearm,Deciding,10
Use_firearm,Building,10
Preventing_or_letting,Attack,10
Request,Removing,10
Creating,Process_end,10
Motion,Perception_active,10
Influence,Death,10
Coming_to_be,Rescuing,10
Killing,Change,10
Attack,Social_event,10
Attack,Commitment,10
Hostile_encounter,Change_event_time,10
Death,Judgment_communication,10
Creating,Expansion,10
Committing_crime,Criminal_investigation,10
Arriving,Defending,10
Hostile_encounter,Expressing_publicly,10
Change_of_leadership,Choosing,10
Coming_to_be,Giving,10
Motion_directional,Catastrophe,10
Attack,Becoming_a_member,10
Destroying,Recovering,10
Hold,Preventing_or_letting,10
Hold,Choosing,10
Process_start,Control,10
Defending,Bodily_harm,10
Self_motion,Judgment_communication,10
Violence,Request,10
Death,Process_start,10
Social_event,Reveal_secret,10
Destroying,Know,10
Judgment_communication,Request,10
Change_of_leadership,Killing,10
Influence,Social_event,10
Death,Social_event,10
Damaging,Motion,10
Arranging,Destroying,10
Destroying,Arriving,10
Motion,Temporary_stay,10
Traveling,Process_end,10
Presence,Damaging,10
Influence,Killing,10
Coming_to_be,Hindering,10
Motion,Supply,10
Arrest,Legal_rulings,10
Placing,Know,10
Agree_or_refuse_to_act,Preventing_or_letting,10
Killing,Preventing_or_letting,10
Arranging,Becoming,10
Preventing_or_letting,Conquering,10
Cause_change_of_position_on_a_scale,Attack,10
Conquering,Bringing,10
Destroying,Self_motion,10
Hostile_encounter,Process_start,10
Request,Know,10
Judgment_communication,Killing,10
Process_start,Arrest,10
Motion,Presence,10
Arranging,Control,10
Besieging,Destroying,10
Arrest,Killing,10
Military_operation,Resolve_problem,10
Process_start,Receiving,10
Attack,Change_event_time,10
Process_start,Defending,10
Sign_agreement,Change_of_leadership,10
Creating,Judgment_communication,10
Earnings_and_losses,Getting,10
Testing,Action,10
Hold,Presence,10
Defending,Earnings_and_losses,10
Violence,Damaging,10
Violence,Change_of_leadership,10
Request,Escaping,10
Creating,Supporting,10
Choosing,Creating,10
Motion,Change,10
Earnings_and_losses,Catastrophe,10
Hostile_encounter,Robbery,10
Creating,Coming_to_be,10
Violence,Earnings_and_losses,10
Hostile_encounter,Preserving,10
Military_operation,Cause_change_of_strength,10
Coming_to_be,Assistance,10
Arriving,Getting,10
Hostile_encounter,Besieging,10
Hostile_encounter,Achieve,10
Request,Motion_directional,10
Traveling,Process_start,10
Attack,Releasing,10
Protest,Change_of_leadership,10
Action,Process_end,10
Military_operation,Expansion,10
Creating,Arriving,10
Military_operation,Giving,10
Traveling,Becoming_a_member,10
Publishing,Supporting,10
Terrorism,Perception_active,10
Arranging,Traveling,10
Education_teaching,Criminal_investigation,10
Education_teaching,Death,10
Social_event,Deciding,10
Bodily_harm,Damaging,10
Competition,Bodily_harm,10
Attack,Building,10
Sign_agreement,Traveling,10
Military_operation,Emptying,10
Catastrophe,Commitment,10
Terrorism,Hostile_encounter,10
Self_motion,Dispersal,9
Placing,Death,9
Agree_or_refuse_to_act,Death,9
Death,Legal_rulings,9
Legal_rulings,Rewards_and_punishments,9
Process_start,Hindering,9
Besieging,Death,9
Presence,Perception_active,9
Social_event,Action,9
Arranging,Expressing_publicly,9
Arranging,Communication,9
Escaping,Killing,9
Earnings_and_losses,Preventing_or_letting,9
Death,Change_of_leadership,9
Destroying,Departing,9
Creating,Expressing_publicly,9
Escaping,Process_end,9
Process_start,Sending,9
Death,Scrutiny,9
Killing,Arranging,9
Influence,Destroying,9
Arranging,Defending,9
Self_motion,Sending,9
Hostile_encounter,Motion_directional,9
Request,Assistance,9
Process_start,Presence,9
Request,Sending,9
Becoming,Catastrophe,9
Being_in_operation,Preventing_or_letting,9
Earnings_and_losses,Recovering,9
Self_motion,Arrest,9
Committing_crime,Prison,9
Presence,Criminal_investigation,9
Presence,Request,9
Protest,Arrest,9
Request,Giving,9
Departing,Conquering,9
Hold,Judgment_communication,9
Being_in_operation,Killing,9
Change,Cause_change_of_position_on_a_scale,9
Military_operation,Arrest,9
Hold,Change,9
Choosing,Becoming,9
Hold,Process_start,9
Hostile_encounter,Choosing,9
Request,Process_end,9
Communication,Process_end,9
Presence,Creating,9
Process_start,Supporting,9
Control,Death,9
Arrest,Statement,9
Military_operation,Coming_to_be,9
Arriving,Creating,9
Come_together,Conquering,9
Hostile_encounter,Coming_to_be,9
Arriving,Giving,9
Placing,Becoming,9
Killing,Getting,9
Recording,Publishing,9
Getting,Defending,9
Control,Conquering,9
Committing_crime,Killing,9
Request,Arriving,9
Motion,Building,9
Escaping,Destroying,9
Choosing,Preventing_or_letting,9
Conquering,Hold,9
Assistance,Conquering,9
Arriving,Expressing_publicly,9
Motion,Releasing,9
Besieging,Earnings_and_losses,9
Use_firearm,Quarreling,9
Traveling,Death,9
Military_operation,Response,9
Military_operation,Kidnapping,9
Preventing_or_letting,Process_end,9
Control,Bodily_harm,9
Creating,Getting,9
Death,Know,9
Defending,Process_end,9
Earnings_and_losses,Change,9
Self_motion,Escaping,9
Social_event,Check,9
Judgment_communication,Death,9
Judgment_communication,Arrest,9
Arrest,Violence,9
Use_firearm,Publishing,9
Social_event,Hindering,9
Body_movement,Death,9
Earnings_and_losses,Becoming,9
Action,Creating,9
Presence,Cause_change_of_strength,9
Social_event,Agree_or_refuse_to_act,9
Social_event,Killing,9
Change_of_leadership,Research,9
Attack,Emptying,9
Catastrophe,Resolve_problem,9
Competition,Commerce_sell,9
Placing,Bodily_harm,9
Earnings_and_losses,Escaping,9
Besieging,Giving,9
Cause_change_of_position_on_a_scale,Damaging,9
Motion,Arrest,9
Hold,Creating,9
Use_firearm,Hindering,9
Attack,Presence,9
Publishing,Traveling,9
Killing,Violence,9
Self_motion,Defending,9
Departing,Killing,9
Know,Hostile_encounter,9
Damaging,Destroying,9
Becoming,Cause_change_of_position_on_a_scale,9
Process_start,Surrendering,9
Destroying,Cause_to_make_progress,9
Besieging,Defending,9
Attack,Publishing,9
Self_motion,Achieve,8
Committing_crime,Influence,8
Bodily_harm,Bringing,8
Know,Arriving,8
Process_start,Motion_directional,8
Process_end,Preventing_or_letting,8
Conquering,Death,8
Cause_change_of_strength,Creating,8
Besieging,Cause_change_of_strength,8
Besieging,Reforming_a_system,8
Death,Process_end,8
Social_event,Change_sentiment,8
Competition,Creating,8
Request,Action,8
Coming_to_be,Arrest,8
Creating,Removing,8
Escaping,Motion,8
Change,Change,8
Creating,Change,8
Creating,Killing,8
Come_together,Self_motion,8
Escaping,Hostile_encounter,8
Know,Conquering,8
Removing,Arriving,8
Competition,Communication,8
Cause_change_of_position_on_a_scale,Creating,8
Cause_change_of_position_on_a_scale,Killing,8
Destroying,Becoming,8
Action,Use_firearm,8
Presence,Know,8
Social_event,Writing,8
Change_of_leadership,Recovering,8
Cause_change_of_position_on_a_scale,Statement,8
Defending,Motion,8
Motion,Sending,8
Criminal_investigation,Statement,8
Use_firearm,Legal_rulings,8
Connect,Motion,8
Motion,Hold,8
Presence,Attack,8
Request,Judgment_communication,8
Becoming,Cause_change_of_strength,8
Process_end,Motion,8
Supporting,Conquering,8
Process_end,Attack,8
Being_in_operation,Motion,8
Military_operation,Reporting,8
Arranging,Arrest,8
Criminal_investigation,Know,8
Communication,Sign_agreement,8
Conquering,Self_motion,8
Process_end,Recovering,8
Catastrophe,Traveling,8
Bodily_harm,Perception_active,8
Criminal_investigation,Judgment_communication,8
Catastrophe,GetReady,8
Change_of_leadership,Arriving,8
Commerce_sell,Cause_change_of_position_on_a_scale,8
Response,Motion,8
Control,Process_end,8
Cause_to_amalgamate,Judgment_communication,8
Cause_change_of_strength,Damaging,8
Self_motion,Control,8
Hold,Deciding,8
Traveling,Cause_change_of_position_on_a_scale,8
Death,Coming_to_believe,8
Control,Destroying,8
Control,Change_of_leadership,8
Self_motion,Influence,8
Presence,Preventing_or_letting,8
Bodily_harm,Legal_rulings,8
Killing,Agree_or_refuse_to_act,8
Destroying,Scrutiny,8
Terrorism,Suspicion,8
Request,Change_of_leadership,8
Social_event,Reforming_a_system,8
Conquering,Preventing_or_letting,8
Change,Agree_or_refuse_to_act,8
Action,Motion,8
Escaping,Know,8
Military_operation,Change_of_leadership,8
Choosing,Bodily_harm,8
Bodily_harm,Motion,8
Process_start,Response,8
Legal_rulings,Releasing,8
Response,Statement,8
Criminal_investigation,Legal_rulings,8
Request,Military_operation,8
Attack,Temporary_stay,8
Destroying,Preventing_or_letting,8
Traveling,Killing,8
Request,Conquering,8
Expressing_publicly,Process_start,8
Process_start,Becoming_a_member,8
Come_together,Attack,8
Social_event,Achieve,8
Destroying,Building,8
Attack,Supply,8
Competition,Defending,8
Control,Control,8
Expressing_publicly,Statement,8
Expressing_publicly,Judgment_communication,8
Arranging,Coming_to_be,8
Attack,Research,8
Hostile_encounter,Military_operation,8
Use_firearm,Scrutiny,8
Defending,Conquering,8
Violence,Attack,8
Getting,Escaping,8
Motion_directional,Know,8
Statement,Request,8
Hostile_encounter,Cause_to_make_progress,8
Change_of_leadership,Becoming_a_member,8
Process_end,Becoming,8
Besieging,Bodily_harm,8
Attack,Supporting,8
Surrendering,Process_end,8
Change_of_leadership,Death,8
Terrorism,Connect,8
Statement,Statement,8
Attack,Confronting_problem,8
Change_of_leadership,Coming_to_be,8
Escaping,Control,8
Agree_or_refuse_to_act,Expressing_publicly,8
Getting,Killing,8
Hostile_encounter,Writing,8
Cause_change_of_position_on_a_scale,Coming_to_be,8
Sending,Arriving,8
Hold,Perception_active,8
Conquering,Request,8
Coming_to_be,Control,8
Self_motion,Process_start,8
Preventing_or_letting,Escaping,8
Communication,Expressing_publicly,8
Competition,Perception_active,8
Removing,Attack,8
Traveling,Change_event_time,8
Social_event,Bodily_harm,8
Arriving,Influence,8
Terrorism,Action,8
Competition,Change_event_time,8
Cause_change_of_strength,Self_motion,8
Cause_change_of_strength,Achieve,8
Traveling,Body_movement,8
Traveling,Openness,8
Expend_resource,Catastrophe,8
Expressing_publicly,Conquering,8
Creating,Self_motion,8
Come_together,Social_event,8
Process_start,Choosing,8
Getting,Arriving,8
Getting,Cause_change_of_strength,8
Quarreling,Military_operation,8
Manufacturing,Motion,8
Competition,Removing,8
Violence,Change,8
Catastrophe,Supporting,8
Arranging,Receiving,8
Damaging,Self_motion,8
Terrorism,Reveal_secret,8
Besieging,Change_of_leadership,8
Preventing_or_letting,Change,7
Committing_crime,Know,7
Publishing,Know,7
Escaping,Hindering,7
Deciding,Motion,7
Motion_directional,Cause_change_of_strength,7
Use_firearm,Criminal_investigation,7
Competition,Change_sentiment,7
Earnings_and_losses,Judgment_communication,7
Competition,Body_movement,7
Action,Preventing_or_letting,7
Violence,Reporting,7
Request,Request,7
Request,Creating,7
Earnings_and_losses,Destroying,7
Damaging,Reporting,7
Quarreling,Conquering,7
Quarreling,Killing,7
Becoming_a_member,Competition,7
Death,Bringing,7
Preventing_or_letting,Getting,7
Self_motion,Getting,7
Motion,Hostile_encounter,7
Judgment_communication,Judgment_communication,7
Becoming_a_member,Judgment_communication,7
Agree_or_refuse_to_act,Escaping,7
Removing,Removing,7
Motion,Hindering,7
Attack,GiveUp,7
Motion,Rescuing,7
Attack,Resolve_problem,7
Traveling,Check,7
Self_motion,Surrendering,7
Use_firearm,Motion_directional,7
Influence,Cause_change_of_position_on_a_scale,7
Destroying,Attack,7
Preventing_or_letting,Cause_change_of_strength,7
Choosing,Getting,7
Use_firearm,Damaging,7
Creating,Cause_change_of_position_on_a_scale,7
Arranging,Assistance,7
Legal_rulings,Legal_rulings,7
Sending,Killing,7
Placing,Legal_rulings,7
Influence,Creating,7
Self_motion,Use_firearm,7
Know,Request,7
Presence,Arrest,7
Kidnapping,Judgment_communication,7
Conquering,Arrest,7
Kidnapping,Conquering,7
Killing,Becoming,7
Hostile_encounter,Emptying,7
Creating,Cause_change_of_strength,7
Process_end,Departing,7
Preventing_or_letting,Self_motion,7
Destroying,Rescuing,7
Hold,Rescuing,7
Hold,Destroying,7
Change_of_leadership,Defending,7
Motion,Process_start,7
Influence,Statement,7
Self_motion,Come_together,7
Request,Cause_change_of_position_on_a_scale,7
Removing,Process_end,7
Arranging,Becoming_a_member,7
Process_start,Come_together,7
Social_event,Removing,7
Terrorism,Rite,7
Coming_to_be,Use_firearm,7
Action,Escaping,7
Response,Process_end,7
Escaping,Cause_change_of_position_on_a_scale,7
Arranging,Cause_change_of_strength,7
Death,Hold,7
Death,Giving,7
Death,Becoming,7
Destroying,Process_end,7
Creating,Cause_to_make_progress,7
Building,Defending,7
Judgment_communication,Preventing_or_letting,7
Hold,Cause_change_of_position_on_a_scale,7
Motion,Coming_to_believe,7
Attack,Labeling,7
Terrorism,Legality,7
Creating,Defending,7
Use_firearm,Cause_change_of_strength,7
Self_motion,Criminal_investigation,7
Use_firearm,Sign_agreement,7
Traveling,Create_artwork,7
Cause_change_of_strength,Cause_to_make_progress,7
Hostile_encounter,Rescuing,7
Departing,Death,7
Traveling,Wearing,7
Terrorism,Know,7
Becoming,Arriving,7
Judgment_communication,Removing,7
Killing,Change_of_leadership,7
Deciding,Change_of_leadership,7
Arranging,Change,7
Terrorism,Reporting,7
Choosing,Arrest,7
Process_start,Catastrophe,7
Change_of_leadership,Giving,7
Response,Arrest,7
Know,Know,7
Presence,Self_motion,7
Arriving,Surrendering,7
Manufacturing,Process_start,7
Conquering,Preserving,7
Come_together,Hostile_encounter,7
Come_together,Earnings_and_losses,7
Sign_agreement,Preventing_or_letting,7
Bodily_harm,Judgment_communication,7
Cause_change_of_position_on_a_scale,Process_end,7
Self_motion,Coming_to_be,7
Process_start,Sign_agreement,7
Conquering,Placing,7
Manufacturing,Competition,7
Coming_to_be,Committing_crime,7
Earnings_and_losses,Statement,7
Action,Action,7
Attack,Traveling,7
Destroying,Change,7
Response,Reporting,7
Change,Know,7
Conquering,Rewards_and_punishments,7
Hostile_encounter,Revenge,7
Motion_directional,Conquering,7
Defending,Cause_to_be_included,7
Traveling,Perception_active,7
Bodily_harm,Destroying,7
Choosing,Process_end,7
Getting,Removing,7
Getting,Death,7
Catastrophe,Communication,7
Catastrophe,Testing,7
Hostile_encounter,Criminal_investigation,7
Quarreling,Hostile_encounter,7
Sending,Preventing_or_letting,7
Arrest,Releasing,7
Getting,Cause_change_of_position_on_a_scale,7
Getting,Motion,7
Earnings_and_losses,Presence,7
Conquering,Achieve,7
Violence,Influence,7
Killing,Supporting,7
Change_of_leadership,Receiving,7
Sending,Cause_change_of_strength,7
Supply,Getting,7
Defending,Giving,7
Self_motion,Bringing,7
Deciding,Escaping,7
Protest,Bodily_harm,7
Deciding,Hostile_encounter,7
Killing,Expressing_publicly,7
Arrest,Sending,7
Manufacturing,Killing,7
Assistance,Arriving,7
Coming_to_be,Body_movement,7
Killing,Releasing,7
Committing_crime,Motion,7
Coming_to_be,Communication,7
Coming_to_be,Openness,7
Come_together,Motion,7
Arriving,Arrest,7
Killing,Name_conferral,7
Killing,Assistance,7
Escaping,Motion_directional,7
Publishing,Judgment_communication,7
Process_end,Conquering,7
Violence,Warning,7
Sign_agreement,Request,7
Social_event,Openness,7
Publishing,Process_start,7
Publishing,Check,7
Death,Perception_active,7
Arriving,Recovering,7
Change,Preventing_or_letting,7
Presence,Process_start,7
Cause_change_of_position_on_a_scale,Departing,7
Self_motion,Cause_change_of_strength,7
Hold,Catastrophe,7
Preventing_or_letting,Motion_directional,7
Catastrophe,Legal_rulings,7
Military_operation,Motion,7
Process_start,Request,7
Cause_to_make_progress,Change,7
Process_start,Dispersal,7
Change_of_leadership,Removing,7
Arriving,Becoming,7
Military_operation,Reforming_a_system,7
Competition,Supply,7
Attack,Name_conferral,7
Change_of_leadership,Manufacturing,7
Motion,Carry_goods,7
Catastrophe,Protest,7
Arranging,Publishing,7
Traveling,Conquering,7
Manufacturing,Conquering,7
Competition,Supporting,7
Assistance,Releasing,6
Publishing,Motion,6
Request,Bodily_harm,6
Manufacturing,Cause_change_of_position_on_a_scale,6
Cause_change_of_position_on_a_scale,Judgment_communication,6
Arrest,Death,6
Process_start,Change_event_time,6
Creating,Influence,6
Conquering,Cause_change_of_position_on_a_scale,6
Statement,Presence,6
Change,Destroying,6
Deciding,Choosing,6
Competition,Arriving,6
Competition,Self_motion,6
Cause_change_of_position_on_a_scale,Dispersal,6
Action,Arrest,6
Know,Process_end,6
Earnings_and_losses,Motion_directional,6
Coming_to_be,Deciding,6
Agree_or_refuse_to_act,Agree_or_refuse_to_act,6
Hostile_encounter,Warning,6
Arranging,Hindering,6
Removing,Process_start,6
Damaging,Bodily_harm,6
Sending,Motion,6
Motion_directional,Military_operation,6
Agree_or_refuse_to_act,Becoming,6
Change,Becoming,6
Removing,Statement,6
Recovering,Process_start,6
Change,Cause_to_make_progress,6
Control,Building,6
Arriving,Building,6
Sign_agreement,Control,6
Arriving,Placing,6
Control,Placing,6
Control,Process_start,6
Arriving,Arranging,6
Preventing_or_letting,Preventing_or_letting,6
Testing,Death,6
Choosing,Giving,6
Hold,Death,6
Kidnapping,Use_firearm,6
Change,Attack,6
Competition,Connect,6
Change,Getting,6
Expressing_publicly,Expressing_publicly,6
Self_motion,Hindering,6
Creating,Preventing_or_letting,6
Giving,Destroying,6
Action,Know,6
Arriving,Change_of_leadership,6
Use_firearm,Bringing,6
Military_operation,Judgment_communication,6
Attack,Revenge,6
GetReady,Attack,6
Committing_crime,Destroying,6
Legal_rulings,Prison,6
Committing_crime,Conquering,6
Presence,Agree_or_refuse_to_act,6
Creating,Catastrophe,6
Departing,Bodily_harm,6
Arriving,Openness,6
Request,Motion,6
Supporting,Attack,6
Destroying,Assistance,6
Earnings_and_losses,Rescuing,6
Agree_or_refuse_to_act,Destroying,6
Agree_or_refuse_to_act,Request,6
Presence,Escaping,6
Escaping,Defending,6
Statement,Arrest,6
Bodily_harm,Cause_change_of_position_on_a_scale,6
Self_motion,Change,6
Self_motion,Statement,6
Expressing_publicly,Becoming,6
Preventing_or_letting,Coming_to_be,6
Hold,Reporting,6
Sending,Process_end,6
Process_end,Cause_change_of_position_on_a_scale,6
Military_operation,Building,6
Cause_change_of_position_on_a_scale,Earnings_and_losses,6
Judgment_communication,Criminal_investigation,6
Conquering,Expansion,6
Expressing_publicly,Attack,6
Control,Motion_directional,6
Defending,Getting,6
Defending,Arriving,6
Communication,Releasing,6
Change_of_leadership,Convincing,6
Influence,Arranging,6
Dispersal,Cause_change_of_strength,6
Bodily_harm,Arrest,6
Bodily_harm,Cure,6
Process_end,Escaping,6
Self_motion,Deciding,6
Arriving,Judgment_communication,6
Placing,Destroying,6
Motion,GiveUp,6
Defending,Judgment_communication,6
Death,Death,6
Cause_change_of_strength,Removing,6
Judgment_communication,Attack,6
Killing,Legality,6
Presence,Communication,6
Assistance,Escaping,6
Destroying,Control,6
Giving,Motion,6
Arrest,Departing,6
Social_event,Preserving,6
Deciding,Conquering,6
Defending,Becoming,6
Use_firearm,Openness,6
Use_firearm,Control,6
Use_firearm,Lighting,6
Process_end,Arriving,6
Conquering,Judgment_communication,6
Arranging,Cause_to_make_progress,6
Conquering,Action,6
Conquering,Expressing_publicly,6
Change_of_leadership,Expressing_publicly,6
Hostile_encounter,Arranging,6
Arranging,Choosing,6
Hostile_encounter,Change_sentiment,6
Statement,Preventing_or_letting,6
Agree_or_refuse_to_act,Hostile_encounter,6
Choosing,Attack,6
Social_event,Know,6
Terrorism,Scrutiny,6
Confronting_problem,Escaping,6
Creating,Conquering,6
Process_start,Assistance,6
Change_of_leadership,Response,6
Self_motion,Presence,6
Catastrophe,Arrest,6
Damaging,Request,6
Bodily_harm,Bodily_harm,6
Know,Removing,6
Use_firearm,Name_conferral,6
Attack,Cause_to_make_progress,6
Choosing,Coming_to_be,6
Departing,Statement,6
Traveling,Sending,6
Legal_rulings,Death,6
Request,Use_firearm,6
Catastrophe,Institutionalization,6
Coming_to_be,Expend_resource,6
Arrest,Know,6
Change,Creating,6
Cause_change_of_position_on_a_scale,Control,6
Control,Creating,6
Death,Assistance,6
Testing,Attack,6
Hold,Escaping,6
Action,Presence,6
Action,Motion_directional,6
Self_motion,Giving,6
Becoming_a_member,Conquering,6
Arranging,Recovering,6
Getting,Statement,6
Judgment_communication,Expressing_publicly,6
Besieging,Arriving,6
Placing,Judgment_communication,6
Hostile_encounter,Hiding_objects,6
Judgment_communication,Placing,6
Hold,Receiving,6
Catastrophe,Agree_or_refuse_to_act,6
Process_start,Reporting,6
Judgment_communication,Bodily_harm,6
Creating,Death,6
Presence,Coming_to_believe,6
Damaging,Attack,6
Arranging,Expansion,6
Agree_or_refuse_to_act,Removing,6
Presence,Motion_directional,6
Social_event,Collaboration,6
Destroying,Statement,6
Social_event,Commerce_pay,6
Body_movement,Bodily_harm,6
Presence,Earnings_and_losses,6
Catastrophe,Prison,6
Use_firearm,Arriving,6
Arriving,Robbery,6
Process_start,Change_of_leadership,6
Testing,Preventing_or_letting,6
Self_motion,Assistance,6
Defending,Cause_change_of_position_on_a_scale,6
Attack,Having_or_lacking_access,6
Action,Catastrophe,6
Motion,Use_firearm,6
Catastrophe,Body_movement,6
Motion,Dispersal,6
Control,Preventing_or_letting,6
Attack,Filling,6
Know,Agree_or_refuse_to_act,6
Social_event,Response,6
Use_firearm,Becoming,6
Getting,Response,6
Military_operation,Departing,6
Deciding,Process_end,6
Becoming,Bodily_harm,6
Bringing,Motion,6
Social_event,Cause_to_be_included,6
Departing,Attack,6
Damaging,Expressing_publicly,6
Assistance,Motion,6
Statement,Change_of_leadership,6
Killing,Dispersal,6
Process_start,Resolve_problem,6
Sending,Control,6
Arriving,Assistance,6
Motion_directional,Escaping,6
Killing,Process_start,6
Come_together,Arriving,6
Perception_active,Attack,6
Destroying,Cause_change_of_position_on_a_scale,6
Request,Getting,6
Terrorism,Committing_crime,6
Process_end,Defending,6
Defending,Removing,6
Traveling,Commerce_buy,6
Process_start,Confronting_problem,6
Committing_crime,Confronting_problem,6
Death,Quarreling,6
Hostile_encounter,Legal_rulings,6
Military_operation,Quarreling,6
Cause_change_of_position_on_a_scale,Recording,6
Escaping,Cause_to_amalgamate,6
Death,Conquering,6
Military_operation,Supply,6
Motion,Recovering,6
Defending,Supply,6
Getting,Recording,6
Preventing_or_letting,Departing,6
Attack,Coming_to_believe,6
Use_firearm,Perception_active,6
Destroying,Giving,6
Manufacturing,Destroying,6
Testing,Use_firearm,6
Hostile_encounter,Labeling,6
Process_start,Departing,6
Hostile_encounter,Sending,6
Social_event,Conquering,6
Cause_change_of_position_on_a_scale,Arrest,6
Death,Deciding,6
Arriving,Coming_to_be,6
Coming_to_be,Connect,6
Coming_to_be,Agree_or_refuse_to_act,6
Judgment_communication,Hostile_encounter,6
Process_start,Arranging,6
Cause_change_of_position_on_a_scale,Know,6
Cause_change_of_strength,Attack,6
Violence,Destroying,6
Destroying,Hostile_encounter,6
Military_operation,Creating,6
Assistance,Attack,6
Statement,Agree_or_refuse_to_act,6
Motion_directional,Influence,6
Supply,Competition,6
Change,Hold,6
Control,Cause_to_make_progress,6
Response,Bodily_harm,6
Arriving,Deciding,6
Perception_active,Bodily_harm,6
Presence,Cause_change_of_position_on_a_scale,6
Catastrophe,Preserving,6
Competition,Choosing,6
Arriving,Dispersal,6
Come_together,Process_end,6
Attack,Cause_to_amalgamate,6
Expressing_publicly,Traveling,6
Motion,Deciding,6
Cause_to_make_progress,Killing,6
Presence,Removing,6
Social_event,Damaging,6
Killing,Traveling,6
Emptying,Catastrophe,6
Damaging,Protest,6
Openness,Process_end,6
Social_event,Cause_to_amalgamate,6
Traveling,Arriving,6
Catastrophe,Quarreling,6
Criminal_investigation,Convincing,5
Request,Earnings_and_losses,5
Death,Recording,5
Destroying,Perception_active,5
Arrest,Motion,5
Request,Recovering,5
Request,Change,5
Motion_directional,Creating,5
Conquering,Departing,5
Use_firearm,Institutionalization,5
Use_firearm,Cure,5
Use_firearm,Giving,5
Arrest,Arrest,5
Arrest,Criminal_investigation,5
Receiving,Arriving,5
Process_end,Destroying,5
Social_event,Change_event_time,5
Creating,Name_conferral,5
Arranging,Come_together,5
Competition,Response,5
Earnings_and_losses,Placing,5
Competition,Award,5
Receiving,Attack,5
Earnings_and_losses,Death,5
Creating,Perception_active,5
Sending,Destroying,5
Arranging,Perception_active,5
Preventing_or_letting,Control,5
Action,Process_start,5
Surrounding,Escaping,5
Hostile_encounter,Surrounding,5
Hold,Expansion,5
Social_event,Building,5
Escaping,Placing,5
Agree_or_refuse_to_act,Departing,5
Ingestion,Death,5
Know,Statement,5
Warning,Process_start,5
Convincing,Process_start,5
Getting,Placing,5
Motion,Arranging,5
Change,Choosing,5
Know,Check,5
Removing,Know,5
Removing,Motion,5
Deciding,Expressing_publicly,5
Hindering,Conquering,5
Building,Process_end,5
Recovering,Becoming,5
Attack,Expend_resource,5
Influence,Getting,5
Motion_directional,Request,5
Expansion,Attack,5
Hostile_encounter,Commerce_pay,5
Getting,Hostile_encounter,5
Traveling,Name_conferral,5
Cause_change_of_position_on_a_scale,Hostile_encounter,5
Escaping,Giving,5
Deciding,Destroying,5
Action,Cause_change_of_position_on_a_scale,5
Placing,Killing,5
Sending,Placing,5
Getting,Destroying,5
Arranging,Departing,5
Connect,Destroying,5
Kidnapping,Request,5
Presence,Prison,5
Presence,Giving,5
Kidnapping,Reporting,5
Committing_crime,Reveal_secret,5
Agree_or_refuse_to_act,Legal_rulings,5
Agree_or_refuse_to_act,Killing,5
Agree_or_refuse_to_act,Know,5
Conquering,Know,5
Departing,Defending,5
Departing,Request,5
Arriving,Come_together,5
Process_end,Rescuing,5
Control,Agree_or_refuse_to_act,5
Presence,Legal_rulings,5
Escaping,Agree_or_refuse_to_act,5
Escaping,Request,5
Control,Defending,5
Defending,Killing,5
Conquering,Becoming_a_member,5
Statement,Judgment_communication,5
Bodily_harm,Change,5
Criminal_investigation,Reporting,5
Conquering,Communication,5
Conquering,Besieging,5
Process_start,Recovering,5
Escaping,Cause_change_of_strength,5
Cause_change_of_position_on_a_scale,Self_motion,5
Manufacturing,Death,5
Openness,Killing,5
Killing,Robbery,5
Attack,Perception_active,5
Supply,Supporting,5
Request,Criminal_investigation,5
Defending,Communication,5
Know,Change,5
Patrolling,Know,5
Preventing_or_letting,Killing,5
Bodily_harm,Conquering,5
Dispersal,Arriving,5
Damaging,Bringing,5
Cause_change_of_strength,Escaping,5
Cause_to_amalgamate,Conquering,5
Death,Come_together,5
Sending,Recovering,5
Creating,Building,5
Committing_crime,Legality,5
Motion,Surrendering,5
Bodily_harm,Sending,5
Bodily_harm,Statement,5
Bringing,Destroying,5
Motion,Communication,5
Escaping,Change,5
Know,Arrest,5
Hostile_encounter,Cause_to_be_included,5
Creating,Action,5
Preventing_or_letting,Scrutiny,5
Becoming,Getting,5
Use_firearm,Process_end,5
Cause_change_of_strength,Death,5
Coming_to_be,Change_event_time,5
Getting,Preventing_or_letting,5
Killing,Communication,5
Presence,Getting,5
Self_motion,Supply,5
Escaping,Departing,5
Giving,Killing,5
Request,Placing,5
Sign_agreement,Action,5
Giving,Assistance,5
Conquering,Building,5
Testing,Know,5
Use_firearm,Escaping,5
Choosing,Reporting,5
Escaping,Bodily_harm,5
Killing,Revenge,5
Change,Recovering,5
Preventing_or_letting,Earnings_and_losses,5
Attack,Openness,5
Arranging,Removing,5
Control,Cause_change_of_position_on_a_scale,5
Self_motion,Choosing,5
Bodily_harm,Getting,5
Come_together,Defending,5
Expressing_publicly,Removing,5
Self_motion,Preventing_or_letting,5
Destroying,Reporting,5
Preventing_or_letting,Judgment_communication,5
Action,Arriving,5
Action,Hold,5
Cause_change_of_position_on_a_scale,Bodily_harm,5
Attack,Exchange,5
Becoming,Conquering,5
Conquering,Response,5
Process_start,Temporary_stay,5
Process_start,Cause_to_be_included,5
Change_of_leadership,Cause_to_be_included,5
Protest,Expressing_publicly,5
Hostile_encounter,Scrutiny,5
Come_together,Escaping,5
Choosing,Dispersal,5
Process_start,Create_artwork,5
Supply,Statement,5
Action,Military_operation,5
Catastrophe,Reveal_secret,5
Convincing,Escaping,5
Hostile_encounter,Becoming_a_member,5
Supporting,Self_motion,5
Expressing_publicly,Assistance,5
Hostile_encounter,Expend_resource,5
Military_operation,Hold,5
Military_operation,Defending,5
Death,Response,5
Death,Creating,5
Arranging,Creating,5
Killing,Catastrophe,5
Agree_or_refuse_to_act,Process_start,5
Arranging,Reforming_a_system,5
Reforming_a_system,Change,5
Reforming_a_system,Statement,5
Cause_change_of_position_on_a_scale,Hold,5
Being_in_operation,Expressing_publicly,5
Conquering,Process_start,5
Violence,Robbery,5
Placing,Getting,5
Statement,Action,5
Change_of_leadership,Motion,5
Preventing_or_letting,Destroying,5
Motion_directional,Hostile_encounter,5
Come_together,Preventing_or_letting,5
Cause_change_of_strength,Defending,5
Self_motion,Placing,5
Social_event,Communication,5
Getting,Bodily_harm,5
Judgment_communication,Hindering,5
Judgment_communication,Dispersal,5
Choosing,Removing,5
Hostile_encounter,Social_event,5
Coming_to_be,Quarreling,5
Change,Killing,5
Reporting,Judgment_communication,5
Killing,Check,5
Process_start,Manufacturing,5
Coming_to_be,Emptying,5
Conquering,Change_event_time,5
Change_of_leadership,Judgment_communication,5
Conquering,Cause_to_amalgamate,5
Sign_agreement,Creating,5
Hold,Removing,5
Motion,Openness,5
Catastrophe,Lighting,5
Hostile_encounter,Use_firearm,5
Change_of_leadership,Prison,5
Hostile_encounter,Protest,5
Conquering,Robbery,5
Damaging,Assistance,5
Death,Cause_change_of_position_on_a_scale,5
Arranging,Judgment_communication,5
Judgment_communication,Change_of_leadership,5
Killing,Response,5
Defending,Legal_rulings,5
Violence,GiveUp,5
Social_event,Dispersal,5
Bodily_harm,Process_end,5
Cause_to_amalgamate,Process_end,5
Arriving,Hindering,5
Traveling,Escaping,5
Arranging,Deciding,5
Choosing,Arriving,5
Arranging,Use_firearm,5
Hold,Request,5
Hold,Response,5
Social_event,Quarreling,5
Attack,Patrolling,5
Action,Earnings_and_losses,5
Creating,Choosing,5
Choosing,Escaping,5
Arriving,Request,5
Choosing,Choosing,5
Placing,Cause_change_of_position_on_a_scale,5
Damaging,Preventing_or_letting,5
Damaging,Statement,5
Assistance,Process_end,5
Statement,Conquering,5
Change_of_leadership,Dispersal,5
Filling,Catastrophe,5
Choosing,Earnings_and_losses,5
Know,Use_firearm,5
Know,Surrendering,5
Escaping,Process_start,5
Coming_to_be,Action,5
Escaping,Preventing_or_letting,5
Death,Request,5
Control,Getting,5
Arranging,Motion_directional,5
Besieging,Confronting_problem,5
Rite,Killing,5
Departing,Process_end,5
Departing,Escaping,5
Know,Giving,5
Forming_relationships,Motion,5
Process_start,Publishing,5
Getting,Giving,5
Process_end,Getting,5
Coming_to_be,Criminal_investigation,5
Arriving,Motion_directional,5
Come_together,Competition,5
Violence,Change_sentiment,5
Social_event,Violence,5
Placing,Receiving,5
Scrutiny,Process_end,5
Communication,Giving,5
Cause_to_amalgamate,Becoming,5
Request,Process_start,5
Cause_change_of_position_on_a_scale,Motion_directional,5
Becoming,Change,5
Bringing,Damaging,5
Sending,Surrendering,5
Change,Judgment_communication,5
Use_firearm,Placing,5
Bodily_harm,Placing,5
Change_of_leadership,Getting,5
Coming_to_be,Request,5
Supply,Receiving,5
Perception_active,Motion,5
Traveling,Coming_to_be,5
Influence,Cause_change_of_strength,5
Surrendering,Arriving,5
Placing,Statement,5
Defending,Surrendering,5
Destroying,Removing,5
Conquering,Sending,5
Publishing,Process_end,5
Action,Name_conferral,5
Escaping,Achieve,5
Defending,Process_start,5
Connect,Self_motion,5
Statement,Influence,5
Commerce_sell,Traveling,5
Placing,Reporting,5
Arriving,Reporting,5
Coming_to_be,Rewards_and_punishments,5
Terrorism,Earnings_and_losses,5
Terrorism,Social_event,5
Terrorism,Coming_to_be,5
Conquering,Exchange,5
Creating,Hostile_encounter,5
Control,Cause_change_of_strength,5
Hostile_encounter,Award,5
Getting,Criminal_investigation,5
Traveling,Criminal_investigation,5
Motion_directional,Criminal_investigation,5
Death,Education_teaching,5
Social_event,GiveUp,5
Placing,Hostile_encounter,5
Expressing_publicly,Preventing_or_letting,5
Catastrophe,Arranging,5
Removing,Preventing_or_letting,5
Sign_agreement,Getting,5
Supporting,Hostile_encounter,5
Change,Influence,5
Change,Removing,5
Supply,Bodily_harm,5
Supporting,Social_event,5
Damaging,Removing,5
Hostile_encounter,Research,5
Request,Reporting,5
Cause_to_make_progress,Cause_change_of_position_on_a_scale,5
Self_motion,Connect,5
Action,Cause_change_of_strength,5
Commerce_sell,Military_operation,5
Conquering,Cause_change_of_strength,5
Sending,Self_motion,5
Killing,Earnings_and_losses,5
Emptying,Destroying,5
Expressing_publicly,Motion,5
Social_event,Being_in_operation,5
Change_of_leadership,Cause_change_of_position_on_a_scale,5
Come_together,Getting,5
Creating,Supply,5
Social_event,Hostile_encounter,5
Choosing,Killing,5
Reforming_a_system,Attack,5
Know,Judgment_communication,5
Perception_active,Judgment_communication,5
Supply,Catastrophe,5
Cause_to_make_progress,Getting,5
Response,Know,5
Response,Expressing_publicly,5
Publishing,Publishing,5
Arriving,Warning,5
Hold,Publishing,5
Damaging,Building,5
Damaging,Emptying,5
Damaging,Being_in_operation,5
Cause_change_of_strength,Check,5
Commerce_sell,Expressing_publicly,5
Hostile_encounter,Come_together,5
Traveling,Cause_to_make_progress,5
Departing,Supply,5
Cause_to_make_progress,Dispersal,4
Communication,Judgment_communication,4
Supporting,Destroying,4
Control,Hindering,4
Earnings_and_losses,Change_of_leadership,4
Placing,Hindering,4
Agree_or_refuse_to_act,Hindering,4
Hindering,Placing,4
Criminal_investigation,Rewards_and_punishments,4
Destroying,Hindering,4
Death,Arriving,4
Expansion,Creating,4
Creating,Hindering,4
Commerce_sell,Earnings_and_losses,4
Come_together,Expressing_publicly,4
Arranging,Protest,4
Body_movement,Motion,4
Recovering,Earnings_and_losses,4
Process_start,Body_movement,4
Competition,Judgment_communication,4
Hold,Sending,4
Cause_change_of_position_on_a_scale,Death,4
Cause_change_of_position_on_a_scale,Conquering,4
Preventing_or_letting,Military_operation,4
Influence,Request,4
Request,Arrest,4
Action,Removing,4
Influence,Earnings_and_losses,4
Coming_to_be,Change_of_leadership,4
Legal_rulings,Arrest,4
Rescuing,Award,4
Cause_to_amalgamate,Getting,4
Cause_to_amalgamate,Preventing_or_letting,4
Scrutiny,Bodily_harm,4
Cause_change_of_strength,Process_end,4
Creating,Bodily_harm,4
Agree_or_refuse_to_act,Self_motion,4
Convincing,Creating,4
Cause_change_of_position_on_a_scale,Defending,4
Expressing_publicly,Cause_change_of_position_on_a_scale,4
Choosing,Hostile_encounter,4
Conquering,Hindering,4
Process_end,Cause_to_make_progress,4
Committing_crime,Preventing_or_letting,4
Becoming,Action,4
Killing,Rescuing,4
Arranging,Action,4
Judgment_communication,Assistance,4
Arranging,Rescuing,4
Becoming,Killing,4
Arranging,Know,4
Sign_agreement,Exchange,4
Control,Social_event,4
Arriving,Social_event,4
Departing,Expressing_publicly,4
Testing,Assistance,4
Being_in_operation,Destroying,4
Action,Hostile_encounter,4
Kidnapping,Action,4
Destroying,Judgment_communication,4
Coming_to_be,Testing,4
Attack,Body_movement,4
Use_firearm,Defending,4
Bringing,Resolve_problem,4
Bringing,Cause_change_of_position_on_a_scale,4
Motion_directional,Assistance,4
Coming_to_believe,Attack,4
Cause_change_of_position_on_a_scale,Arranging,4
Self_motion,Check,4
Bodily_harm,Change_event_time,4
Deciding,Change_event_time,4
Change_event_time,Recovering,4
Supporting,Coming_to_be,4
Judgment_communication,Reporting,4
Building,Know,4
Preventing_or_letting,Placing,4
Know,Prison,4
Motion,Confronting_problem,4
Assistance,Recovering,4
Giving,Arriving,4
Being_in_operation,Action,4
Defending,Coming_to_be,4
Process_start,Check,4
Scrutiny,Killing,4
Action,Cause_to_make_progress,4
Change,Conquering,4
Sending,Bringing,4
Sending,Use_firearm,4
Removing,Motion_directional,4
Earnings_and_losses,Arriving,4
Military_operation,Catastrophe,4
Convincing,Agree_or_refuse_to_act,4
Kidnapping,Motion,4
Legality,Prison,4
Legality,Legal_rulings,4
Kidnapping,Giving,4
Committing_crime,Convincing,4
Committing_crime,Scrutiny,4
Attack,Convincing,4
Know,Becoming,4
Hindering,Preventing_or_letting,4
Agree_or_refuse_to_act,Rescuing,4
Change_tool,Rescuing,4
Hold,Attack,4
Hold,Assistance,4
Removing,Becoming,4
Change_of_leadership,Bringing,4
Change_of_leadership,Presence,4
Agree_or_refuse_to_act,Control,4
Control,Bringing,4
Creating,Control,4
Self_motion,Preserving,4
Influence,Self_motion,4
Influence,Bodily_harm,4
Hold,Hostile_encounter,4
Assistance,Use_firearm,4
Attack,Telling,4
Coming_to_be,Military_operation,4
Earnings_and_losses,Self_motion,4
GetReady,Process_end,4
Response,Change_of_leadership,4
Arrest,Process_start,4
Process_start,Cause_to_amalgamate,4
Process_start,Education_teaching,4
Openness,Becoming,4
Use_firearm,Surrendering,4
Expressing_publicly,Destroying,4
Patrolling,Use_firearm,4
Process_start,Supply,4
Testing,Hold,4
Sign_agreement,Escaping,4
Dispersal,Influence,4
Defending,Rescuing,4
Arranging,Change_of_leadership,4
Giving,Self_motion,4
Defending,Cause_change_of_strength,4
Response,Control,4
Control,Motion,4
Dispersal,Damaging,4
Dispersal,Motion,4
Sending,Come_together,4
Know,Process_start,4
Sending,Communication,4
Request,Building,4
Create_artwork,Publishing,4
Self_motion,Warning,4
Death,Sending,4
Destroying,Confronting_problem,4
Sign_agreement,Agree_or_refuse_to_act,4
Openness,Destroying,4
Bringing,Placing,4
Testing,Influence,4
Testing,Change,4
Placing,Removing,4
Openness,Self_motion,4
Manufacturing,Preventing_or_letting,4
Giving,Preventing_or_letting,4
Communication,Statement,4
Defending,Statement,4
Cause_change_of_strength,Influence,4
Killing,Protest,4
Bodily_harm,Committing_crime,4
Coming_to_be,Reveal_secret,4
Recovering,Motion,4
Escaping,Sign_agreement,4
Escaping,Arrest,4
Becoming,Process_end,4
Getting,Creating,4
Earnings_and_losses,Hostile_encounter,4
Departing,Coming_to_believe,4
Recovering,Conquering,4
Destroying,Bringing,4
Destroying,Change_of_leadership,4
Destroying,Expressing_publicly,4
Motion,Bringing,4
Attack,Suspicion,4
Getting,Process_start,4
Control,Action,4
Self_motion,Agree_or_refuse_to_act,4
Destroying,Creating,4
Supply,Attack,4
Defending,Assistance,4
Social_event,Commerce_buy,4
Conquering,Confronting_problem,4
Communication,Defending,4
Request,Commerce_pay,4
Hold,Building,4
Hold,Arranging,4
Self_motion,GetReady,4
Cause_change_of_strength,Killing,4
Conquering,Damaging,4
Change_of_leadership,Process_start,4
Choosing,Self_motion,4
Choosing,Motion,4
Destroying,Surrendering,4
Hostile_encounter,Having_or_lacking_access,4
Hostile_encounter,Coming_to_believe,4
Come_together,Destroying,4
Expressing_publicly,Sending,4
Know,Sending,4
Giving,Action,4
Choosing,Come_together,4
Agree_or_refuse_to_act,Releasing,4
Legal_rulings,Removing,4
Sign_agreement,Commerce_pay,4
Choosing,Know,4
Criminal_investigation,Deciding,4
Request,Hold,4
Request,Hostile_encounter,4
Social_event,Confronting_problem,4
Recording,Expressing_publicly,4
Arriving,Competition,4
Cause_change_of_position_on_a_scale,Expressing_publicly,4
Bringing,Conquering,4
Come_together,Death,4
Cause_change_of_strength,Name_conferral,4
Placing,Defending,4
Request,Destroying,4
Patrolling,Self_motion,4
Control,Robbery,4
Use_firearm,Self_motion,4
Besieging,Attack,4
Creating,Change_event_time,4
Damaging,Escaping,4
Damaging,Departing,4
Control,Response,4
Legal_rulings,Assistance,4
Death,Commerce_sell,4
Agree_or_refuse_to_act,Arrest,4
Assistance,Getting,4
Reforming_a_system,Ratification,4
Reforming_a_system,Coming_to_be,4
Action,Testing,4
Testing,Escaping,4
Request,Scrutiny,4
Attack,Terrorism,4
Becoming,Destroying,4
Know,Getting,4
Judgment_communication,Process_start,4
Change_of_leadership,Influence,4
Committing_crime,Bodily_harm,4
Rescuing,Know,4
Control,Recovering,4
Violence,Dispersal,4
Hold,Coming_to_believe,4
Legality,Killing,4
Request,Cause_to_make_progress,4
Communication,Motion,4
Destroying,Communication,4
Escaping,Death,4
Rewards_and_punishments,Change_event_time,4
Military_operation,Warning,4
Social_event,Choosing,4
Besieging,Removing,4
Choosing,Placing,4
Getting,Dispersal,4
Judgment_communication,Process_end,4
Choosing,Protest,4
Getting,Judgment_communication,4
Choosing,Check,4
Recovering,Arriving,4
Arriving,GetReady,4
Response,Recovering,4
Placing,Conquering,4
Request,Supporting,4
Building,Control,4
Arrest,Cause_to_be_included,4
Violence,Connect,4
Violence,Justifying,4
Violence,Commitment,4
Violence,Quarreling,4
Violence,Cause_to_be_included,4
Violence,Removing,4
Change,Check,4
Change,Criminal_investigation,4
Change,Statement,4
Surrounding,Conquering,4
Presence,Hostile_encounter,4
Earnings_and_losses,Hindering,4
Giving,Expressing_publicly,4
Earnings_and_losses,Expressing_publicly,4
Response,Creating,4
Process_start,Releasing,4
Traveling,Releasing,4
Process_start,Communication,4
Social_event,Cause_change_of_strength,4
Cause_change_of_position_on_a_scale,Preventing_or_letting,4
Cause_change_of_position_on_a_scale,Bringing,4
Damaging,Catastrophe,4
Publishing,Statement,4
Violence,Traveling,4
Besieging,Preventing_or_letting,4
Body_movement,Rescuing,4
Presence,Rescuing,4
Use_firearm,Hostile_encounter,4
Statement,Removing,4
Committing_crime,Self_motion,4
Arriving,Perception_active,4
Employment,Statement,4
Rewards_and_punishments,Releasing,4
Sending,Emptying,4
Action,Choosing,4
Damaging,Earnings_and_losses,4
Military_operation,Cause_to_be_included,4
Damaging,Process_end,4
Destroying,Request,4
Bodily_harm,Removing,4
Openness,Motion,4
Defending,Come_together,4
Defending,Preserving,4
Placing,Request,4
Action,Legal_rulings,4
Response,Attack,4
Giving,Commerce_sell,4
Getting,Expansion,4
Motion,Scrutiny,4
Presence,Becoming,4
Presence,Preserving,4
Presence,Arriving,4
Presence,Change,4
Traveling,Reporting,4
Traveling,Use_firearm,4
Agree_or_refuse_to_act,Cause_change_of_position_on_a_scale,4
Arrest,Legality,4
Hindering,Process_end,4
Coming_to_be,Confronting_problem,4
Attack,Create_artwork,4
Sending,Know,4
Sending,Removing,4
Hostile_encounter,Manufacturing,4
Sending,Agree_or_refuse_to_act,4
Killing,Motion_directional,4
Communication,Destroying,4
Creating,Arranging,4
Bodily_harm,Prison,4
Killing,Writing,4
Attack,GetReady,4
Conquering,Legal_rulings,4
Sign_agreement,Choosing,4
Placing,Placing,4
Attack,Robbery,4
Military_operation,Hindering,4
Legal_rulings,Judgment_communication,4
Arranging,Damaging,4
Come_together,Statement,4
Filling,Death,4
Filling,Motion_directional,4
Being_in_operation,Statement,4
Attack,Legality,4
Coming_to_be,Traveling,4
Surrendering,Conquering,4
Supply,Conquering,4
Surrendering,Bringing,4
Hostile_encounter,Supply,4
Process_end,Surrendering,4
Receiving,Process_end,4
Know,Killing,4
Process_end,Hold,4
Building,Escaping,4
Sending,Testing,4
Becoming,Creating,4
Cause_to_make_progress,Name_conferral,4
Hold,Preserving,4
Death,Destroying,4
Request,Statement,4
Conquering,Name_conferral,4
Come_together,Motion_directional,4
Motion_directional,Connect,4
Receiving,Escaping,4
Motion_directional,Departing,4
Escaping,Temporary_stay,4
Self_motion,Creating,4
Conquering,Assistance,4
Motion_directional,Getting,4
Destroying,Placing,4
Building,Attack,4
Competition,Motion_directional,4
Competition,Check,4
Defending,Response,4
GetReady,Defending,4
Removing,Response,4
Giving,Defending,4
Motion_directional,Earnings_and_losses,4
Request,Cause_to_be_included,4
Change,Name_conferral,4
Preventing_or_letting,Becoming,4
Social_event,Arrest,4
Cause_to_amalgamate,Expansion,4
Warning,Arranging,4
Attack,Commerce_pay,4
Presence,Achieve,4
Attack,Come_together,4
Departing,Reporting,4
Recording,Recording,4
Coming_to_be,Supporting,4
Coming_to_be,GiveUp,4
Cause_to_amalgamate,Cause_change_of_strength,4
Cause_to_amalgamate,Self_motion,4
Know,Coming_to_believe,4
Legal_rulings,Statement,4
Committing_crime,Coming_to_believe,4
Becoming,Sending,4
Defending,Name_conferral,4
Choosing,Request,4
Assistance,Control,4
Process_end,Creating,4
Telling,Judgment_communication,4
Process_start,Rescuing,4
Motion,Supporting,4
Damaging,Hindering,4
Change,Self_motion,4
Warning,Motion,4
Placing,Surrendering,4
Warning,Self_motion,4
Use_firearm,Traveling,4
Recovering,Creating,4
Communication,Hindering,4
Expressing_publicly,Change_of_leadership,4
Competition,Reporting,4
Earnings_and_losses,Cause_change_of_position_on_a_scale,4
Building,Destroying,4
Process_start,Use_firearm,4
Destroying,Sending,4
Traveling,Change_of_leadership,4
Motion,Filling,4
Building,Conquering,4
Use_firearm,Agree_or_refuse_to_act,4
Change,Motion,4
Death,GiveUp,4
Use_firearm,Testing,4
Competition,Wearing,4
Death,Coming_to_be,4
Violence,Military_operation,4
Defending,Creating,4
Self_motion,Becoming_a_member,4
Action,Sending,4
Cause_change_of_strength,Conquering,4
Arriving,Filling,4
Process_start,Besieging,4
Connect,Damaging,4
Hostile_encounter,Releasing,4
Violence,Communication,4
Use_firearm,Violence,4
Receiving,Use_firearm,4
Criminal_investigation,Confronting_problem,4
Damaging,Arriving,4
Sending,Response,4
Presence,Deciding,4
Presence,Resolve_problem,4
Presence,Commerce_sell,4
Supply,Giving,4
Terrorism,Motion,4
Motion,Agree_or_refuse_to_act,4
Scrutiny,Statement,4
Sign_agreement,Arriving,4
Military_operation,Commerce_pay,4
Sign_agreement,Check,4
Sign_agreement,Surrendering,4
Sign_agreement,Recovering,4
Military_operation,Check,4
Getting,Surrendering,4
Change_event_time,Escaping,4
Military_operation,Exchange,4
Conquering,Check,4
Cause_to_make_progress,Arriving,4
Cause_to_make_progress,Creating,4
Education_teaching,Convincing,4
Killing,Convincing,4
Damaging,Surrendering,4
Arranging,Military_operation,4
Creating,Agree_or_refuse_to_act,4
Change,Presence,4
Change,Request,4
Removing,Creating,4
Cause_change_of_position_on_a_scale,Response,4
Supply,Response,4
Military_operation,Motion_directional,4
Bodily_harm,Recovering,4
Catastrophe,Commerce_pay,4
Conquering,Creating,4
Coming_to_be,Defending,4
Preventing_or_letting,Sending,4
Damaging,Coming_to_believe,4
Cause_to_make_progress,Hostile_encounter,4
Motion,Achieve,4
Removing,Killing,4
Sending,Defending,4
Connect,Preventing_or_letting,4
Defending,Hindering,4
Perception_active,Recovering,4
Killing,Reveal_secret,4
Killing,Hiding_objects,4
Competition,Manufacturing,4
Arriving,Expend_resource,4
Process_end,Presence,4
Traveling,Creating,4
Creating,Departing,4
Social_event,Departing,4
Motion,Cause_to_make_progress,4
Presence,Sending,4
Hindering,Bodily_harm,4
Terrorism,Placing,4
Terrorism,Expressing_publicly,4
Terrorism,Giving,4
Killing,Patrolling,4
Social_event,Come_together,4
Forming_relationships,Arriving,4
Education_teaching,Earnings_and_losses,4
Competition,Temporary_stay,4
Dispersal,Destroying,4
Sign_agreement,Change,4
Bodily_harm,Expressing_publicly,4
Research,Social_event,4
Use_firearm,Influence,4
Sending,Scrutiny,4
Publishing,Attack,4
Becoming,Dispersal,4
Creating,Placing,4
Expressing_publicly,Hold,4
Cause_to_make_progress,Cause_to_make_progress,4
Arriving,Bringing,4
Openness,Bodily_harm,4
Cause_to_amalgamate,Attack,4
Destroying,GiveUp,4
Killing,Hold,4
Research,Deciding,4
Statement,Convincing,4
Placing,Convincing,4
Process_start,Preserving,4
Presence,Publishing,4
Cause_to_make_progress,Influence,4
Protest,Resolve_problem,4
Protest,Agree_or_refuse_to_act,4
Protest,Achieve,4
Protest,Response,4
Damaging,Death,4
Creating,Protest,4
Expend_resource,Removing,4
Arranging,Presence,4
Traveling,Removing,4
Arriving,Expansion,4
Quarreling,Arriving,4
Quarreling,Departing,4
Confronting_problem,Death,4
Know,Creating,4
Becoming,Coming_to_be,4
Control,Earnings_and_losses,4
Manufacturing,Receiving,4
Hold,Achieve,4
Killing,Telling,4
Traveling,Influence,4
Escaping,Hold,4
Cause_to_make_progress,Achieve,3
Deciding,Self_motion,3
Arrest,Preventing_or_letting,3
Death,Check,3
Risk,Escaping,3
Risk,Attack,3
Motion,Defending,3
Deciding,Defending,3
Hindering,Death,3
Criminal_investigation,Removing,3
Criminal_investigation,Criminal_investigation,3
Sending,Supply,3
Removing,Supply,3
Reveal_secret,Statement,3
Process_end,Change_event_time,3
Motion_directional,Recording,3
Agree_or_refuse_to_act,Coming_to_be,3
Bodily_harm,Departing,3
Process_end,Expansion,3
Building,Creating,3
Catastrophe,Labeling,3
Deciding,Request,3
Process_end,Judgment_communication,3
Death,Motion,3
Dispersal,Cause_change_of_position_on_a_scale,3
Statement,Expressing_publicly,3
Arranging,Sending,3
Control,Supporting,3
Social_event,Control,3
Earnings_and_losses,Revenge,3
Process_start,Legal_rulings,3
Competition,Quarreling,3
Process_start,Quarreling,3
Motion,Quarreling,3
Quarreling,Legal_rulings,3
Competition,Control,3
Conquering,Releasing,3
Receiving,Motion,3
Hiding_objects,Hindering,3
Death,Cause_change_of_strength,3
Ratification,Process_end,3
Building,Competition,3
Coming_to_be,Award,3
Coming_to_be,Legal_rulings,3
Assistance,Removing,3
Bodily_harm,Rescuing,3
Building,Change,3
Bringing,Change_of_leadership,3
Forming_relationships,Manufacturing,3
Know,Response,3
Escaping,GiveUp,3
Bodily_harm,Change_of_leadership,3
Influence,Traveling,3
Cause_to_amalgamate,Damaging,3
Cause_to_amalgamate,Hostile_encounter,3
Becoming,Escaping,3
Agree_or_refuse_to_act,Hold,3
Bringing,Statement,3
Statement,Attack,3
Convincing,Sending,3
Preventing_or_letting,Hostile_encounter,3
Know,Escaping,3
Preventing_or_letting,Arranging,3
Self_motion,Action,3
Hold,Coming_to_be,3
Bringing,Supporting,3
Criminal_investigation,Reveal_secret,3
Criminal_investigation,Expressing_publicly,3
Know,Earnings_and_losses,3
Removing,Arranging,3
Removing,Defending,3
Know,Defending,3
Departing,Deciding,3
Cause_change_of_position_on_a_scale,Emptying,3
Response,Death,3
Preventing_or_letting,Cause_change_of_position_on_a_scale,3
Building,Preventing_or_letting,3
Creating,Emptying,3
Testing,Killing,3
Arriving,Communication,3
Arriving,Change_sentiment,3
Influence,Process_end,3
Bringing,Process_end,3
Arrest,Use_firearm,3
Deciding,Preventing_or_letting,3
Conquering,Commerce_pay,3
Change,Coming_to_believe,3
Check,Process_end,3
Coming_to_be,Scrutiny,3
Commitment,Legal_rulings,3
Becoming,Death,3
Change_event_time,Action,3
Change_event_time,Change_event_time,3
Deciding,Recovering,3
Judgment_communication,Agree_or_refuse_to_act,3
Military_operation,Military_operation,3
Agree_or_refuse_to_act,Commerce_pay,3
Getting,Sending,3
Presence,Action,3
Presence,Telling,3
Sign_agreement,Attack,3
Assistance,Self_motion,3
Resolve_problem,Self_motion,3
Recovering,Self_motion,3
Influence,Recording,3
Motion,Check,3
Sending,Legal_rulings,3
Becoming_a_member,Getting,3
Influence,Bringing,3
Becoming_a_member,Choosing,3
Request,Writing,3
Becoming_a_member,Destroying,3
Sending,Death,3
Sending,Change,3
Use_firearm,Change,3
Cause_to_amalgamate,Destroying,3
Statement,Giving,3
Connect,Reporting,3
Destroying,Motion_directional,3
Preventing_or_letting,Use_firearm,3
Communication,Getting,3
Conquering,Forming_relationships,3
Agree_or_refuse_to_act,Arriving,3
Kidnapping,Convincing,3
Convincing,Motion,3
Coming_to_believe,Legal_rulings,3
Kidnapping,Destroying,3
Kidnapping,Prison,3
Kidnapping,Reveal_secret,3
Killing,Hostile_encounter,3
Presence,Scrutiny,3
Kidnapping,Criminal_investigation,3
Kidnapping,Statement,3
Arrest,Giving,3
Kidnapping,Attack,3
Arrest,Request,3
Committing_crime,Giving,3
Presence,Convincing,3
Removing,Arrest,3
Motion,Connect,3
Hold,Placing,3
Hold,Award,3
Agree_or_refuse_to_act,Judgment_communication,3
Rescuing,Assistance,3
Becoming_a_member,Arriving,3
Change_of_leadership,Request,3
Presence,Control,3
Escaping,Bringing,3
Being_in_operation,Placing,3
Process_start,Ingestion,3
Choosing,Social_event,3
Choosing,Receiving,3
Getting,Becoming_a_member,3
Influence,Check,3
Process_end,Catastrophe,3
Response,Escaping,3
Coming_to_be,Scouring,3
Killing,Expansion,3
Killing,Employment,3
Defending,Agree_or_refuse_to_act,3
Hostile_encounter,Telling,3
Hold,Resolve_problem,3
Removing,Giving,3
Judgment_communication,Sending,3
GiveUp,Self_motion,3
Earnings_and_losses,Coming_to_be,3
Violence,Expressing_publicly,3
Military_operation,Arranging,3
Arriving,Becoming_a_member,3
Motion,Hiding_objects,3
Control,Removing,3
Competition,Expansion,3
Killing,Recording,3
Creating,Motion_directional,3
Change_of_leadership,Kidnapping,3
Coming_to_be,Response,3
Cause_to_amalgamate,Cause_change_of_position_on_a_scale,3
Sign_agreement,Becoming,3
Defending,Self_motion,3
Arranging,Catastrophe,3
Communication,Arriving,3
Defending,Commitment,3
Expend_resource,Destroying,3
Motion_directional,Choosing,3
Criminal_investigation,Check,3
Motion_directional,Reporting,3
Motion_directional,Rescuing,3
Expressing_publicly,Killing,3
Testing,Perception_active,3
Influence,Process_start,3
Choosing,Influence,3
Incident,Recovering,3
Incident,Process_end,3
Incident,Deciding,3
Incident,Bringing,3
Death,Cause_to_amalgamate,3
Dispersal,Catastrophe,3
Recording,Process_end,3
Know,Bringing,3
Escaping,Getting,3
Escaping,Come_together,3
Change,Bringing,3
Employment,Conquering,3
Rite,Placing,3
Earnings_and_losses,Know,3
Creating,Publishing,3
Request,Come_together,3
Judgment_communication,Scrutiny,3
Forming_relationships,Self_motion,3
Destroying,Getting,3
Know,Deciding,3
Motion,Having_or_lacking_access,3
Confronting_problem,Surrendering,3
Killing,Self_motion,3
Sign_agreement,Cause_to_amalgamate,3
Choosing,Agree_or_refuse_to_act,3
Agree_or_refuse_to_act,Building,3
Catastrophe,Legality,3
Cause_change_of_position_on_a_scale,Influence,3
Achieve,Cause_change_of_strength,3
Influence,Publishing,3
Control,Becoming,3
Placing,Escaping,3
Hold,Influence,3
Influence,Action,3
Departing,Departing,3
Becoming,Hindering,3
Departing,Receiving,3
Influence,Becoming,3
Placing,Arrest,3
Arrest,Prison,3
Come_together,Communication,3
Quarreling,Sending,3
Quarreling,Agree_or_refuse_to_act,3
Agree_or_refuse_to_act,Statement,3
Giving,Scrutiny,3
Process_start,Deciding,3
Hold,Defending,3
Communication,Communication,3
Motion_directional,Preventing_or_letting,3
Presence,Change_sentiment,3
Motion,Giving,3
Limiting,Preventing_or_letting,3
Killing,Change_sentiment,3
Destroying,Coming_to_be,3
Recovering,Death,3
Giving,Judgment_communication,3
Giving,Death,3
Perception_active,Becoming,3
Influence,Assistance,3
Influence,Hold,3
Assistance,Bringing,3
Process_end,Bringing,3
Hold,Connect,3
Self_motion,Expressing_publicly,3
Self_motion,Request,3
Criminal_investigation,Request,3
Use_firearm,Rescuing,3
Cause_change_of_strength,Coming_to_be,3
Recovering,Supply,3
Departing,Becoming_a_member,3
Receiving,Placing,3
Bodily_harm,Request,3
Process_end,Cause_change_of_strength,3
Agree_or_refuse_to_act,Change_of_leadership,3
Removing,Change_of_leadership,3
Departing,Motion_directional,3
Becoming,Deciding,3
Process_end,Reporting,3
Expressing_publicly,Creating,3
Expressing_publicly,Commerce_sell,3
Arranging,Manufacturing,3
Preventing_or_letting,Action,3
Preventing_or_letting,Recovering,3
Hindering,Earnings_and_losses,3
Commerce_pay,Attack,3
Bringing,Expressing_publicly,3
Motion,Change_of_leadership,3
Revenge,Attack,3
Revenge,Bodily_harm,3
Filling,Killing,3
Filling,Bodily_harm,3
Creating,Sign_agreement,3
Quarreling,Creating,3
Request,Choosing,3
Departing,Destroying,3
Deciding,Arriving,3
Arriving,Choosing,3
Know,Choosing,3
Attack,Choosing,3
Communication,Choosing,3
Communication,Attack,3
Statement,Destroying,3
Sending,Warning,3
Departing,Creating,3
Cause_to_amalgamate,Creating,3
Terrorism,Coming_to_believe,3
Deciding,Change,3
Process_start,Connect,3
Request,Communication,3
Bodily_harm,Hindering,3
Hold,Expend_resource,3
Action,Check,3
Receiving,Commerce_buy,3
Kidnapping,Process_end,3
Kidnapping,Rescuing,3
Becoming,Request,3
Scrutiny,Check,3
Departing,Preventing_or_letting,3
Publishing,Hold,3
Emptying,Damaging,3
Know,Presence,3
Getting,Choosing,3
Judgment_communication,Releasing,3
Know,Releasing,3
Know,Expressing_publicly,3
Know,Communication,3
Choosing,Destroying,3
Come_together,Come_together,3
Escaping,Sending,3
Releasing,Rewards_and_punishments,3
Releasing,Sending,3
Arriving,Temporary_stay,3
Publishing,Cause_change_of_position_on_a_scale,3
Response,Action,3
Request,Dispersal,3
Expressing_publicly,Self_motion,3
Connect,Attack,3
Creating,Change_of_leadership,3
Statement,Check,3
Protest,Protest,3
Protest,Creating,3
Warning,Attack,3
Supporting,Receiving,3
Supporting,Process_end,3
Process_start,Name_conferral,3
Use_firearm,Response,3
Hostile_encounter,Temporary_stay,3
Submitting_documents,Preventing_or_letting,3
Change,Process_end,3
Process_end,Process_start,3
Change_event_time,Process_end,3
Supporting,Bodily_harm,3
Change,Motion_directional,3
Killing,Justifying,3
Deciding,Control,3
Change_event_time,Motion,3
Statement,Change,3
Hold,Traveling,3
Action,Perception_active,3
Testing,Expressing_publicly,3
Hold,Agree_or_refuse_to_act,3
Hold,Protest,3
Action,Agree_or_refuse_to_act,3
Coming_to_believe,Request,3
Request,Check,3
Giving,Know,3
Agree_or_refuse_to_act,Change_event_time,3
Competition,Damaging,3
Cause_change_of_position_on_a_scale,Change_of_leadership,3
Preventing_or_letting,Process_start,3
Filling,Motion,3
Conquering,Military_operation,3
Defending,Departing,3
Defending,Sending,3
Destroying,Research,3
Destroying,Choosing,3
Motion_directional,Change,3
Kidnapping,Death,3
Communication,Military_operation,3
Hindering,Cause_change_of_position_on_a_scale,3
Request,Expressing_publicly,3
Defending,Presence,3
Earnings_and_losses,Damaging,3
Killing,Conquering,3
Removing,Sending,3
Telling,Rewards_and_punishments,3
Process_start,Rewards_and_punishments,3
Social_event,Labeling,3
Perception_active,Reporting,3
Cause_to_make_progress,Process_start,3
Killing,Coming_to_be,3
Choosing,Use_firearm,3
Choosing,Hindering,3
Placing,Expressing_publicly,3
Judgment_communication,Check,3
Judgment_communication,Use_firearm,3
Choosing,Hiding_objects,3
Judgment_communication,Hiding_objects,3
Getting,Check,3
Judgment_communication,Creating,3
Choosing,Death,3
Request,Receiving,3
Arrest,Coming_to_be,3
Check,Coming_to_believe,3
Presence,Check,3
Statement,Know,3
Motion,Criminal_investigation,3
Carry_goods,Killing,3
Coming_to_be,Education_teaching,3
Creating,Manufacturing,3
Surrounding,Killing,3
Expansion,Cause_change_of_position_on_a_scale,3
Arranging,Agree_or_refuse_to_act,3
Conquering,Legality,3
Military_operation,Cause_change_of_position_on_a_scale,3
Earnings_and_losses,Giving,3
Violence,Escaping,3
Kidnapping,Placing,3
Giving,Getting,3
Bodily_harm,Hostile_encounter,3
Death,Hostile_encounter,3
Change,Departing,3
Hold,Name_conferral,3
Body_movement,Perception_active,3
Creating,Request,3
Resolve_problem,Process_end,3
Cause_change_of_position_on_a_scale,Assistance,3
Cause_change_of_position_on_a_scale,Hindering,3
Preventing_or_letting,Temporary_stay,3
Building,Supply,3
Body_movement,Preventing_or_letting,3
Body_movement,Earnings_and_losses,3
Motion,Body_movement,3
Creating,Achieve,3
Use_firearm,Cause_to_make_progress,3
Motion_directional,Dispersal,3
Removing,Destroying,3
Removing,Bodily_harm,3
Use_firearm,Robbery,3
Communication,Surrendering,3
Supporting,Statement,3
Killing,GiveUp,3
Departing,Recovering,3
Action,Self_motion,3
Action,Becoming,3
Action,Emptying,3
Action,Criminal_investigation,3
Self_motion,Legal_rulings,3
Death,Presence,3
Placing,Creating,3
Submitting_documents,Choosing,3
Cause_to_make_progress,Giving,3
Deciding,Emptying,3
Damaging,Agree_or_refuse_to_act,3
Damaging,Legal_rulings,3
Know,Arranging,3
Arranging,Besieging,3
Presence,Building,3
Presence,Coming_to_be,3
Expressing_publicly,Action,3
Name_conferral,Preventing_or_letting,3
Creating,Filling,3
Giving,Competition,3
Defending,Social_event,3
Defending,Bringing,3
Removing,Bringing,3
Openness,Perception_active,3
Expressing_publicly,Bringing,3
Removing,Expressing_publicly,3
Cause_change_of_position_on_a_scale,Request,3
Arranging,Legal_rulings,3
Escaping,Surrendering,3
Supporting,Request,3
Surrendering,Arrest,3
Scrutiny,Use_firearm,3
Scouring,Destroying,3
Assistance,Assistance,3
Creating,Assistance,3
Recovering,Cause_change_of_strength,3
Agree_or_refuse_to_act,Achieve,3
Earnings_and_losses,Building,3
Deciding,Sending,3
Process_end,Deciding,3
Convincing,Conquering,3
Escaping,Change_of_leadership,3
Escaping,Expressing_publicly,3
Arranging,Request,3
Hold,Besieging,3
Cause_change_of_position_on_a_scale,Agree_or_refuse_to_act,3
Scrutiny,Agree_or_refuse_to_act,3
Expressing_publicly,Social_event,3
Cause_change_of_position_on_a_scale,Cause_to_make_progress,3
Rescuing,Preventing_or_letting,3
Sending,Confronting_problem,3
Rescuing,Telling,3
Surrendering,Removing,3
Sending,Rescuing,3
Rescuing,Create_artwork,3
Process_end,Arrest,3
Process_end,Use_firearm,3
Arriving,Action,3
Creating,Reporting,3
Getting,Change,3
Social_event,Testing,3
Hold,Action,3
Employment,Defending,3
Action,Response,3
Change_of_leadership,Writing,3
Protest,Killing,3
Change_of_leadership,Building,3
Change_of_leadership,Supporting,3
Self_motion,Becoming,3
Besieging,Control,3
Military_operation,Education_teaching,3
Deciding,Agree_or_refuse_to_act,3
Catastrophe,Incident,3
Motion,Expend_resource,3
Destroying,Agree_or_refuse_to_act,3
Deciding,Sign_agreement,3
Request,Cause_to_amalgamate,3
Creating,Cause_to_be_included,3
Cause_change_of_strength,Arranging,3
Becoming,Arrest,3
Come_together,Openness,3
Defending,Escaping,3
Conquering,Change,3
Bringing,Arriving,3
Damaging,Action,3
Earnings_and_losses,Control,3
Assistance,Sending,3
Statement,Coming_to_be,3
Request,Death,3
Placing,Supporting,3
Supporting,Legal_rulings,3
Supporting,Defending,3
Placing,Action,3
Killing,Cause_change_of_strength,3
Forming_relationships,Arranging,3
Assistance,Commerce_buy,3
Judgment_communication,Motion,3
Process_end,Expressing_publicly,3
Expressing_publicly,Surrendering,3
Surrendering,Earnings_and_losses,3
Hostile_encounter,Reforming_a_system,3
Cause_change_of_position_on_a_scale,Surrendering,3
Change,Change_of_leadership,3
Building,Hostile_encounter,3
Sending,Receiving,3
Judgment_communication,Giving,3
Openness,Hindering,3
Hostile_encounter,Exchange,3
Action,Expressing_publicly,3
Social_event,Motion_directional,3
Self_motion,Emptying,3
Research,Know,3
Process_start,Robbery,3
Expressing_publicly,Come_together,3
Death,Preventing_or_letting,3
Killing,Arriving,3
Revenge,Killing,3
Destroying,Defending,3
Come_together,Cause_change_of_strength,3
Come_together,Arranging,3
Come_together,Cause_to_make_progress,3
Come_together,Coming_to_be,3
Placing,Control,3
Defending,Recording,3
Defending,Control,3
Motion_directional,Removing,3
Self_motion,Removing,3
Check,Social_event,3
Check,Judgment_communication,3
Check,Statement,3
Departing,Cause_change_of_position_on_a_scale,3
Judgment_communication,Committing_crime,3
Forming_relationships,Catastrophe,3
Control,Departing,3
Violence,Giving,3
Escaping,Robbery,3
Hostile_encounter,Commerce_buy,3
Departing,Robbery,3
Sending,Action,3
Giving,Attack,3
Process_end,GetReady,3
Deciding,Getting,3
Cause_change_of_position_on_a_scale,Coming_to_believe,3
Giving,Cause_change_of_position_on_a_scale,3
Conquering,Catastrophe,3
Escaping,Earnings_and_losses,3
Cause_to_be_included,Attack,3
Come_together,Presence,3
Assistance,Expressing_publicly,3
Bodily_harm,Confronting_problem,3
Hostile_encounter,Kidnapping,3
Motion,Competition,3
Motion,Emptying,3
Deciding,Social_event,3
Deciding,Hold,3
Action,Damaging,3
Process_end,Bodily_harm,3
Motion,Receiving,3
Bringing,Departing,3
Placing,Hold,3
Statement,Creating,3
Know,Cause_change_of_strength,3
Motion,Change_event_time,3
Coming_to_be,Reforming_a_system,3
Hostile_encounter,Cause_to_amalgamate,3
Expansion,Process_end,3
Building,Expansion,3
Commerce_sell,Commerce_sell,3
Coming_to_be,Social_event,3
Attack,Manufacturing,3
Achieve,Change,3
Cause_change_of_position_on_a_scale,Reporting,3
Cause_change_of_position_on_a_scale,Achieve,3
Bodily_harm,Preventing_or_letting,3
Assistance,Preventing_or_letting,3
Besieging,Sending,3
Social_event,Arranging,3
Arranging,Supporting,3
Arriving,Supporting,3
Sending,Assistance,3
Change,Confronting_problem,3
Being_in_operation,Death,3
Becoming,Earnings_and_losses,3
Being_in_operation,Criminal_investigation,3
Arranging,Scrutiny,3
Supporting,Escaping,3
Warning,Rescuing,3
Arranging,Surrendering,3
Expend_resource,Surrendering,3
Presence,Change_of_leadership,3
Know,Scrutiny,3
Change,Escaping,3
Death,Traveling,3
Traveling,Attack,3
Expressing_publicly,Escaping,3
Presence,Filling,3
Manufacturing,Earnings_and_losses,3
Response,Hold,3
Assistance,Process_start,3
Process_end,Building,3
Dispersal,Judgment_communication,3
Achieve,Conquering,3
Assistance,Expansion,3
Know,Cause_change_of_position_on_a_scale,3
Use_firearm,Request,3
Know,Preventing_or_letting,3
Cause_change_of_position_on_a_scale,Competition,3
Dispersal,Change_of_leadership,3
Communication,Response,3
Placing,Presence,3
Hold,Cause_to_make_progress,3
Becoming,Hostile_encounter,3
Becoming,Communication,3
Becoming,Self_motion,3
Giving,Conquering,3
Criminal_investigation,Receiving,3
Process_start,Emptying,3
Hostile_encounter,Hold,3
Creating,Earnings_and_losses,3
Arrest,Recording,3
Exchange,Arrest,3
Arriving,Emptying,3
Departing,Rescuing,3
Arriving,Rescuing,3
Process_start,Forming_relationships,3
Getting,Cause_to_make_progress,3
Use_firearm,Commerce_pay,3
Use_firearm,Creating,3
Use_firearm,Achieve,3
Judgment_communication,Escaping,3
Cause_change_of_position_on_a_scale,Research,3
Bodily_harm,Earnings_and_losses,3
Getting,Self_motion,3
Damaging,Hostile_encounter,3
Death,Violence,3
Receiving,Influence,3
Control,Hold,3
Placing,Arriving,3
Control,Presence,3
Statement,Quarreling,3
Besieging,Motion,3
Sending,Besieging,3
Cause_change_of_strength,Bodily_harm,3
Sending,Bodily_harm,3
Influence,Motion,3
Attack,Connect,3
Change_of_leadership,Earnings_and_losses,3
Becoming,Name_conferral,3
Defending,Hostile_encounter,3
Getting,Cause_to_amalgamate,3
Getting,Exchange,3
Escaping,Recovering,3
Removing,Surrendering,3
Assistance,Request,3
Request,Exchange,3
Becoming,Agree_or_refuse_to_act,3
Being_in_operation,Publishing,3
Giving,Supply,3
Traveling,Convincing,3
Education_teaching,Killing,3
Motion_directional,Giving,3
Traveling,Giving,3
Military_operation,Besieging,3
Conquering,Coming_to_be,3
Placing,Assistance,3
Placing,Bringing,3
Know,Placing,3
Bodily_harm,Self_motion,3
Recovering,Change,3
Receiving,Defending,3
Becoming,Defending,3
Choosing,Defending,3
Death,Getting,3
Statement,Hold,3
Request,Influence,3
Statement,Communication,3
Giving,Receiving,3
Escaping,Dispersal,3
Response,Preserving,3
Supply,Arrest,3
Employment,Response,3
Response,Communication,3
Supporting,Supply,3
Military_operation,Rescuing,3
Defending,Action,3
Earnings_and_losses,Removing,3
Patrolling,Getting,3
Change,Arriving,3
Expressing_publicly,Arriving,3
Social_event,Connect,3
Being_in_operation,Reporting,3
Expansion,Process_start,3
Arriving,Besieging,3
Bringing,Hindering,3
Damaging,Coming_to_be,3
Placing,Sending,3
Preventing_or_letting,Bodily_harm,3
Placing,Supply,3
Removing,Change,3
Communication,Deciding,3
Reporting,Request,3
Come_together,Killing,3
Come_together,Process_start,3
Defending,Besieging,3
Cause_to_make_progress,Recovering,3
Revenge,Hostile_encounter,3
Statement,Escaping,3
Departing,Damaging,3
Bringing,Coming_to_be,3
Bringing,Bodily_harm,3
Bringing,Reporting,3
Self_motion,Competition,3
Motion,Becoming_a_member,3
Expansion,Statement,3
Defending,Choosing,3
Self_motion,Scrutiny,3
Coming_to_be,Becoming_a_member,3
Request,Becoming_a_member,3
Preventing_or_letting,Hold,3
Arranging,Achieve,3
Becoming,Preventing_or_letting,3
Becoming,Giving,3
Becoming,Control,3
Recovering,Recovering,3
Perception_active,Damaging,3
Perception_active,Arriving,3
Bodily_harm,Becoming,3
Committing_crime,Death,3
Military_operation,Receiving,3
Bringing,Sending,3
Self_motion,Arranging,3
Killing,Filling,3
Bringing,Death,3
Cause_change_of_position_on_a_scale,Escaping,3
Death,Attack,3
Violence,Preventing_or_letting,3
Being_in_operation,Arriving,3
Conquering,Arranging,3
Cause_to_be_included,Hostile_encounter,3
Placing,Process_start,3
Self_motion,Response,3
Response,Response,3
Self_motion,Supporting,3
Defending,Supporting,3
Cause_change_of_strength,Earnings_and_losses,3
Arranging,Supply,3
Statement,Motion_directional,3
Statement,Motion,3
Committing_crime,Placing,3
Cause_to_make_progress,Departing,3
Cause_to_make_progress,Preventing_or_letting,3
Giving,Hostile_encounter,3
Cause_to_amalgamate,Motion,3
Motion_directional,Process_start,3
Process_end,Change_of_leadership,3
Departing,Know,3
Sign_agreement,Presence,3
Expansion,Hostile_encounter,3
Education_teaching,Use_firearm,3
Patrolling,Earnings_and_losses,3
Education_teaching,Attack,3
Competition,Expend_resource,3
Escaping,Becoming,3
GiveUp,Conquering,3
Hold,Scrutiny,3
Convincing,Criminal_investigation,3
Expressing_publicly,Getting,3
Expressing_publicly,Sign_agreement,3
Cause_to_amalgamate,Bringing,3
Hindering,Hostile_encounter,3
Attack,Collaboration,3
Besieging,Becoming,3
Agree_or_refuse_to_act,Come_together,3
Sending,Earnings_and_losses,3
Giving,Filling,3
Change_of_leadership,Know,3
Commitment,Process_end,3
Use_firearm,Presence,3
Arriving,Scrutiny,3
Assistance,Giving,3
Scrutiny,Terrorism,3
Deciding,Removing,3
Sending,Resolve_problem,3
Influence,Attack,3
Come_together,Action,3
Coming_to_be,Writing,3
Connect,Escaping,3
Arriving,Preserving,3
Statement,Arriving,3
Committing_crime,Building,3
Creating,Resolve_problem,3
Cause_to_make_progress,Arranging,3
Use_firearm,Recovering,3
Besieging,Rewards_and_punishments,3
Besieging,Commerce_sell,3
Choosing,Cause_change_of_position_on_a_scale,3
Killing,Publishing,3
Creating,Scrutiny,3
Cause_to_make_progress,Coming_to_be,3
Cause_to_make_progress,Bringing,3
Response,Having_or_lacking_access,3
Response,Temporary_stay,3
Sending,Hold,3
Control,GiveUp,3
GiveUp,Escaping,3
Catastrophe,Control,3
Besieging,Assistance,3
Committing_crime,Communication,3
Coming_to_be,Choosing,3
Arrest,Scrutiny,3
Influence,Conquering,3
Bodily_harm,Presence,3
Openness,Surrendering,3
Hindering,Motion,3
Catastrophe,Hostile_encounter,3
Defending,Request,3
Damaging,Creating,3
Damaging,Supply,3
Damaging,Giving,3
Killing,Supply,3
Sending,Statement,3
Cause_change_of_position_on_a_scale,Sending,3
Communication,Becoming,3
Earnings_and_losses,Competition,3
Deciding,Process_start,3
Terrorism,Terrorism,3
Process_end,Statement,3
Besieging,Motion_directional,3
Action,Bringing,3
Attack,Competition,3
Cause_to_make_progress,Damaging,3
Come_together,Perception_active,3
Military_operation,Committing_crime,3
Catastrophe,Cause_to_be_included,3
Change_of_leadership,Bodily_harm,3
Protest,Violence,3
Hold,Becoming_a_member,3
Change,Perception_active,3
Conquering,Presence,3
Action,Placing,3
Receiving,Getting,3
Being_in_operation,Competition,3
Escaping,Supporting,3
Removing,Getting,3
Competition,Request,3
Cause_to_make_progress,Process_end,2
Assistance,Judgment_communication,2
Rite,Recording,2
Use_firearm,Recording,2
Use_firearm,Rite,2
Risk,Self_motion,2
Agree_or_refuse_to_act,Motion,2
Arrest,Agree_or_refuse_to_act,2
Telling,Arrest,2
Placing,Body_movement,2
Arrest,Creating,2
Placing,Agree_or_refuse_to_act,2
Agree_or_refuse_to_act,Placing,2
Telling,Placing,2
Deciding,Judgment_communication,2
Arrest,Hindering,2
Placing,Motion,2
Arrest,Placing,2
Sending,Commerce_pay,2
Cause_to_make_progress,Supply,2
Cause_change_of_position_on_a_scale,Supply,2
Motion_directional,Legal_rulings,2
Cause_change_of_strength,Legal_rulings,2
Confronting_problem,Creating,2
Recovering,Hindering,2
Building,Killing,2
Building,Manufacturing,2
Building,Social_event,2
Building,Catastrophe,2
Catastrophe,Social_event,2
Deciding,Receiving,2
Presence,Departing,2
Deciding,Deciding,2
Preventing_or_letting,Reporting,2
Statement,Perception_active,2
Process_end,Self_motion,2
Theft,Destroying,2
Receiving,Earnings_and_losses,2
Hold,Departing,2
Scrutiny,Judgment_communication,2
Killing,Military_operation,2
Ratification,Creating,2
Perception_active,Process_end,2
Earnings_and_losses,Criminal_investigation,2
Death,Dispersal,2
Damaging,Deciding,2
Giving,Process_start,2
Quarreling,Giving,2
Judgment_communication,Destroying,2
Bodily_harm,Award,2
Releasing,Removing,2
Killing,Testing,2
Resolve_problem,Judgment_communication,2
Conquering,Warning,2
Action,Building,2
Forming_relationships,Becoming_a_member,2
Theft,Having_or_lacking_access,2
Convincing,Change,2
Motion_directional,Preserving,2
Scrutiny,Change_of_leadership,2
Having_or_lacking_access,Influence,2
Come_together,Agree_or_refuse_to_act,2
Agree_or_refuse_to_act,Commitment,2
Commitment,Surrendering,2
Motion,Cause_to_amalgamate,2
Change,Giving,2
Becoming,Departing,2
Submitting_documents,Judgment_communication,2
Bringing,Scrutiny,2
Statement,Control,2
Know,Change_of_leadership,2
Creating,Warning,2
Creating,Sending,2
Convincing,Warning,2
Warning,Change,2
Assistance,Hostile_encounter,2
Expressing_publicly,Defending,2
Perception_active,Defending,2
Self_motion,Cause_to_make_progress,2
Becoming,Rescuing,2
Action,Rescuing,2
Becoming,Arranging,2
Releasing,Exchange,2
Change,Expansion,2
Choosing,Expansion,2
Commerce_pay,Removing,2
Exchange,Criminal_investigation,2
Process_start,Convincing,2
Commerce_pay,Exchange,2
Motion,Change_sentiment,2
Process_end,GiveUp,2
Testing,Supply,2
Assistance,Supply,2
Destroying,Filling,2
Commitment,Supporting,2
Damaging,GiveUp,2
Traveling,Expansion,2
Change_sentiment,Hostile_encounter,2
Change_sentiment,Destroying,2
Bringing,Commitment,2
Influence,Commitment,2
Getting,Commitment,2
Influence,Resolve_problem,2
Death,Protest,2
Judgment_communication,Change_event_time,2
Expansion,Change,2
Deciding,Action,2
Bodily_harm,Action,2
Creating,Military_operation,2
Building,Cause_change_of_strength,2
Military_operation,Being_in_operation,2
Military_operation,Cause_to_make_progress,2
Change,Earnings_and_losses,2
Check,Death,2
Body_movement,Sending,2
Getting,Body_movement,2
Getting,Connect,2
Telling,Action,2
Resolve_problem,Attack,2
Military_operation,Collaboration,2
Statement,Self_motion,2
Confronting_problem,Defending,2
Creating,Communication,2
Deciding,Giving,2
Motion,Rewards_and_punishments,2
Sending,Rewards_and_punishments,2
Killing,Rewards_and_punishments,2
Surrendering,Escaping,2
Earnings_and_losses,Protest,2
Response,Commitment,2
Influence,GiveUp,2
Assistance,Creating,2
Assistance,Cause_change_of_position_on_a_scale,2
Getting,Control,2
Criminal_investigation,Agree_or_refuse_to_act,2
Deciding,Check,2
Hiding_objects,Use_firearm,2
Sending,Protest,2
Earnings_and_losses,Cause_change_of_strength,2
Know,Temporary_stay,2
Supporting,Control,2
Supporting,Getting,2
Commitment,Recovering,2
Kidnapping,Legal_rulings,2
Scrutiny,Convincing,2
Presence,Reveal_secret,2
Kidnapping,Response,2
Kidnapping,Control,2
Kidnapping,Agree_or_refuse_to_act,2
Committing_crime,Reporting,2
Reveal_secret,Prison,2
Response,Agree_or_refuse_to_act,2
Cause_to_be_included,Getting,2
Conquering,Prison,2
Conquering,Reveal_secret,2
Response,Cause_to_make_progress,2
Convincing,Becoming,2
Convincing,Know,2
Convincing,Legal_rulings,2
Destroying,Emptying,2
Education_teaching,Motion,2
Education_teaching,Creating,2
Kidnapping,Releasing,2
Departing,Kidnapping,2
Departing,Warning,2
Come_together,Releasing,2
Process_end,Connect,2
Placing,Preventing_or_letting,2
Communication,Receiving,2
Supporting,Earnings_and_losses,2
Hold,Motion_directional,2
Earnings_and_losses,Assistance,2
Process_end,Assistance,2
Agree_or_refuse_to_act,Assistance,2
Process_start,Vocalizations,2
Presence,Bringing,2
Control,Legal_rulings,2
Control,Request,2
Agree_or_refuse_to_act,Presence,2
Agree_or_refuse_to_act,Defending,2
Escaping,Legal_rulings,2
Commerce_pay,Escaping,2
Employment,Hostile_encounter,2
Statement,Military_operation,2
Statement,Reporting,2
Self_motion,Vocalizations,2
Self_motion,Military_operation,2
Influence,Change,2
Influence,Reporting,2
Influence,Arrest,2
Influence,Judgment_communication,2
Influence,Military_operation,2
Rescuing,Death,2
Becoming_a_member,Process_start,2
Hold,Arrest,2
Arranging,Reporting,2
Hostile_encounter,Collaboration,2
Building,Process_start,2
Communication,Know,2
Judgment_communication,Cause_change_of_position_on_a_scale,2
Process_end,Sending,2
Judgment_communication,Arranging,2
Hindering,Choosing,2
Sending,Cause_change_of_position_on_a_scale,2
Request,Arranging,2
Conquering,GiveUp,2
Earnings_and_losses,Military_operation,2
Motion_directional,Emptying,2
Coming_to_believe,Cause_change_of_position_on_a_scale,2
GiveUp,Recovering,2
Agree_or_refuse_to_act,Use_firearm,2
Escaping,Change_sentiment,2
Becoming,Influence,2
Bringing,Quarreling,2
Change_event_time,Earnings_and_losses,2
Being_in_operation,Change_event_time,2
Presence,Dispersal,2
Military_operation,Robbery,2
Expressing_publicly,Military_operation,2
Testing,Coming_to_believe,2
Quarreling,Death,2
Agree_or_refuse_to_act,Sign_agreement,2
Temporary_stay,Motion,2
Dispersal,Expressing_publicly,2
Connect,Catastrophe,2
Committing_crime,Agree_or_refuse_to_act,2
Arranging,Death,2
Defending,Arranging,2
Defending,Death,2
Defending,Releasing,2
Change_of_leadership,Cure,2
Defending,Change_of_leadership,2
Reporting,Reporting,2
Motion_directional,Response,2
Sending,Process_start,2
Presence,Placing,2
Expressing_publicly,Placing,2
Influence,Influence,2
Influence,Coming_to_be,2
Creating,Coming_to_believe,2
Response,Arriving,2
Death,Self_motion,2
Death,Commerce_pay,2
Death,Rewards_and_punishments,2
Process_end,Manufacturing,2
Dispersal,Arranging,2
Arriving,Cause_to_make_progress,2
Communication,Social_event,2
Self_motion,Cause_to_amalgamate,2
Self_motion,Employment,2
Response,Bringing,2
Rite,Come_together,2
Come_together,Supply,2
Rite,Receiving,2
Rite,Supply,2
GetReady,Military_operation,2
Destroying,Telling,2
Telling,Arriving,2
Telling,Catastrophe,2
Earnings_and_losses,Quarreling,2
Request,Emptying,2
Publishing,Social_event,2
Create_artwork,Creating,2
Scrutiny,Self_motion,2
GiveUp,Know,2
GetReady,Receiving,2
Military_operation,Research,2
GetReady,Supporting,2
Becoming_a_member,Hostile_encounter,2
Confronting_problem,Control,2
Having_or_lacking_access,Surrendering,2
Giving,Placing,2
Judgment_communication,Action,2
Choosing,Building,2
Process_end,Choosing,2
Receiving,Response,2
Destroying,Cause_to_amalgamate,2
Influence,Preventing_or_letting,2
Bringing,Becoming,2
Bringing,Hostile_encounter,2
Placing,Recovering,2
Judgment_communication,Receiving,2
Deciding,Earnings_and_losses,2
Becoming_a_member,Earnings_and_losses,2
Death,Recovering,2
Destroying,Supply,2
Warning,Know,2
Deciding,Influence,2
Supporting,Creating,2
Creating,Come_together,2
Supply,Sending,2
Agree_or_refuse_to_act,Supply,2
GiveUp,Preventing_or_letting,2
GiveUp,Attack,2
Change_of_leadership,Openness,2
Check,Name_conferral,2
Creating,Labeling,2
Becoming_a_member,Defending,2
Practice,Use_firearm,2
Communication,Reveal_secret,2
Self_motion,Change_event_time,2
Cause_change_of_strength,Change_event_time,2
Death,Committing_crime,2
Legality,Agree_or_refuse_to_act,2
Protest,Attack,2
Motion,Protest,2
Communication,Preventing_or_letting,2
Arrest,Extradition,2
Recovering,Destroying,2
Coming_to_be,Suspicion,2
Reveal_secret,Telling,2
Recovering,Know,2
Being_in_operation,Change_of_leadership,2
Giving,Coming_to_believe,2
Receiving,Reporting,2
Motion,Publishing,2
Conquering,Sign_agreement,2
Legality,Releasing,2
Influence,Expansion,2
Influence,Placing,2
Manufacturing,Rescuing,2
Convincing,Rescuing,2
Testing,Rescuing,2
Testing,Manufacturing,2
Check,Receiving,2
Self_motion,Recovering,2
Rescuing,Placing,2
Motion,Convincing,2
Presence,Name_conferral,2
Motion_directional,Coming_to_believe,2
Process_end,Receiving,2
Control,Expressing_publicly,2
Sending,Cause_to_amalgamate,2
Death,Control,2
Deciding,Bodily_harm,2
Process_end,Know,2
Terrorism,Resolve_problem,2
Filling,Departing,2
Manufacturing,Coming_to_be,2
Quarreling,Change_of_leadership,2
Resolve_problem,Know,2
Confronting_problem,Hindering,2
Quarreling,Getting,2
Getting,Reforming_a_system,2
Committing_crime,Change_of_leadership,2
Request,Deciding,2
Agree_or_refuse_to_act,Choosing,2
Communication,Bodily_harm,2
Departing,Cause_to_amalgamate,2
Social_event,Resolve_problem,2
Placing,Connect,2
Damaging,Manufacturing,2
Process_start,Filling,2
Convincing,Process_end,2
Response,Preventing_or_letting,2
Action,Manufacturing,2
Rescuing,Process_end,2
Exchange,Use_firearm,2
Agree_or_refuse_to_act,Rewards_and_punishments,2
Cause_change_of_position_on_a_scale,Use_firearm,2
Departing,Change_of_leadership,2
Giving,Recovering,2
Self_motion,Change_sentiment,2
Arranging,Building,2
Communication,Request,2
GetReady,Self_motion,2
Defending,Commerce_pay,2
Patrolling,Defending,2
Confronting_problem,Agree_or_refuse_to_act,2
Risk,Agree_or_refuse_to_act,2
Choosing,Change,2
Change_of_leadership,Commitment,2
Commerce_sell,Becoming,2
Process_start,Commitment,2
Quarreling,Influence,2
Quarreling,Bringing,2
Hostile_encounter,Commitment,2
Giving,Control,2
Know,Assistance,2
Judgment_communication,Know,2
Conquering,Dispersal,2
GiveUp,Choosing,2
Committing_crime,Telling,2
Committing_crime,Warning,2
Come_together,Coming_to_believe,2
Come_together,Military_operation,2
Come_together,Scrutiny,2
Besieging,Come_together,2
Perception_active,Expressing_publicly,2
Temporary_stay,Process_end,2
Perception_active,Know,2
Temporary_stay,Know,2
Conquering,Supply,2
Commerce_buy,Bodily_harm,2
Come_together,Dispersal,2
Manufacturing,Change_of_leadership,2
Manufacturing,Publishing,2
Know,Becoming_a_member,2
Surrounding,Know,2
Supporting,Resolve_problem,2
Releasing,Attack,2
Choosing,Coming_to_believe,2
Sign_agreement,Judgment_communication,2
Connect,Statement,2
Arriving,Create_artwork,2
Sending,Cure,2
Statement,Cause_change_of_position_on_a_scale,2
Traveling,Arrest,2
Protest,Process_end,2
Protest,Cause_change_of_position_on_a_scale,2
Protest,Cause_to_make_progress,2
Warning,Hold,2
Warning,Conquering,2
Catastrophe,Rite,2
Motion,Name_conferral,2
Arriving,Receiving,2
Confronting_problem,Destroying,2
Catastrophe,Choosing,2
Having_or_lacking_access,Hindering,2
Action,Change_sentiment,2
Action,Change_event_time,2
Connect,Judgment_communication,2
Supporting,Expressing_publicly,2
Supporting,Process_start,2
Process_start,Military_operation,2
Process_start,GiveUp,2
Preventing_or_letting,Receiving,2
Openness,Know,2
Preventing_or_letting,Assistance,2
Collaboration,Reporting,2
Change_sentiment,Killing,2
Cause_to_make_progress,Escaping,2
Hostile_encounter,Building,2
GetReady,Conquering,2
Expressing_publicly,Choosing,2
Process_start,Committing_crime,2
Change,Manufacturing,2
Conquering,Labeling,2
Expansion,Departing,2
Bodily_harm,Escaping,2
Control,Assistance,2
Process_end,Coming_to_be,2
Create_artwork,Hold,2
Conquering,Change_sentiment,2
Testing,Cause_change_of_position_on_a_scale,2
Testing,Protest,2
Action,Protest,2
Testing,Motion_directional,2
Testing,Come_together,2
Testing,Agree_or_refuse_to_act,2
Testing,Presence,2
Testing,Destroying,2
Testing,Traveling,2
Action,Come_together,2
Cause_change_of_position_on_a_scale,Removing,2
Giving,Check,2
Request,Traveling,2
Request,Research,2
Expressing_publicly,Becoming_a_member,2
Body_movement,Process_end,2
Competition,Commerce_buy,2
Coming_to_be,Terrorism,2
Body_movement,Rite,2
Wearing,Arriving,2
Change_sentiment,Judgment_communication,2
Destroying,Military_operation,2
Becoming,Military_operation,2
Confronting_problem,Influence,2
Supply,Cause_change_of_position_on_a_scale,2
Know,Legality,2
Commerce_sell,Know,2
Use_firearm,Confronting_problem,2
Use_firearm,Process_start,2
Scouring,Influence,2
Convincing,Statement,2
Self_motion,Expansion,2
Statement,Receiving,2
Commerce_buy,Placing,2
Earnings_and_losses,Arranging,2
Control,Sending,2
Escaping,Statement,2
Expend_resource,Statement,2
Legality,Judgment_communication,2
Request,Social_event,2
Request,Openness,2
Convincing,Request,2
Convincing,Defending,2
Giving,Commerce_pay,2
Motion_directional,Scrutiny,2
Create_artwork,Earnings_and_losses,2
Scrutiny,Recovering,2
Motion_directional,Communication,2
Communication,Recording,2
Telling,Statement,2
Suspicion,Arrest,2
Agree_or_refuse_to_act,Recording,2
Dispersal,Hostile_encounter,2
Agree_or_refuse_to_act,Dispersal,2
Connect,Death,2
Escaping,Connect,2
Connect,Conquering,2
Know,Change_event_time,2
Process_start,Telling,2
Supporting,Arrest,2
Expansion,Assistance,2
Cause_to_make_progress,Action,2
Openness,Statement,2
Submitting_documents,Agree_or_refuse_to_act,2
Giving,Agree_or_refuse_to_act,2
Supporting,Action,2
Control,Change,2
Process_start,Criminal_investigation,2
Getting,Expressing_publicly,2
Getting,Hindering,2
Reporting,Statement,2
Giving,Bringing,2
Deciding,Dispersal,2
Creating,Escaping,2
Coming_to_be,Cause_to_be_included,2
Quarreling,Removing,2
Arrest,Removing,2
Arrest,Protest,2
Arrest,Connect,2
Arrest,Justifying,2
Arrest,Commitment,2
Arrest,Quarreling,2
Earnings_and_losses,Check,2
Communication,Coming_to_believe,2
Wearing,Attack,2
Manufacturing,Expressing_publicly,2
Social_event,Having_or_lacking_access,2
Labeling,Agree_or_refuse_to_act,2
Arranging,Legality,2
Conquering,Deciding,2
Statement,Protest,2
Cause_to_amalgamate,Rewards_and_punishments,2
Cause_to_amalgamate,Deciding,2
Preventing_or_letting,Exchange,2
Violence,Arriving,2
Response,Being_in_operation,2
Response,Sending,2
Becoming_a_member,Motion_directional,2
Action,Commerce_pay,2
Change,Legal_rulings,2
Hindering,Removing,2
Body_movement,Scouring,2
Perception_active,Releasing,2
Body_movement,Process_start,2
Research,Communication,2
Come_together,Traveling,2
Hindering,Hindering,2
Sign_agreement,Resolve_problem,2
Hold,Change_of_leadership,2
Cause_change_of_strength,Military_operation,2
Cause_change_of_position_on_a_scale,Temporary_stay,2
Social_event,Limiting,2
Bringing,Assistance,2
Damaging,Judgment_communication,2
Getting,Deciding,2
Telling,Self_motion,2
Violence,Arranging,2
Violence,Creating,2
Violence,Assistance,2
Violence,Deciding,2
Violence,Cure,2
Violence,Testing,2
Violence,Action,2
Deciding,Creating,2
Body_movement,Catastrophe,2
Earnings_and_losses,Openness,2
Earnings_and_losses,Perception_active,2
Body_movement,Becoming,2
Motion_directional,Hold,2
Recovering,Preventing_or_letting,2
Recovering,Getting,2
GiveUp,Giving,2
Bodily_harm,Social_event,2
Committing_crime,Bringing,2
Recording,Statement,2
Committing_crime,Use_firearm,2
Recovering,Building,2
Placing,Self_motion,2
Arriving,Convincing,2
Creating,Openness,2
Creating,Recording,2
Convincing,Change_of_leadership,2
Choosing,Temporary_stay,2
Request,Response,2
Departing,Communication,2
Testing,Becoming,2
Testing,Self_motion,2
Preventing_or_letting,Agree_or_refuse_to_act,2
Warning,Emptying,2
Conquering,Scrutiny,2
Death,Releasing,2
Death,Legality,2
Releasing,Placing,2
Judgment_communication,Prison,2
Placing,Dispersal,2
Award,Expressing_publicly,2
Becoming,Competition,2
Placing,Choosing,2
Releasing,Sign_agreement,2
Destroying,Legal_rulings,2
Motion,Award,2
Attack,Carry_goods,2
Bodily_harm,Carry_goods,2
Influence,Sending,2
Change_of_leadership,Recording,2
Control,Judgment_communication,2
Convincing,Choosing,2
Temporary_stay,Getting,2
Cause_change_of_position_on_a_scale,Supporting,2
Hold,Having_or_lacking_access,2
Commitment,Attack,2
Escaping,Expansion,2
Death,Defending,2
Death,Influence,2
Bodily_harm,Influence,2
Control,Damaging,2
Agree_or_refuse_to_act,Influence,2
Surrendering,Placing,2
Surrendering,Preventing_or_letting,2
Coming_to_believe,Arranging,2
Violence,Cause_change_of_position_on_a_scale,2
Scrutiny,Destroying,2
Hostile_encounter,Committing_crime,2
Action,Scrutiny,2
Scouring,Damaging,2
Recovering,Name_conferral,2
Statement,Sending,2
Self_motion,Create_artwork,2
Preventing_or_letting,Defending,2
Presence,Arranging,2
Use_firearm,Getting,2
Arranging,Name_conferral,2
Arranging,Criminal_investigation,2
Arranging,Hiding_objects,2
Self_motion,Social_event,2
Judgment_communication,Deciding,2
Connect,Convincing,2
Patrolling,Preventing_or_letting,2
Check,Expressing_publicly,2
Agree_or_refuse_to_act,Communication,2
Motion,Cure,2
Agree_or_refuse_to_act,Resolve_problem,2
Agree_or_refuse_to_act,Supporting,2
Death,Name_conferral,2
Arranging,GetReady,2
Agree_or_refuse_to_act,Becoming_a_member,2
Hold,Use_firearm,2
Hold,Releasing,2
Hold,Hindering,2
Cause_change_of_position_on_a_scale,Scrutiny,2
Scrutiny,Publishing,2
Change_of_leadership,Labeling,2
Change_of_leadership,Quarreling,2
Motion,Social_event,2
Change_of_leadership,Check,2
Sending,Patrolling,2
Arriving,Confronting_problem,2
Use_firearm,Assistance,2
Use_firearm,Rewards_and_punishments,2
Temporary_stay,Use_firearm,2
Presence,Response,2
Response,Arranging,2
Hiding_objects,Destroying,2
Creating,Response,2
Cause_change_of_strength,Confronting_problem,2
Communication,Escaping,2
Escaping,Hiding_objects,2
Legality,Coming_to_believe,2
Legality,Action,2
Bodily_harm,Know,2
Supporting,Bringing,2
Supporting,Choosing,2
Building,Choosing,2
Hold,Change_sentiment,2
Process_end,Response,2
Change_event_time,Response,2
Employment,Communication,2
Revenge,Preventing_or_letting,2
Cause_change_of_position_on_a_scale,Building,2
Killing,Labeling,2
Emptying,Removing,2
Military_operation,Bringing,2
Assistance,Bodily_harm,2
Death,Change,2
Openness,Cause_change_of_position_on_a_scale,2
Change_of_leadership,Sign_agreement,2
Change_of_leadership,Robbery,2
Destroying,Sign_agreement,2
Change_of_leadership,Deciding,2
Commitment,Earnings_and_losses,2
Body_movement,Criminal_investigation,2
Judgment_communication,Motion_directional,2
Killing,Suspicion,2
Recovering,Escaping,2
Bodily_harm,Openness,2
Criminal_investigation,Creating,2
Being_in_operation,Deciding,2
Being_in_operation,Damaging,2
Statement,Dispersal,2
Deciding,Coming_to_be,2
Cause_to_amalgamate,Earnings_and_losses,2
Supporting,Death,2
Supporting,Killing,2
Change_event_time,Statement,2
Manufacturing,Bodily_harm,2
Creating,Check,2
Manufacturing,Self_motion,2
Hold,Control,2
Filling,Arriving,2
Traveling,Hostile_encounter,2
Surrendering,Robbery,2
Surrendering,Supply,2
Death,Motion_directional,2
Commerce_buy,Arriving,2
Becoming,Surrendering,2
Choosing,Conquering,2
Committing_crime,Control,2
Being_in_operation,Coming_to_be,2
Request,Releasing,2
Committing_crime,Removing,2
Attack,Reforming_a_system,2
Surrendering,Filling,2
Surrendering,Reforming_a_system,2
Surrendering,GiveUp,2
Process_end,Filling,2
Expressing_publicly,Filling,2
Hostile_encounter,Filling,2
Recovering,Attack,2
Receiving,Judgment_communication,2
Know,Bodily_harm,2
Statement,Process_end,2
Perception_active,Cause_change_of_position_on_a_scale,2
Openness,Coming_to_believe,2
Expressing_publicly,Control,2
Giving,Change_of_leadership,2
Limiting,Earnings_and_losses,2
Arranging,Patrolling,2
Sending,Sending,2
Receiving,Sending,2
Placing,Criminal_investigation,2
Quarreling,Request,2
Destroying,Being_in_operation,2
Hindering,Arriving,2
Commerce_sell,Change_event_time,2
Self_motion,Receiving,2
Action,Supply,2
Connect,Preserving,2
Death,Escaping,2
Convincing,Attack,2
Defending,Motion_directional,2
Revenge,Destroying,2
Arriving,Military_operation,2
Giving,Building,2
Come_together,Catastrophe,2
Come_together,Hindering,2
Come_together,Choosing,2
Deciding,Military_operation,2
Cause_change_of_position_on_a_scale,Check,2
Reforming_a_system,Motion_directional,2
Check,Recording,2
Check,Getting,2
Commerce_sell,Receiving,2
Cause_to_be_included,Name_conferral,2
Cause_to_be_included,Earnings_and_losses,2
Openness,Use_firearm,2
Request,Bringing,2
Surrendering,Getting,2
Departing,Temporary_stay,2
Know,Convincing,2
Creating,Criminal_investigation,2
Education_teaching,Deciding,2
Departing,Giving,2
Scrutiny,Escaping,2
Scrutiny,Motion,2
Conquering,GetReady,2
Process_end,Giving,2
GetReady,Removing,2
Giving,Response,2
Response,Defending,2
Process_end,Removing,2
Kidnapping,Recovering,2
Temporary_stay,Damaging,2
Expend_resource,Process_end,2
Competition,Confronting_problem,2
Conquering,Body_movement,2
Deciding,GiveUp,2
Arranging,Giving,2
Request,Control,2
Hostile_encounter,Openness,2
Escaping,Openness,2
Connect,Request,2
Change,Dispersal,2
Presence,Come_together,2
Presence,Manufacturing,2
Preventing_or_letting,Expressing_publicly,2
Departing,Influence,2
Motion,Expansion,2
Arranging,Cause_to_amalgamate,2
Process_end,Emptying,2
Arriving,Cause_to_amalgamate,2
Process_end,Cause_to_amalgamate,2
Come_together,Bringing,2
Social_event,Escaping,2
Action,Defending,2
Expansion,Defending,2
Judgment_communication,Communication,2
Process_end,Killing,2
Legal_rulings,Action,2
Receiving,Preventing_or_letting,2
Coming_to_believe,Creating,2
Bringing,Killing,2
Arrest,Reveal_secret,2
Arranging,Quarreling,2
Publishing,Achieve,2
Defending,Arrest,2
Check,Scrutiny,2
Use_firearm,Cause_change_of_position_on_a_scale,2
Departing,Criminal_investigation,2
Self_motion,Communication,2
Scrutiny,Request,2
Cause_to_amalgamate,Supporting,2
Cause_to_amalgamate,Coming_to_be,2
Cause_to_amalgamate,Hindering,2
Cause_to_amalgamate,Death,2
Know,Criminal_investigation,2
Committing_crime,Hiding_objects,2
Kidnapping,Protest,2
Coming_to_believe,Quarreling,2
Traveling,Preventing_or_letting,2
Name_conferral,Name_conferral,2
Rewards_and_punishments,Process_end,2
Rewards_and_punishments,Sign_agreement,2
Judgment_communication,Sign_agreement,2
Assistance,Commerce_sell,2
Commerce_buy,Commerce_sell,2
Create_artwork,Expressing_publicly,2
Judgment_communication,Revenge,2
Control,Surrendering,2
Achieve,Arriving,2
Achieve,Becoming,2
Achieve,Cause_to_make_progress,2
Besieging,Cause_to_amalgamate,2
Surrendering,Cause_to_amalgamate,2
Assistance,Surrendering,2
Social_event,Releasing,2
Social_event,Request,2
Preventing_or_letting,Arrest,2
Response,Judgment_communication,2
Change_of_leadership,Expansion,2
Expend_resource,Convincing,2
Expend_resource,Criminal_investigation,2
Confronting_problem,Response,2
Resolve_problem,Earnings_and_losses,2
Expressing_publicly,Response,2
Process_end,Action,2
Arranging,Kidnapping,2
Warning,Killing,2
Motion,Forming_relationships,2
Supply,Military_operation,2
Conquering,Motion_directional,2
Military_operation,Expressing_publicly,2
Getting,Achieve,2
Influence,Escaping,2
Motion,Traveling,2
Arranging,Cause_to_be_included,2
Criminal_investigation,Scrutiny,2
Change,Damaging,2
Process_end,Temporary_stay,2
Damaging,Change_event_time,2
Bringing,Perception_active,2
Bodily_harm,Traveling,2
Dispersal,Violence,2
Dispersal,Process_end,2
Come_together,Control,2
Conquering,Competition,2
Hold,Supply,2
Conquering,Social_event,2
Becoming,Change_of_leadership,2
Military_operation,Social_event,2
Departing,Earnings_and_losses,2
Cause_change_of_strength,Hostile_encounter,2
Check,Change_event_time,2
Presence,Recording,2
Convincing,Giving,2
Supply,Hold,2
Supply,Process_start,2
Judgment_communication,Employment,2
Sending,Hostile_encounter,2
Process_end,Control,2
Motion_directional,Name_conferral,2
Supporting,Cause_to_make_progress,2
Killing,Bringing,2
Becoming_a_member,Arrest,2
Check,Reporting,2
Conquering,Commerce_buy,2
Dispersal,Social_event,2
Convincing,Preventing_or_letting,2
Dispersal,Come_together,2
Motion,Warning,2
Warning,Cause_change_of_position_on_a_scale,2
Testing,Achieve,2
Achieve,Attack,2
Use_firearm,Telling,2
Sending,Change_event_time,2
Testing,Check,2
Departing,Traveling,2
Deciding,Know,2
Use_firearm,Research,2
Dispersal,Giving,2
Hold,Recording,2
Publishing,Cause_to_make_progress,2
Know,Motion_directional,2
Influence,Change_of_leadership,2
Temporary_stay,Placing,2
Surrendering,Self_motion,2
Cause_change_of_strength,Presence,2
Death,Killing,2
Agree_or_refuse_to_act,Writing,2
Expressing_publicly,Cause_to_make_progress,2
Arrest,Escaping,2
Giving,Damaging,2
Placing,Influence,2
Placing,Becoming_a_member,2
Influence,Becoming_a_member,2
Presence,Receiving,2
Criminal_investigation,Legality,2
Agree_or_refuse_to_act,Conquering,2
Removing,Action,2
Destroying,Action,2
Action,Death,2
Defending,Know,2
Exchange,Cause_change_of_position_on_a_scale,2
Death,Agree_or_refuse_to_act,2
Robbery,Legal_rulings,2
Robbery,Recovering,2
Robbery,Escaping,2
Building,Cause_change_of_position_on_a_scale,2
Departing,Action,2
Becoming_a_member,Supply,2
Arriving,GiveUp,2
Hindering,Arrest,2
Process_start,Warning,2
Influence,Rescuing,2
Protest,Motion_directional,2
Change_of_leadership,Temporary_stay,2
Action,Temporary_stay,2
Action,Change_of_leadership,2
Communication,Bringing,2
Achieve,Statement,2
Achieve,Know,2
Arrest,Conquering,2
Escaping,Arranging,2
Getting,Building,2
Quarreling,Recovering,2
Quarreling,Response,2
Hostile_encounter,Competition,2
Violence,Hostile_encounter,2
Death,Robbery,2
Death,Damaging,2
Building,Presence,2
Self_motion,Building,2
Name_conferral,Becoming,2
Receiving,Criminal_investigation,2
Arrest,Traveling,2
Statement,Traveling,2
Receiving,Know,2
Earnings_and_losses,Traveling,2
Know,Influence,2
Receiving,Confronting_problem,2
Criminal_investigation,Use_firearm,2
Cause_to_make_progress,Judgment_communication,2
Confronting_problem,Use_firearm,2
Telling,Legal_rulings,2
Placing,Come_together,2
Commerce_sell,Destroying,2
Building,Perception_active,2
Defending,Building,2
Defending,GetReady,2
Destroying,Quarreling,2
Escaping,Quarreling,2
Statement,Hostile_encounter,2
Request,Cause_change_of_strength,2
Placing,Process_end,2
Removing,Check,2
Traveling,Achieve,2
Bearing_arms,Death,2
Supply,Change,2
Earnings_and_losses,Creating,2
Body_movement,Recording,2
Change,Process_start,2
Sign_agreement,Social_event,2
Motion_directional,Use_firearm,2
Research,Statement,2
Recovering,Giving,2
Arriving,Publishing,2
Self_motion,Rescuing,2
Attack,Cure,2
Coming_to_be,Releasing,2
Scrutiny,Reveal_secret,2
Scrutiny,Rewards_and_punishments,2
Scrutiny,Arrest,2
Action,Coming_to_be,2
Commerce_sell,Achieve,2
Destroying,Writing,2
Damaging,Reforming_a_system,2
Change_event_time,Commerce_pay,2
Getting,Recovering,2
Getting,Confronting_problem,2
Getting,Commerce_pay,2
Escaping,Removing,2
Getting,Agree_or_refuse_to_act,2
Assistance,Agree_or_refuse_to_act,2
Assistance,Change_event_time,2
Change_event_time,Removing,2
Process_end,Commerce_pay,2
Getting,Request,2
Getting,Change_event_time,2
Removing,Hostile_encounter,2
Confronting_problem,Hostile_encounter,2
Becoming,Commerce_pay,2
Sending,Getting,2
Request,Damaging,2
Escaping,Manufacturing,2
Building,Giving,2
Education_teaching,Education_teaching,2
Motion_directional,Convincing,2
Arranging,GiveUp,2
Perception_active,Statement,2
Getting,Convincing,2
Education_teaching,Giving,2
Know,Death,2
Know,Damaging,2
Removing,Assistance,2
Conquering,Influence,2
Commitment,Influence,2
Placing,Damaging,2
Building,Arranging,2
Building,Being_in_operation,2
Building,Self_motion,2
Arranging,Being_in_operation,2
Hostile_encounter,Resolve_problem,2
Temporary_stay,Destroying,2
Bodily_harm,Resolve_problem,2
Patrolling,Hostile_encounter,2
Patrolling,Motion_directional,2
Bringing,Self_motion,2
Patrolling,Attack,2
Presence,Temporary_stay,2
Giving,Motion_directional,2
Giving,Achieve,2
Escaping,Judgment_communication,2
Filling,Destroying,2
Expansion,Arriving,2
Social_event,Traveling,2
Escaping,Besieging,2
Preventing_or_letting,Surrendering,2
Preventing_or_letting,Besieging,2
Removing,Escaping,2
Request,Besieging,2
Bodily_harm,Coming_to_believe,2
Bodily_harm,Reforming_a_system,2
Bodily_harm,Research,2
Building,Come_together,2
Cause_change_of_position_on_a_scale,Getting,2
Removing,Influence,2
Giving,Social_event,2
Removing,Control,2
Supply,Creating,2
Employment,Bodily_harm,2
Employment,Creating,2
Employment,Arrest,2
Cause_change_of_position_on_a_scale,Communication,2
Self_motion,Coming_to_believe,2
Supply,Control,2
Employment,Control,2
Collaboration,Death,2
Supporting,Placing,2
Supporting,Expansion,2
Giving,Choosing,2
Hold,Rewards_and_punishments,2
Statement,Legal_rulings,2
Deciding,Cause_change_of_position_on_a_scale,2
Supporting,Motion_directional,2
Supporting,Surrendering,2
Motion_directional,Achieve,2
Expressing_publicly,Bodily_harm,2
Change,Bodily_harm,2
Recovering,Reforming_a_system,2
Choosing,Change_of_leadership,2
Killing,Reforming_a_system,2
Process_start,Coming_to_believe,2
Arriving,Writing,2
Damaging,Change,2
Process_end,Communication,2
Coming_to_be,Supply,2
Recovering,Bodily_harm,2
Cause_to_make_progress,Earnings_and_losses,2
Arranging,Coming_to_believe,2
Come_together,Bodily_harm,2
Convincing,Bringing,2
Agree_or_refuse_to_act,Earnings_and_losses,2
Warning,Earnings_and_losses,2
Warning,Preventing_or_letting,2
Besieging,Departing,2
Cause_to_make_progress,Destroying,2
Warning,Departing,2
Cause_to_make_progress,Removing,2
Warning,Commitment,2
Surrendering,Death,2
Statement,Defending,2
Military_operation,Preventing_or_letting,2
Motion,Manufacturing,2
Building,Name_conferral,2
Competition,Coming_to_be,2
Presence,Choosing,2
Expressing_publicly,Supply,2
Motion_directional,Deciding,2
Creating,Becoming_a_member,2
Arriving,Connect,2
Coming_to_believe,Motion,2
Change_sentiment,Process_end,2
Bodily_harm,Surrendering,2
Motion,Resolve_problem,2
Choosing,Cause_to_amalgamate,2
Damaging,Placing,2
Influence,Defending,2
Process_start,Expend_resource,2
Expressing_publicly,Change_event_time,2
Cause_change_of_strength,Hold,2
Surrendering,Hold,2
Forming_relationships,Conquering,2
Earnings_and_losses,Deciding,2
Connect,Placing,2
Connect,Removing,2
Hold,Commitment,2
Becoming,Know,2
Becoming,Removing,2
Becoming,Supply,2
Becoming,Presence,2
Defending,Preventing_or_letting,2
Name_conferral,Agree_or_refuse_to_act,2
Expressing_publicly,Know,2
Recovering,Releasing,2
Arriving,Releasing,2
Bodily_harm,Arriving,2
Perception_active,Death,2
Perception_active,Placing,2
Military_operation,Influence,2
Control,Confronting_problem,2
Presence,GiveUp,2
Arriving,Sending,2
Sending,Creating,2
Filling,Creating,2
Collaboration,Destroying,2
Achieve,Becoming_a_member,2
Process_start,Being_in_operation,2
Reporting,Know,2
Change_event_time,Expressing_publicly,2
Traveling,Action,2
Traveling,Request,2
Killing,Expend_resource,2
Know,Openness,2
Killing,Commerce_pay,2
Sending,Expressing_publicly,2
Killing,Sending,2
Giving,Releasing,2
Departing,Judgment_communication,2
Change_event_time,Motion_directional,2
Cause_change_of_strength,Know,2
Change_event_time,Cause_change_of_strength,2
Motion_directional,Motion_directional,2
Name_conferral,Removing,2
Come_together,Giving,2
Come_together,Supporting,2
Cause_to_amalgamate,Arriving,2
Cause_to_amalgamate,Sending,2
Dispersal,Presence,2
Sending,Supporting,2
Dispersal,Sending,2
Dispersal,Supporting,2
Dispersal,Self_motion,2
Dispersal,Cause_to_amalgamate,2
Self_motion,Reveal_secret,2
Coming_to_be,Filling,2
Cause_change_of_strength,Filling,2
Cause_change_of_strength,Manufacturing,2
Communication,Control,2
Use_firearm,Motion,2
Process_start,Commerce_pay,2
Becoming,Achieve,2
Expansion,Preserving,2
Cause_to_make_progress,Attack,2
Supporting,Change,2
Damaging,Response,2
Motion_directional,Expressing_publicly,2
Surrendering,Request,2
Creating,GetReady,2
Perception_active,Preventing_or_letting,2
Process_end,Violence,2
Forming_relationships,Hindering,2
Forming_relationships,Destroying,2
Forming_relationships,Damaging,2
Manufacturing,Arriving,2
Manufacturing,Catastrophe,2
Destroying,Manufacturing,2
Cause_to_amalgamate,Action,2
Expansion,Recording,2
Expansion,Manufacturing,2
Patrolling,Damaging,2
Education_teaching,Bodily_harm,2
Expansion,Dispersal,2
Being_in_operation,Becoming,2
Dispersal,Filling,2
Openness,Creating,2
Process_start,Surrounding,2
Change,Supporting,2
Renting,Earnings_and_losses,2
Conquering,Writing,2
Hold,Military_operation,2
Hold,Criminal_investigation,2
Hold,Manufacturing,2
Recording,Cause_change_of_position_on_a_scale,2
Creating,Confronting_problem,2
Expressing_publicly,Expansion,2
Sign_agreement,Expansion,2
Confronting_problem,Conquering,2
Destroying,Response,2
Rewards_and_punishments,Death,2
Bringing,Know,2
Motion,Response,2
Action,Change,2
Action,Quarreling,2
Military_operation,Presence,2
Change_of_leadership,Telling,2
Cause_to_amalgamate,Social_event,2
Choosing,Manufacturing,2
Supporting,Dispersal,2
Cause_to_make_progress,Expressing_publicly,2
Killing,Departing,2
Arriving,Presence,2
Supporting,Collaboration,2
Research,Self_motion,2
Commitment,Killing,2
Sign_agreement,Expressing_publicly,2
Surrendering,Sign_agreement,2
Creating,Preserving,2
Commerce_sell,Placing,2
Publishing,Recording,2
Motion_directional,Process_end,2
Military_operation,Recording,2
Becoming,Change_event_time,2
Attack,Bearing_arms,2
Change_of_leadership,Hiding_objects,2
Arrest,Bringing,2
Arranging,Dispersal,2
Preventing_or_letting,Request,2
Process_start,Openness,2
Legal_rulings,Quarreling,2
Becoming_a_member,Request,2
Earnings_and_losses,Sending,2
Coming_to_be,Building,2
Coming_to_be,Surrendering,2
Surrendering,Building,2
Besieging,Building,2
Getting,Action,2
Recovering,Expansion,2
Temporary_stay,Giving,2
Process_start,Writing,2
Convincing,GiveUp,2
Surrounding,Process_start,2
Assistance,Defending,2
Surrounding,Removing,2
Defending,Expressing_publicly,2
Statement,Placing,2
Agree_or_refuse_to_act,Quarreling,2
Statement,Change_sentiment,2
Expend_resource,Earnings_and_losses,2
Presence,Hindering,2
Preserving,Escaping,2
Reforming_a_system,Conquering,2
Giving,Giving,2
Request,Patrolling,2
Besieging,Request,2
Besieging,Achieve,2
Besieging,Patrolling,2
Conquering,Cause_to_make_progress,2
Competition,Cause_to_amalgamate,2
Departing,Telling,2
Communication,Convincing,2
GiveUp,Creating,2
Deciding,Becoming,2
Creating,Bringing,2
Statement,GiveUp,2
Cause_to_amalgamate,Reforming_a_system,2
Removing,Request,2
Statement,Emptying,2
Statement,Deciding,2
Destroying,Violence,2
Reporting,Bodily_harm,2
Reporting,Violence,2
Becoming,Statement,2
Come_together,Request,2
Becoming,Building,2
Becoming,Placing,2
Hindering,Statement,2
Arranging,Openness,2
Deciding,Departing,2
Terrorism,Creating,2
Placing,Resolve_problem,2
Besieging,Hindering,2
Damaging,Recovering,2
Emptying,Process_end,2
Agree_or_refuse_to_act,Connect,2
Building,Motion_directional,2
Cause_to_make_progress,Perception_active,2
Cause_to_make_progress,Reveal_secret,2
Control,Supply,2
Getting,Rescuing,2
Surrendering,Destroying,2
Control,Violence,2
Placing,Motion_directional,2
Placing,Catastrophe,2
Know,Recovering,2
Process_start,Bearing_arms,2
Creating,Traveling,2
Creating,Violence,2
Action,Receiving,2
Supply,Escaping,2
Arranging,Employment,2
Arranging,Recording,2
Building,Arrest,2
Motion_directional,Control,2
Legal_rulings,Receiving,2
Hold,Damaging,2
Committing_crime,Emptying,2
Committing_crime,Being_in_operation,2
Bringing,Removing,2
Quarreling,Attack,2
Quarreling,Check,2
Check,Commerce_sell,2
Arriving,Surrounding,2
Confronting_problem,Coming_to_believe,2
Education_teaching,Becoming,2
Being_in_operation,Bodily_harm,2
Collaboration,Supporting,2
Bodily_harm,Hold,2
Death,Action,2
Come_together,Creating,2
Getting,Receiving,2
Resolve_problem,Conquering,2
Reporting,Quarreling,2
Becoming,Social_event,2
Besieging,Rescuing,2
Cause_to_amalgamate,Catastrophe,2
Quarreling,Process_end,2
Quarreling,Competition,2
Self_motion,Convincing,2
Confronting_problem,Becoming,2
Confronting_problem,Killing,2
Connect,Response,2
Defending,Manufacturing,2
Deciding,Body_movement,2
Expressing_publicly,Name_conferral,2
Hold,Body_movement,2
Becoming_a_member,Motion,2
Terrorism,Communication,2
Terrorism,Telling,2
Earnings_and_losses,Achieve,2
Giving,Cause_to_amalgamate,2
Supply,Agree_or_refuse_to_act,2
Military_operation,Process_start,2
Damaging,Motion_directional,2
Convincing,Action,2
Damaging,Arranging,2
Expend_resource,Bodily_harm,2
Expend_resource,Killing,2
GiveUp,Becoming_a_member,2
Preserving,Destroying,2
Know,Warning,2
Warning,Removing,2
Damaging,Receiving,2
Creating,Receiving,2
Getting,Social_event,2
Receiving,Action,2
Traveling,Defending,2
Communication,Coming_to_be,2
Protest,Motion,2
Protest,Destroying,2
Presence,Use_firearm,2
Protest,Come_together,2
Death,Change_event_time,2
Death,Arranging,2
Cause_change_of_position_on_a_scale,Besieging,2
Terrorism,Destroying,2
Terrorism,Damaging,2
Control,Competition,2
Becoming_a_member,Becoming_a_member,2
Body_movement,Getting,2
Becoming,Process_start,2
Bodily_harm,Reporting,2
Placing,Change_of_leadership,2
Know,Reporting,2
Achieve,Name_conferral,2
Presence,Commitment,2
Openness,Attack,2
Sign_agreement,Telling,2
Motion_directional,Becoming_a_member,2
Arranging,Violence,2
Quarreling,Sign_agreement,2
Becoming_a_member,Escaping,2
Emptying,Committing_crime,2
Scrutiny,Hostile_encounter,2
Becoming_a_member,Traveling,2
Cause_to_make_progress,Manufacturing,2
Cause_to_make_progress,Assistance,2
Warning,Escaping,2
Sending,Building,2
Expressing_publicly,Publishing,2
Telling,Motion,2
Arriving,Recording,2
Escaping,Change_event_time,2
Supply,Killing,2
Scrutiny,Earnings_and_losses,2
Action,Deciding,2
Hold,Commerce_sell,2
Openness,Damaging,2
Openness,Expansion,2
Damaging,Process_start,2
Supply,Placing,2
Arranging,Placing,2
Collaboration,Damaging,2
Quarreling,Defending,2
GiveUp,Change,2
Preventing_or_letting,Damaging,2
Preventing_or_letting,Catastrophe,2
Arriving,Agree_or_refuse_to_act,2
Catastrophe,Defending,2
Hold,Supporting,2
Becoming_a_member,Deciding,2
Body_movement,Change,2
Giving,Perception_active,2
Sign_agreement,Confronting_problem,2
Motion,Besieging,2
Change,Violence,2
Violence,Becoming,2
Violence,Confronting_problem,2
Violence,Perception_active,2
Quarreling,Social_event,2
Preventing_or_letting,Building,2
Coming_to_believe,Preventing_or_letting,2
Bodily_harm,Supply,2
Bodily_harm,Come_together,2
Control,Communication,2
Control,Statement,2
Manufacturing,Statement,2
Sign_agreement,Giving,2
Presence,Hold,2
Action,Recording,2
GiveUp,Control,2
Receiving,Arranging,2
GiveUp,Competition,2
Competition,GiveUp,2
Being_in_operation,Cause_change_of_position_on_a_scale,2
Committing_crime,Perception_active,2
Committing_crime,Cause_to_amalgamate,2
Influence,Giving,2
Defending,Hold,2
Cause_change_of_position_on_a_scale,Process_start,2
Award,Giving,2
Besieging,Self_motion,2
Besieging,Supply,2
Motion_directional,Statement,2
Placing,Competition,2
Creating,Deciding,2
Cause_to_make_progress,Competition,2
Change,Achieve,2
Getting,Award,2
Hold,Cause_to_be_included,2
Manufacturing,Choosing,2
Competition,Commitment,2
Dispersal,Competition,2
Ratification,Bringing,1
Preventing_or_letting,Name_conferral,1
Research,Convincing,1
Arrest,Patrolling,1
Legal_rulings,Criminal_investigation,1
Breathing,Rescuing,1
Breathing,Death,1
Breathing,Check,1
Communication,Committing_crime,1
Control,Risk,1
Risk,Hindering,1
Hindering,Self_motion,1
Hindering,Breathing,1
Earnings_and_losses,Breathing,1
Motion,Breathing,1
Arrest,Body_movement,1
Earnings_and_losses,Temporary_stay,1
Arrest,Breathing,1
Deciding,Extradition,1
Placing,Breathing,1
Agree_or_refuse_to_act,Body_movement,1
Commerce_sell,Arriving,1
Agree_or_refuse_to_act,Breathing,1
Supply,Commerce_pay,1
Reveal_secret,Presence,1
Motion_directional,Releasing,1
Commitment,Achieve,1
Killing,Risk,1
Name_conferral,Judgment_communication,1
Bringing,Catastrophe,1
Ratification,Damaging,1
Building,Scouring,1
Building,Statement,1
Building,Labeling,1
Building,Reporting,1
Arrest,Check,1
Criminal_investigation,Arrest,1
Sending,Prison,1
Reveal_secret,Killing,1
Reveal_secret,Giving,1
Protest,Becoming_a_member,1
Expressing_publicly,Perception_active,1
Social_event,Justifying,1
Theft,Hostile_encounter,1
Theft,Change,1
Supporting,Preventing_or_letting,1
Name_conferral,Publishing,1
Education_teaching,Cause_to_be_included,1
Arranging,Vocalizations,1
Come_together,Vocalizations,1
Competition,Departing,1
Competition,Agree_or_refuse_to_act,1
Competition,Legal_rulings,1
Competition,Hindering,1
Removing,Legal_rulings,1
Change_event_time,Know,1
Request,Ratification,1
Request,Submitting_documents,1
Submitting_documents,Ratification,1
Ratification,Request,1
Submitting_documents,Creating,1
Submitting_documents,Request,1
Earnings_and_losses,Institutionalization,1
Earnings_and_losses,Action,1
Recording,Self_motion,1
Commerce_pay,Recording,1
Quarreling,Process_start,1
Conquering,Extradition,1
Building,Removing,1
Extradition,Killing,1
Attack,Theft,1
Prison,Process_end,1
Incident,Bodily_harm,1
Cause_to_amalgamate,Control,1
Change_of_leadership,Incident,1
Agree_or_refuse_to_act,Action,1
Sign_agreement,Achieve,1
Preserving,Testing,1
Departing,Hindering,1
Justifying,Change,1
Damaging,Rescuing,1
Creating,Rescuing,1
Traveling,Come_together,1
Traveling,Agree_or_refuse_to_act,1
Agree_or_refuse_to_act,Surrendering,1
Building,Agree_or_refuse_to_act,1
Hold,Practice,1
Ratification,Becoming,1
Ratification,Giving,1
Placing,Cause_to_make_progress,1
Risk,Process_start,1
Know,Control,1
Warning,Sending,1
Risk,Sending,1
Warning,Risk,1
Process_start,Risk,1
Scouring,Escaping,1
Having_or_lacking_access,Escaping,1
Cause_change_of_strength,Reveal_secret,1
Receiving,Destroying,1
Influence,Receiving,1
Releasing,Expressing_publicly,1
Influence,Collaboration,1
Becoming,Expansion,1
Becoming,Bringing,1
Change,Deciding,1
Theft,Criminal_investigation,1
Destroying,Criminal_investigation,1
Commerce_pay,Criminal_investigation,1
Exchange,Removing,1
Exchange,Justifying,1
Commerce_pay,Justifying,1
Justifying,Removing,1
Commerce_pay,Know,1
Know,Reforming_a_system,1
Justifying,Criminal_investigation,1
Connect,Temporary_stay,1
Wearing,Request,1
Recovering,Expressing_publicly,1
Arranging,Research,1
Removing,Research,1
Bodily_harm,Dispersal,1
Sign_agreement,Commitment,1
Commitment,Exchange,1
Response,Institutionalization,1
Response,Ingestion,1
Preventing_or_letting,Cause_to_be_included,1
Ingestion,Institutionalization,1
Know,Being_in_operation,1
Hostile_encounter,Ratification,1
Choosing,Action,1
Robbery,Action,1
Commitment,Hostile_encounter,1
Hindering,Change,1
Getting,Change_of_leadership,1
Cause_change_of_strength,Giving,1
Institutionalization,Death,1
Control,Come_together,1
Wearing,GiveUp,1
Wearing,Agree_or_refuse_to_act,1
Creating,Wearing,1
Connect,Supporting,1
Change_sentiment,Attack,1
Change_sentiment,Damaging,1
Bringing,Releasing,1
Bringing,Getting,1
Influence,Releasing,1
Committing_crime,Change_event_time,1
Convincing,Cure,1
Expansion,Coming_to_believe,1
Change_sentiment,Becoming,1
Supporting,Becoming,1
Change_sentiment,Supporting,1
Hindering,Coming_to_be,1
Request,Wearing,1
Recovering,Action,1
Recovering,Change_event_time,1
Hostile_encounter,Suspicion,1
Supporting,Being_in_operation,1
Expressing_publicly,Supporting,1
Expressing_publicly,Giving,1
Coming_to_be,Wearing,1
Telling,Coming_to_believe,1
Change,Cause_to_be_included,1
Practice,Receiving,1
Practice,Earnings_and_losses,1
Assistance,Resolve_problem,1
Risk,Bodily_harm,1
Sign_agreement,Self_motion,1
Collaboration,Self_motion,1
Sign_agreement,Bodily_harm,1
Forming_relationships,Legality,1
Receiving,Change_of_leadership,1
Risk,Sign_agreement,1
Earnings_and_losses,Surrendering,1
Resolve_problem,Recovering,1
Motion_directional,Coming_to_be,1
Cause_change_of_position_on_a_scale,Filling,1
Publishing,Vocalizations,1
Deciding,Resolve_problem,1
Coming_to_be,Vocalizations,1
Filling,Cause_change_of_position_on_a_scale,1
Placing,Rewards_and_punishments,1
Reforming_a_system,Influence,1
Coming_to_believe,Response,1
Coming_to_believe,Commitment,1
Change_sentiment,Arranging,1
Response,Wearing,1
Violence,Control,1
Change_of_leadership,Reforming_a_system,1
Arriving,Reforming_a_system,1
Coming_to_believe,Wearing,1
Assistance,Reforming_a_system,1
Removing,Earnings_and_losses,1
Attack,Wearing,1
Name_conferral,Change,1
Change_sentiment,Cause_to_amalgamate,1
Influence,Dispersal,1
Becoming_a_member,Control,1
Hiding_objects,Legal_rulings,1
Hiding_objects,Death,1
Hiding_objects,Bringing,1
Death,Choosing,1
Convincing,Judgment_communication,1
Deciding,Coming_to_believe,1
Use_firearm,Protest,1
Legal_rulings,Change,1
Legal_rulings,Protest,1
Destroying,Openness,1
Request,Temporary_stay,1
Convincing,Change_event_time,1
Commitment,Assistance,1
Convincing,Arriving,1
Preventing_or_letting,Change_event_time,1
Kidnapping,Hold,1
Convincing,Extradition,1
Kidnapping,Extradition,1
Hold,Extradition,1
Convincing,Hold,1
Motion,Extradition,1
Arranging,Body_movement,1
Coming_to_believe,Prison,1
Cause_to_be_included,Prison,1
Reveal_secret,Arrest,1
Reveal_secret,Placing,1
Cause_to_be_included,Legality,1
Cause_to_be_included,Coming_to_believe,1
Cause_to_be_included,Legal_rulings,1
Cause_to_be_included,Removing,1
Kidnapping,Scrutiny,1
Convincing,Killing,1
Releasing,Committing_crime,1
Departing,Releasing,1
Kidnapping,Kidnapping,1
Kidnapping,Defending,1
Departing,Change_sentiment,1
Kidnapping,Change_sentiment,1
Kidnapping,Warning,1
Carry_goods,Sending,1
Communication,Award,1
GetReady,Control,1
Change_tool,Attack,1
Change_tool,Judgment_communication,1
Change_tool,Assistance,1
Hold,Carry_goods,1
Change_tool,Death,1
Process_end,Motion_directional,1
Change_tool,Destroying,1
Agree_or_refuse_to_act,Motion_directional,1
Change_tool,Motion_directional,1
Create_artwork,Deciding,1
Manufacturing,Vocalizations,1
Agree_or_refuse_to_act,Bringing,1
Presence,Defending,1
Motion,Ingestion,1
Judgment_communication,Justifying,1
Receiving,Social_event,1
Commerce_pay,Motion,1
Commerce_pay,Departing,1
Bodily_harm,Preserving,1
Change,Preserving,1
Influence,Come_together,1
Arrest,Cause_change_of_position_on_a_scale,1
Arrest,Change,1
Destroying,Prison,1
Coming_to_be,Prison,1
Destroying,Arrest,1
Manufacturing,Confronting_problem,1
Response,Giving,1
Scouring,Coming_to_be,1
Escaping,Use_firearm,1
Publishing,Criminal_investigation,1
Publishing,Giving,1
Giving,Criminal_investigation,1
Recovering,Sending,1
Ratification,Sending,1
Building,Besieging,1
Telling,Resolve_problem,1
Hindering,Bringing,1
Process_end,Arranging,1
Rescuing,Recovering,1
Military_operation,Submitting_documents,1
Violence,Reforming_a_system,1
Dispersal,Dispersal,1
Expansion,Expend_resource,1
Arrest,Dispersal,1
Dispersal,Arrest,1
Scrutiny,Coming_to_believe,1
Death,Arrest,1
Commerce_sell,Damaging,1
Process_start,Change_sentiment,1
Sending,Recording,1
Placing,Recording,1
Openness,Influence,1
Openness,Arrest,1
Openness,Committing_crime,1
Openness,Legal_rulings,1
Arriving,Manufacturing,1
Body_movement,Creating,1
Traveling,Surrounding,1
Bringing,Communication,1
Communication,Quarreling,1
Robbery,Attack,1
Writing,Check,1
Coming_to_be,Protest,1
Becoming_a_member,Cause_to_amalgamate,1
Protest,Bringing,1
Preserving,Supply,1
Reveal_secret,Removing,1
Destroying,Commitment,1
Use_firearm,Military_operation,1
Expressing_publicly,Use_firearm,1
Justifying,Attack,1
Testing,Deciding,1
Coming_to_believe,Deciding,1
Change_of_leadership,Reporting,1
Sign_agreement,Building,1
Temporary_stay,Catastrophe,1
Temporary_stay,Connect,1
Rewards_and_punishments,Cause_change_of_strength,1
Cure,Death,1
Giving,Legality,1
Defending,Catastrophe,1
Rescuing,Change_of_leadership,1
Sign_agreement,Releasing,1
Rescuing,Catastrophe,1
Defending,Rewards_and_punishments,1
Defending,Sign_agreement,1
Reveal_secret,Conquering,1
Reveal_secret,Hostile_encounter,1
Use_firearm,Choosing,1
Patrolling,Scrutiny,1
Incident,Killing,1
Deciding,Use_firearm,1
Suspicion,Testing,1
Incident,Judgment_communication,1
Incident,Testing,1
Military_operation,Deciding,1
Incident,Suspicion,1
Control,Check,1
Incident,Know,1
Response,Rescuing,1
Scouring,Check,1
Scouring,Reporting,1
Cause_to_amalgamate,Manufacturing,1
Convincing,GetReady,1
Use_firearm,Preventing_or_letting,1
Expressing_publicly,Prison,1
Action,GiveUp,1
Influence,Perception_active,1
Influence,Choosing,1
Influence,Commerce_sell,1
Influence,Testing,1
Testing,Creating,1
Commerce_buy,Process_start,1
Bringing,Commerce_pay,1
Deciding,Commerce_pay,1
Bringing,Deciding,1
Dispersal,Bodily_harm,1
Building,Motion,1
Dispersal,Receiving,1
Dispersal,Achieve,1
Reporting,Escaping,1
Achieve,Expansion,1
Expansion,Motion,1
Statement,Choosing,1
Traveling,Risk,1
Getting,Come_together,1
Change_sentiment,Risk,1
Arrest,Earnings_and_losses,1
Traveling,Change_sentiment,1
Achieve,Cause_change_of_position_on_a_scale,1
Departing,Employment,1
Coming_to_believe,Justifying,1
Departing,Come_together,1
Come_together,Employment,1
Change,Response,1
Request,Achieve,1
Death,Supply,1
Death,Receiving,1
Death,Vocalizations,1
Hold,Violence,1
Hold,GetReady,1
Deciding,GetReady,1
Deciding,Violence,1
GetReady,Violence,1
Telling,Killing,1
Telling,Bodily_harm,1
Telling,Destroying,1
Ratification,Cause_to_make_progress,1
Ratification,Building,1
Social_event,Cure,1
Legality,Arrest,1
Placing,Cure,1
Judgment_communication,Self_motion,1
Agree_or_refuse_to_act,Traveling,1
Getting,Commerce_buy,1
Escaping,Extradition,1
Arriving,Legal_rulings,1
Arriving,Traveling,1
Forming_relationships,Scrutiny,1
Choosing,Warning,1
Removing,Releasing,1
Process_start,Research,1
GetReady,Come_together,1
Quarreling,Deciding,1
Having_or_lacking_access,Control,1
Confronting_problem,Having_or_lacking_access,1
Rite,Giving,1
Scouring,Confronting_problem,1
Destroying,Scouring,1
Being_in_operation,Sending,1
Destroying,Coming_to_believe,1
Recording,Create_artwork,1
Recording,Cause_to_amalgamate,1
Choosing,Response,1
Confronting_problem,Achieve,1
Testing,Coming_to_be,1
Change,Placing,1
Damaging,Cause_to_amalgamate,1
Surrounding,Cause_change_of_position_on_a_scale,1
Supply,Create_artwork,1
Supply,Publishing,1
Influence,Create_artwork,1
Supply,Influence,1
Bringing,Escaping,1
Giving,Dispersal,1
Testing,Writing,1
Motion,Cause_to_be_included,1
Motion,Commerce_sell,1
Influence,Hindering,1
Departing,Legal_rulings,1
Departing,Getting,1
Placing,Warning,1
Placing,Prison,1
Warning,Prison,1
Warning,Arrest,1
Warning,Legal_rulings,1
Writing,Research,1
Damaging,Dispersal,1
Temporary_stay,Dispersal,1
Violence,Change_event_time,1
GiveUp,Revenge,1
GiveUp,Statement,1
Agree_or_refuse_to_act,Sending,1
Quarreling,Supply,1
Preventing_or_letting,Revenge,1
Agree_or_refuse_to_act,Revenge,1
GiveUp,Agree_or_refuse_to_act,1
Sending,Vocalizations,1
Process_start,Labeling,1
Manufacturing,Patrolling,1
Expend_resource,Defending,1
Expend_resource,Becoming_a_member,1
Theft,Reveal_secret,1
Reveal_secret,Having_or_lacking_access,1
Communication,Having_or_lacking_access,1
Cause_to_amalgamate,Having_or_lacking_access,1
Cause_to_amalgamate,Communication,1
Cause_to_amalgamate,Reveal_secret,1
Cause_to_amalgamate,Statement,1
Defending,Having_or_lacking_access,1
Defending,Reveal_secret,1
Theft,Communication,1
Communication,Theft,1
Cause_to_amalgamate,Theft,1
Theft,Judgment_communication,1
Defending,Theft,1
Theft,Statement,1
Protest,Giving,1
Presence,Protest,1
Bodily_harm,Agree_or_refuse_to_act,1
Bodily_harm,Legality,1
Collaboration,Hostile_encounter,1
Submitting_documents,Extradition,1
Submitting_documents,Arrest,1
Military_operation,Employment,1
Assistance,Departing,1
Destroying,Reveal_secret,1
Reveal_secret,Motion,1
Coming_to_be,Institutionalization,1
Destroying,Institutionalization,1
Recovering,Telling,1
Recovering,Suspicion,1
Reveal_secret,Suspicion,1
Recovering,Reveal_secret,1
Motion,Suspicion,1
Suspicion,Telling,1
Destroying,Suspicion,1
Recovering,Coming_to_be,1
Recovering,Institutionalization,1
Commerce_buy,Change_of_leadership,1
Hostile_encounter,Being_in_operation,1
Change_event_time,Change_of_leadership,1
Giving,Publishing,1
Giving,Communication,1
Employment,Coming_to_believe,1
Sign_agreement,Departing,1
Arrest,Sign_agreement,1
Writing,Communication,1
Terrorism,Releasing,1
Terrorism,Prison,1
Prison,Releasing,1
Reveal_secret,Releasing,1
Influence,Presence,1
Influence,Preserving,1
Expansion,Expansion,1
Military_operation,Revenge,1
Cause_to_make_progress,Hindering,1
Testing,Convincing,1
Convincing,Testing,1
Education_teaching,Becoming_a_member,1
Institutionalization,Commerce_buy,1
Check,Supporting,1
Wearing,Suspicion,1
Choosing,Education_teaching,1
Bodily_harm,Process_start,1
Receiving,Rescuing,1
Hostile_encounter,Rite,1
Rescuing,Rite,1
Receiving,Rite,1
Theft,Rescuing,1
Scouring,Self_motion,1
Hostile_encounter,Bearing_arms,1
Change,Military_operation,1
Achieve,Process_end,1
Wearing,Name_conferral,1
Wearing,Know,1
Name_conferral,Know,1
Preventing_or_letting,Hindering,1
Cause_change_of_position_on_a_scale,Commerce_pay,1
Deciding,Revenge,1
Arranging,Resolve_problem,1
Arranging,Suspicion,1
Know,Resolve_problem,1
Filling,Arrest,1
Filling,Attack,1
Presence,Committing_crime,1
Filling,Suspicion,1
Filling,Openness,1
Creating,Create_artwork,1
Sign_agreement,Create_artwork,1
Ingestion,Getting,1
Resolve_problem,Coming_to_believe,1
Quarreling,Quarreling,1
Confronting_problem,Communication,1
Confronting_problem,Getting,1
Quarreling,Cause_to_make_progress,1
Process_end,Coming_to_believe,1
Resolve_problem,Action,1
Committing_crime,Cause_change_of_position_on_a_scale,1
Deciding,Killing,1
Committing_crime,Arriving,1
Committing_crime,Choosing,1
Control,Resolve_problem,1
Committing_crime,Deciding,1
Request,Committing_crime,1
Receiving,Education_teaching,1
Ratification,Judgment_communication,1
Bodily_harm,Choosing,1
Destroying,Process_start,1
Hostile_encounter,Risk,1
Giving,Employment,1
Military_operation,Terrorism,1
Convincing,Sign_agreement,1
Giving,Reforming_a_system,1
Reforming_a_system,Collaboration,1
Reforming_a_system,Judgment_communication,1
Scouring,Death,1
Reveal_secret,Coming_to_believe,1
Damaging,Telling,1
Judgment_communication,Protest,1
Scouring,Manufacturing,1
Removing,Hindering,1
Change,Hostile_encounter,1
Arranging,Bringing,1
Education_teaching,Request,1
Convincing,Employment,1
Convincing,Openness,1
Education_teaching,Communication,1
Arrest,Filling,1
Employment,Check,1
Action,Expend_resource,1
Agree_or_refuse_to_act,Giving,1
Preventing_or_letting,Statement,1
Giving,Departing,1
Change_event_time,Cause_change_of_position_on_a_scale,1
Request,Departing,1
Emergency,Protest,1
Becoming_a_member,Arranging,1
Placing,Scrutiny,1
Communication,Commerce_pay,1
GetReady,Deciding,1
Warning,Process_end,1
GetReady,Change_sentiment,1
Telling,Change_event_time,1
Change_sentiment,Deciding,1
Creating,Commitment,1
Resolve_problem,Award,1
Violence,Use_firearm,1
Criminal_investigation,Killing,1
Earnings_and_losses,Award,1
Legality,Check,1
Convincing,Receiving,1
Patrolling,Reporting,1
Surrounding,Earnings_and_losses,1
Commerce_buy,Traveling,1
Presence,Competition,1
Publishing,Wearing,1
Cause_change_of_strength,Scouring,1
Ratification,Change_of_leadership,1
Ratification,Commerce_pay,1
Ratification,Education_teaching,1
Justifying,Motion,1
Ratification,Bearing_arms,1
Becoming,Hold,1
Giving,Surrendering,1
Change_of_leadership,Warning,1
Arriving,Response,1
Expansion,Control,1
Giving,Expansion,1
Choosing,Presence,1
Testing,Legal_rulings,1
Wearing,Removing,1
Legal_rulings,Hold,1
Judgment_communication,Testing,1
Judgment_communication,GiveUp,1
Judgment_communication,Hold,1
Motion,Testing,1
Know,Hold,1
Dispersal,Becoming,1
Testing,Releasing,1
Deciding,Communication,1
Ingestion,Surrendering,1
Come_together,Having_or_lacking_access,1
Military_operation,Having_or_lacking_access,1
Military_operation,Scrutiny,1
Coming_to_believe,Having_or_lacking_access,1
Military_operation,Coming_to_believe,1
Besieging,Military_operation,1
Besieging,Scrutiny,1
Criminal_investigation,Cause_to_be_included,1
Communication,Use_firearm,1
Use_firearm,Connect,1
Kidnapping,Know,1
Commerce_buy,Influence,1
Suspicion,Departing,1
Commerce_buy,Know,1
Kidnapping,Influence,1
Ratification,Ratification,1
Hold,Quarreling,1
Publishing,Expansion,1
Process_start,Submitting_documents,1
Surrounding,Openness,1
Surrounding,Body_movement,1
Violence,Submitting_documents,1
Use_firearm,Coming_to_believe,1
Publishing,Change_of_leadership,1
Conquering,Coming_to_believe,1
Legality,Preventing_or_letting,1
Destroying,Legality,1
Use_firearm,Conquering,1
Defending,Publishing,1
Change_sentiment,Releasing,1
Surrounding,Preventing_or_letting,1
Releasing,Bodily_harm,1
Choosing,Commerce_pay,1
Choosing,Convincing,1
Preventing_or_letting,Removing,1
Preventing_or_letting,Choosing,1
Reporting,Commerce_pay,1
Criminal_investigation,Commerce_pay,1
Reporting,Convincing,1
Influence,Criminal_investigation,1
Choosing,Criminal_investigation,1
Influence,Deciding,1
Departing,Change,1
Sending,Ratification,1
Preserving,Filling,1
Check,Agree_or_refuse_to_act,1
Supply,Check,1
Traveling,Cure,1
Traveling,Committing_crime,1
Statement,Cause_to_make_progress,1
Deciding,Submitting_documents,1
Ratification,Supply,1
Reforming_a_system,Scrutiny,1
Warning,Hostile_encounter,1
Expansion,Request,1
Expansion,Placing,1
Body_movement,Name_conferral,1
Agree_or_refuse_to_act,Competition,1
Reveal_secret,Process_start,1
Practice,Self_motion,1
Practice,Escaping,1
Practice,Cause_change_of_position_on_a_scale,1
Resolve_problem,Legal_rulings,1
Telling,Justifying,1
Resolve_problem,Confronting_problem,1
Labeling,Coming_to_be,1
Expressing_publicly,Receiving,1
Change_event_time,Becoming,1
Attack,Institutionalization,1
Bodily_harm,Institutionalization,1
Motion,Institutionalization,1
Request,Extradition,1
Self_motion,Telling,1
Attack,Award,1
Self_motion,Change_of_leadership,1
Self_motion,Award,1
Bringing,Employment,1
Employment,Cause_change_of_position_on_a_scale,1
Attack,Lighting,1
Renting,Recovering,1
Renting,Cause_change_of_position_on_a_scale,1
Receiving,Assistance,1
GetReady,Placing,1
Connect,Cause_to_amalgamate,1
Hostile_encounter,Employment,1
Connect,Expansion,1
Conquering,Perception_active,1
Request,Recording,1
Change_sentiment,Recovering,1
Attack,Expansion,1
Change_sentiment,Bodily_harm,1
Supporting,Openness,1
Patrolling,Openness,1
Supporting,Patrolling,1
Control,Recording,1
Control,Lighting,1
Lighting,Building,1
Robbery,Building,1
Change,Cause_change_of_strength,1
Use_firearm,Earnings_and_losses,1
Recording,Attack,1
Recording,Being_in_operation,1
Being_in_operation,Attack,1
Control,Becoming_a_member,1
Building,Criminal_investigation,1
Manufacturing,Recording,1
Change_event_time,Defending,1
Warning,Justifying,1
Statement,Killing,1
Surrendering,Change_event_time,1
Extradition,Know,1
Escaping,Reveal_secret,1
Expressing_publicly,Convincing,1
Expressing_publicly,Wearing,1
Convincing,Wearing,1
Create_artwork,Conquering,1
Expansion,Hindering,1
Expansion,Hiding_objects,1
Expressing_publicly,Influence,1
Coming_to_believe,Assistance,1
Control,Commerce_sell,1
Control,Employment,1
Building,Lighting,1
Lighting,Cause_to_make_progress,1
Building,Cause_to_make_progress,1
Create_artwork,Arranging,1
Create_artwork,Cause_to_make_progress,1
Quarreling,Catastrophe,1
Quarreling,Damaging,1
Commitment,Change_sentiment,1
Arranging,Ratification,1
Coming_to_be,Ratification,1
Action,Traveling,1
Coming_to_believe,Escaping,1
Writing,Response,1
Giving,Traveling,1
Preserving,Becoming_a_member,1
Giving,Research,1
Submitting_documents,Response,1
Process_end,Traveling,1
Research,Check,1
Destroying,Becoming_a_member,1
Collaboration,Legal_rulings,1
Catastrophe,Terrorism,1
Coming_to_be,Labeling,1
Reporting,Labeling,1
Reporting,Terrorism,1
Cause_change_of_position_on_a_scale,Name_conferral,1
Creating,Testing,1
Becoming_a_member,Preventing_or_letting,1
Body_movement,Hold,1
Body_movement,Body_movement,1
Scouring,Process_start,1
Preventing_or_letting,Scouring,1
Filling,GiveUp,1
Arriving,Scouring,1
Scouring,Killing,1
Request,Lighting,1
Temporary_stay,Change,1
Commerce_sell,Legality,1
Commerce_sell,Getting,1
Becoming,Legality,1
Publishing,Response,1
Judgment_communication,Confronting_problem,1
Reveal_secret,Scrutiny,1
Reveal_secret,Defending,1
Arrest,Confronting_problem,1
Coming_to_be,Kidnapping,1
Scouring,Arranging,1
Statement,Supporting,1
Warning,Receiving,1
Cause_change_of_position_on_a_scale,Revenge,1
Destroying,Employment,1
Arranging,Revenge,1
Commerce_buy,Change,1
Commerce_pay,Commerce_sell,1
Coming_to_be,Robbery,1
Control,Arranging,1
Destroying,Recording,1
Getting,Expend_resource,1
Escaping,Expend_resource,1
Getting,Know,1
Know,Expend_resource,1
Expend_resource,Openness,1
GiveUp,Openness,1
Expend_resource,GiveUp,1
Judgment_communication,Supporting,1
Forming_relationships,Change,1
Expressing_publicly,Forming_relationships,1
Expansion,Supporting,1
Patrolling,Change_sentiment,1
Statement,Recording,1
Employment,Deciding,1
Openness,Social_event,1
Departing,Scrutiny,1
Legality,Commerce_pay,1
Arrest,Commerce_pay,1
Destroying,Commerce_pay,1
Know,Commerce_pay,1
Change,Convincing,1
Wearing,Hindering,1
Bodily_harm,Wearing,1
Sign_agreement,Ratification,1
Arriving,Forming_relationships,1
Motion_directional,Recovering,1
Choosing,Research,1
Preventing_or_letting,Forming_relationships,1
Motion_directional,Research,1
Warning,Reporting,1
Response,Surrounding,1
Communication,Resolve_problem,1
Criminal_investigation,Change_event_time,1
Know,Commitment,1
Recording,Reveal_secret,1
Presence,Suspicion,1
Dispersal,Recording,1
Emergency,Dispersal,1
Emergency,Arrest,1
Emergency,Recovering,1
Bodily_harm,Communication,1
Reveal_secret,Attack,1
Coming_to_believe,Departing,1
Defending,Change_event_time,1
Control,Telling,1
Preventing_or_letting,Connect,1
Robbery,Removing,1
Process_start,Justifying,1
Hold,Check,1
Hold,Reveal_secret,1
Hold,Labeling,1
Cause_to_make_progress,Control,1
Openness,Agree_or_refuse_to_act,1
Openness,Submitting_documents,1
Choosing,Perception_active,1
Cause_to_make_progress,Social_event,1
Process_end,Legal_rulings,1
Lighting,Criminal_investigation,1
Criminal_investigation,Coming_to_be,1
Lighting,Reporting,1
Lighting,Coming_to_be,1
Getting,Use_firearm,1
Getting,Arrest,1
Getting,Reporting,1
Statement,Criminal_investigation,1
Hindering,Expressing_publicly,1
Getting,Hiding_objects,1
Building,Award,1
Response,Body_movement,1
Change_sentiment,Giving,1
Motion_directional,Forming_relationships,1
GetReady,Departing,1
Request,Forming_relationships,1
Change_sentiment,Bringing,1
Know,Forming_relationships,1
Lighting,Killing,1
Lighting,Damaging,1
Coming_to_be,Lighting,1
Cause_change_of_strength,Statement,1
Change,Communication,1
Change,Testing,1
Presence,Testing,1
Destroying,Convincing,1
Wearing,Bodily_harm,1
Wearing,Killing,1
Carry_goods,Bodily_harm,1
Carry_goods,Attack,1
Wearing,Carry_goods,1
Rewards_and_punishments,Check,1
Surrounding,Prison,1
Surrounding,Giving,1
Labeling,Legality,1
Come_together,Rescuing,1
Communication,Rescuing,1
Cause_to_amalgamate,Legality,1
Cause_to_amalgamate,Change_event_time,1
Commerce_buy,Cause_change_of_position_on_a_scale,1
Quarreling,Cause_change_of_position_on_a_scale,1
Confronting_problem,Cause_change_of_position_on_a_scale,1
Defending,GiveUp,1
Commerce_buy,Hostile_encounter,1
Defending,Hiding_objects,1
Becoming_a_member,Cause_to_make_progress,1
Giving,Hindering,1
Expressing_publicly,Hindering,1
Earnings_and_losses,Exchange,1
Response,Getting,1
Becoming_a_member,Kidnapping,1
Creating,Being_in_operation,1
Becoming_a_member,Hold,1
Deciding,Kidnapping,1
Motion_directional,Social_event,1
Process_end,Dispersal,1
Forming_relationships,Placing,1
Forming_relationships,Assistance,1
Temporary_stay,Presence,1
Body_movement,Arrest,1
Body_movement,Releasing,1
Perception_active,Scouring,1
Traveling,Scouring,1
Scouring,Arrest,1
Come_together,Scouring,1
Perception_active,Traveling,1
Perception_active,Arrest,1
Process_start,Scouring,1
Scouring,Releasing,1
Perception_active,Come_together,1
Come_together,Arrest,1
Body_movement,Come_together,1
Body_movement,Traveling,1
Social_event,Military_operation,1
Violence,Sign_agreement,1
Cause_change_of_position_on_a_scale,Limiting,1
Commerce_pay,Cause_change_of_position_on_a_scale,1
Limiting,Temporary_stay,1
Social_event,Wearing,1
Cause_change_of_position_on_a_scale,Giving,1
Hiding_objects,Cause_change_of_position_on_a_scale,1
Damaging,Getting,1
Damaging,Criminal_investigation,1
Traveling,Testing,1
Violence,Process_start,1
Supply,Hindering,1
Manufacturing,Quarreling,1
Body_movement,Telling,1
Body_movement,Destroying,1
Body_movement,Openness,1
Body_movement,Killing,1
Body_movement,Presence,1
Motion,Lighting,1
Motion,Employment,1
Earnings_and_losses,Lighting,1
Earnings_and_losses,Employment,1
Earnings_and_losses,Telling,1
Body_movement,Lighting,1
Earnings_and_losses,Body_movement,1
Body_movement,Employment,1
Body_movement,Conquering,1
Influence,Scrutiny,1
Emptying,Achieve,1
Communication,Achieve,1
Building,Achieve,1
Escaping,Education_teaching,1
Destroying,Risk,1
Bodily_harm,Supporting,1
Departing,Confronting_problem,1
Communication,Cause_to_make_progress,1
Reveal_secret,Convincing,1
Recording,Convincing,1
Statement,Releasing,1
Being_in_operation,Cause_to_be_included,1
Bringing,Convincing,1
Reveal_secret,Bringing,1
Action,Dispersal,1
Cause_to_be_included,Destroying,1
Cause_to_be_included,Bodily_harm,1
Releasing,Process_end,1
Arrest,Robbery,1
Creating,Revenge,1
Military_operation,Dispersal,1
Arrest,Destroying,1
Check,Placing,1
Self_motion,Limiting,1
Convincing,Cause_change_of_strength,1
Preventing_or_letting,GetReady,1
Convincing,Cause_change_of_position_on_a_scale,1
Becoming,Perception_active,1
Temporary_stay,Expansion,1
Statement,Response,1
Preventing_or_letting,Expansion,1
Temporary_stay,Preventing_or_letting,1
Assistance,Scrutiny,1
Departing,Justifying,1
Hold,Testing,1
Committing_crime,Rewards_and_punishments,1
Emptying,Legal_rulings,1
Death,Writing,1
Coming_to_believe,Killing,1
Control,Commitment,1
Arriving,Research,1
Manufacturing,Name_conferral,1
Change,Traveling,1
Judgment_communication,Extradition,1
Assistance,Extradition,1
Assistance,Placing,1
Legality,Dispersal,1
Self_motion,Releasing,1
Self_motion,Legality,1
Extradition,Dispersal,1
Releasing,Dispersal,1
Legality,Extradition,1
Legality,Assistance,1
Legality,Placing,1
Self_motion,Prison,1
Releasing,Extradition,1
Extradition,Placing,1
Self_motion,Extradition,1
Judgment_communication,Presence,1
Death,Prison,1
Legal_rulings,Dispersal,1
Judgment_communication,Legality,1
Death,Extradition,1
Assistance,Dispersal,1
Legal_rulings,Extradition,1
Legal_rulings,Placing,1
Action,Control,1
Placing,Building,1
Submitting_documents,Competition,1
Submitting_documents,Becoming,1
Expressing_publicly,Building,1
Competition,Exchange,1
Bringing,Earnings_and_losses,1
Conquering,Practice,1
Robbery,Arriving,1
Theft,Arriving,1
Robbery,Theft,1
Damaging,Recording,1
Destroying,Award,1
Legal_rulings,Request,1
Traveling,Assistance,1
Committing_crime,Assistance,1
Openness,Preventing_or_letting,1
Escaping,Influence,1
Removing,Carry_goods,1
Body_movement,Dispersal,1
Presence,Military_operation,1
Perception_active,Giving,1
Justifying,Communication,1
Justifying,Sign_agreement,1
Temporary_stay,Supply,1
Temporary_stay,Research,1
Temporary_stay,Preserving,1
Temporary_stay,Defending,1
Temporary_stay,Testing,1
Testing,Preserving,1
Temporary_stay,Competition,1
Recovering,Surrounding,1
Hold,Theft,1
Emptying,Arrest,1
Statement,Competition,1
Writing,Publishing,1
Writing,Receiving,1
Writing,Award,1
Commitment,Revenge,1
Kidnapping,Building,1
Come_together,Cause_change_of_position_on_a_scale,1
Death,Preserving,1
Defending,Rite,1
Ingestion,Influence,1
Wearing,Conquering,1
Wearing,Escaping,1
Testing,Bringing,1
Testing,Change_event_time,1
Testing,Hostile_encounter,1
Change_event_time,Preventing_or_letting,1
Change_event_time,Hostile_encounter,1
Killing,Cure,1
Choosing,Being_in_operation,1
Agree_or_refuse_to_act,Having_or_lacking_access,1
Agree_or_refuse_to_act,Damaging,1
Control,Having_or_lacking_access,1
Control,Influence,1
Coming_to_believe,Use_firearm,1
Giving,Temporary_stay,1
Self_motion,Temporary_stay,1
Commerce_sell,Temporary_stay,1
Commerce_sell,Self_motion,1
Motion,Committing_crime,1
Action,Committing_crime,1
Assistance,Arranging,1
Confronting_problem,Statement,1
Scouring,Emptying,1
Recovering,Achieve,1
Recovering,Preserving,1
Robbery,Destroying,1
Confronting_problem,Change_event_time,1
Cause_to_amalgamate,Employment,1
Come_together,Create_artwork,1
Warning,Judgment_communication,1
Presence,Lighting,1
Arriving,Having_or_lacking_access,1
Manufacturing,Forming_relationships,1
Manufacturing,Request,1
Robbery,Supply,1
Removing,Rescuing,1
Name_conferral,Deciding,1
Bringing,Hiding_objects,1
Wearing,Hiding_objects,1
Deciding,Research,1
Process_end,Research,1
Traveling,Scrutiny,1
Agree_or_refuse_to_act,Response,1
Change_of_leadership,Social_event,1
Commitment,Social_event,1
Giving,Recording,1
Cause_to_amalgamate,Violence,1
Come_together,Criminal_investigation,1
Coming_to_be,Violence,1
Violence,Name_conferral,1
Getting,Influence,1
Action,Assistance,1
Temporary_stay,Arriving,1
Hold,Legality,1
Arranging,Exchange,1
Arranging,Releasing,1
Hold,Exchange,1
Preserving,Writing,1
Legality,Becoming,1
Legality,Military_operation,1
Conquering,Having_or_lacking_access,1
Cause_change_of_position_on_a_scale,Publishing,1
Removing,Judgment_communication,1
Request,Commerce_buy,1
Sending,Telling,1
Arriving,Patrolling,1
Sending,Create_artwork,1
Coming_to_be,Patrolling,1
Coming_to_be,Create_artwork,1
Sending,Award,1
Surrendering,Sending,1
Preventing_or_letting,Telling,1
Temporary_stay,Becoming,1
Temporary_stay,Assistance,1
Assistance,Becoming,1
Arrest,Rewards_and_punishments,1
Rewards_and_punishments,Becoming,1
Arrest,Becoming,1
Process_end,Rewards_and_punishments,1
Temporary_stay,Arrest,1
Arrest,Assistance,1
Temporary_stay,Rewards_and_punishments,1
Rewards_and_punishments,Assistance,1
Expansion,Arranging,1
Presence,Supply,1
Surrounding,Receiving,1
Bodily_harm,Defending,1
Surrounding,Cause_to_make_progress,1
Reporting,Response,1
Reporting,Arranging,1
Bodily_harm,Catastrophe,1
Assistance,Prison,1
Motion,Prison,1
Hindering,Prison,1
Social_event,Becoming_a_member,1
Getting,Presence,1
Submitting_documents,Process_end,1
Building,Submitting_documents,1
Supporting,Influence,1
Supporting,Submitting_documents,1
Building,Bringing,1
Building,Influence,1
Supporting,Building,1
Body_movement,Change_event_time,1
Process_end,Protest,1
Body_movement,Change_sentiment,1
Process_end,Change_sentiment,1
Body_movement,Response,1
Process_end,Perception_active,1
Body_movement,Protest,1
Earnings_and_losses,Change_sentiment,1
Getting,Perception_active,1
Getting,Protest,1
Earnings_and_losses,Response,1
Change_event_time,Change_sentiment,1
Change_event_time,Perception_active,1
Change_event_time,Protest,1
Getting,Change_sentiment,1
Writing,Labeling,1
Motion_directional,GetReady,1
Surrendering,GetReady,1
Emptying,GetReady,1
Know,Limiting,1
Motion_directional,Surrendering,1
Request,Limiting,1
Surrendering,Emptying,1
Communication,Openness,1
Sign_agreement,Sign_agreement,1
Labeling,Change_of_leadership,1
Hold,Recovering,1
Military_operation,Becoming_a_member,1
Education_teaching,Arranging,1
Departing,Education_teaching,1
Deciding,Connect,1
Becoming_a_member,Education_teaching,1
Arranging,Committing_crime,1
Besieging,Know,1
Agree_or_refuse_to_act,Social_event,1
Removing,Reporting,1
Sending,Dispersal,1
Coming_to_believe,Supply,1
Cause_change_of_strength,Recovering,1
Employment,Resolve_problem,1
Damaging,Resolve_problem,1
Employment,Submitting_documents,1
Submitting_documents,Resolve_problem,1
Damaging,Submitting_documents,1
Deciding,Robbery,1
Commitment,Cause_change_of_position_on_a_scale,1
Commitment,Change_event_time,1
Confronting_problem,Limiting,1
Confronting_problem,Resolve_problem,1
Cause_change_of_position_on_a_scale,Resolve_problem,1
Cause_change_of_strength,Expressing_publicly,1
Body_movement,Bringing,1
Body_movement,Coming_to_believe,1
Protest,Becoming,1
Criminal_investigation,Assistance,1
Convincing,Reporting,1
Criminal_investigation,Process_end,1
Agree_or_refuse_to_act,Reporting,1
Cause_change_of_strength,Robbery,1
Criminal_investigation,Motion_directional,1
Cure,Protest,1
Come_together,Suspicion,1
Openness,Suspicion,1
Surrendering,Releasing,1
Collaboration,Killing,1
Dispersal,Change,1
Request,Rescuing,1
Recovering,Removing,1
Communication,Conquering,1
Statement,Process_start,1
Bodily_harm,Connect,1
Submitting_documents,Cause_to_be_included,1
Being_in_operation,Choosing,1
Damaging,Choosing,1
Cure,Expressing_publicly,1
Earnings_and_losses,Process_start,1
Statement,Robbery,1
Testing,Cause_to_make_progress,1
Supporting,Labeling,1
Supporting,Prison,1
Arrest,Defending,1
Defending,Labeling,1
Supporting,Legality,1
Request,Prison,1
Request,Legality,1
Request,Labeling,1
Commitment,Dispersal,1
Legal_rulings,Labeling,1
Defending,Prison,1
Arrest,Labeling,1
Presence,Cure,1
Commerce_buy,Statement,1
Traveling,Catastrophe,1
Submitting_documents,Control,1
Social_event,Submitting_documents,1
Hold,Submitting_documents,1
Filling,Becoming,1
Filling,Hold,1
Traveling,Damaging,1
Forming_relationships,Recovering,1
Bringing,Robbery,1
Bringing,Supply,1
Coming_to_be,Commerce_buy,1
Placing,Cause_change_of_strength,1
Besieging,Besieging,1
Process_end,Recording,1
Reveal_secret,Coming_to_be,1
Killing,Body_movement,1
Surrendering,Surrendering,1
Expressing_publicly,GiveUp,1
Deciding,Limiting,1
GiveUp,Filling,1
GiveUp,Reforming_a_system,1
Expressing_publicly,Earnings_and_losses,1
Expressing_publicly,Limiting,1
Process_end,Reforming_a_system,1
Surrendering,Limiting,1
Attack,Limiting,1
Expressing_publicly,Reforming_a_system,1
Process_end,Limiting,1
GiveUp,Catastrophe,1
Defending,Recovering,1
Creating,Recovering,1
Communication,Influence,1
Commerce_sell,Expansion,1
GetReady,Killing,1
Perception_active,Perception_active,1
Carry_goods,Earnings_and_losses,1
Sending,Change_of_leadership,1
Giving,Sending,1
Come_together,Legality,1
Assistance,Presence,1
Writing,Reveal_secret,1
Writing,Know,1
Writing,Openness,1
Writing,Killing,1
Openness,Reveal_secret,1
Writing,Catastrophe,1
Manufacturing,Creating,1
Building,Sign_agreement,1
Sending,Reporting,1
Testing,Reporting,1
Receiving,Testing,1
Sending,Openness,1
Receiving,Openness,1
Legal_rulings,Coming_to_be,1
Hiding_objects,Convincing,1
Openness,Control,1
Being_in_operation,Hindering,1
Being_in_operation,Change,1
Openness,Change,1
Being_in_operation,Openness,1
Openness,Catastrophe,1
Destroying,Receiving,1
Convincing,Perception_active,1
Self_motion,Research,1
Recovering,Influence,1
Request,GetReady,1
GetReady,Arriving,1
Attack,Being_in_operation,1
Scrutiny,Action,1
Come_together,Recovering,1
Come_together,Response,1
Come_together,Expansion,1
Come_together,Change,1
Control,Criminal_investigation,1
Supply,Preventing_or_letting,1
Perception_active,GetReady,1
Perception_active,Military_operation,1
Having_or_lacking_access,Cure,1
Hiding_objects,Patrolling,1
Deciding,Preserving,1
Create_artwork,Perception_active,1
Killing,Prison,1
Bodily_harm,Achieve,1
Receiving,GetReady,1
Recovering,Statement,1
Supporting,Judgment_communication,1
Recovering,Reporting,1
Wearing,Response,1
Commerce_sell,Cause_to_be_included,1
Check,Employment,1
Check,Response,1
Check,Arranging,1
Check,Connect,1
Check,Competition,1
Commerce_sell,Name_conferral,1
Check,Earnings_and_losses,1
Check,Wearing,1
Check,Hold,1
Check,Know,1
Check,Publishing,1
Cause_to_be_included,Know,1
Request,Robbery,1
Getting,Robbery,1
Request,Body_movement,1
Bringing,Use_firearm,1
Criminal_investigation,Exchange,1
Name_conferral,Getting,1
Employment,Destroying,1
Temporary_stay,Departing,1
Temporary_stay,Escaping,1
Cause_change_of_strength,Exchange,1
Employment,Request,1
Bodily_harm,Exchange,1
Cause_change_of_position_on_a_scale,Exchange,1
Bodily_harm,Cause_change_of_strength,1
Name_conferral,Supply,1
Military_operation,Temporary_stay,1
Military_operation,GiveUp,1
Motion_directional,Employment,1
Temporary_stay,Self_motion,1
Destroying,Exchange,1
Action,Education_teaching,1
Reveal_secret,Manufacturing,1
Defending,Connect,1
Cause_to_be_included,Communication,1
Cause_to_be_included,Expressing_publicly,1
Departing,Commerce_buy,1
GiveUp,Confronting_problem,1
Cure,Arranging,1
Cure,Attack,1
Rescuing,Judgment_communication,1
Reveal_secret,Cause_change_of_position_on_a_scale,1
Legal_rulings,Giving,1
Check,Escaping,1
Check,Motion,1
Exchange,Process_end,1
Body_movement,Exchange,1
Patrolling,Presence,1
Response,Hostile_encounter,1
Response,Conquering,1
Publishing,Motion_directional,1
Process_start,Commerce_sell,1
Placing,Change,1
Process_start,Testing,1
Getting,GetReady,1
GetReady,Giving,1
GetReady,Getting,1
GetReady,Response,1
Commerce_pay,Resolve_problem,1
Departing,Resolve_problem,1
Change_event_time,Change,1
Kidnapping,Emptying,1
Kidnapping,Commerce_buy,1
Kidnapping,Arranging,1
Escaping,Supply,1
Writing,Becoming,1
Change_event_time,Sending,1
Body_movement,Arriving,1
Becoming,Openness,1
Research,Cause_to_make_progress,1
Motion_directional,Openness,1
Request,Catastrophe,1
Conquering,Openness,1
Giving,Process_end,1
Manufacturing,Presence,1
Agree_or_refuse_to_act,Change,1
Agree_or_refuse_to_act,Name_conferral,1
Presence,Traveling,1
Dispersal,Change_sentiment,1
Name_conferral,Dispersal,1
Come_together,Manufacturing,1
Supply,Becoming,1
Having_or_lacking_access,Process_end,1
Bodily_harm,Receiving,1
Body_movement,Legal_rulings,1
Bodily_harm,Criminal_investigation,1
Influence,Convincing,1
Coming_to_be,Convincing,1
Departing,Convincing,1
Create_artwork,Coming_to_be,1
Violence,Kidnapping,1
Having_or_lacking_access,Killing,1
Having_or_lacking_access,Bodily_harm,1
Having_or_lacking_access,Preventing_or_letting,1
Having_or_lacking_access,Presence,1
Preventing_or_letting,Cause_to_amalgamate,1
Rite,Bodily_harm,1
Rewards_and_punishments,Bodily_harm,1
Commerce_pay,Bodily_harm,1
Action,Robbery,1
Reporting,Revenge,1
Expressing_publicly,Revenge,1
Expansion,Giving,1
Expansion,Wearing,1
Expansion,Communication,1
Arrest,Action,1
Receiving,Change,1
Writing,Achieve,1
Receiving,Expressing_publicly,1
Death,Earnings_and_losses,1
Hiding_objects,Preventing_or_letting,1
Filling,Preventing_or_letting,1
Hiding_objects,Filling,1
Request,Reveal_secret,1
Criminal_investigation,Sending,1
Attack,Preserving,1
Action,Achieve,1
Choosing,Name_conferral,1
Prison,Preserving,1
Killing,Quarreling,1
Coming_to_believe,Agree_or_refuse_to_act,1
Reporting,Achieve,1
Cure,Releasing,1
Arrest,Expressing_publicly,1
Prison,Giving,1
Process_end,Scrutiny,1
Scrutiny,Becoming,1
Earnings_and_losses,Departing,1
Scrutiny,Scrutiny,1
Testing,Request,1
Testing,Scrutiny,1
Openness,Recording,1
Openness,Openness,1
Openness,Change_event_time,1
Cause_to_amalgamate,Departing,1
Cause_to_amalgamate,GiveUp,1
Kidnapping,Change_of_leadership,1
Commitment,Arrest,1
Kidnapping,Confronting_problem,1
Check,Check,1
Kidnapping,Becoming,1
Committing_crime,Quarreling,1
Kidnapping,Escaping,1
Giving,Catastrophe,1
Testing,Reforming_a_system,1
Connect,Agree_or_refuse_to_act,1
GetReady,Creating,1
Becoming,Manufacturing,1
Research,Defending,1
Warning,Use_firearm,1
Warning,Control,1
Self_motion,Robbery,1
Perception_active,Change,1
Commerce_buy,Name_conferral,1
Rewards_and_punishments,Choosing,1
Judgment_communication,Choosing,1
Rewards_and_punishments,Request,1
Sign_agreement,Change_event_time,1
Control,Perception_active,1
Commerce_buy,Preserving,1
Building,Surrounding,1
Commerce_buy,Expressing_publicly,1
Giving,Preserving,1
Assistance,Preserving,1
Giving,Commerce_buy,1
Competition,Having_or_lacking_access,1
Arranging,Award,1
Sign_agreement,Supply,1
Use_firearm,Convincing,1
Judgment_communication,Warning,1
Robbery,Damaging,1
Achieve,Motion_directional,1
Assistance,Cause_to_amalgamate,1
Besieging,Cure,1
Assistance,Cure,1
Assistance,Besieging,1
Preventing_or_letting,Releasing,1
Supply,Coming_to_be,1
Lighting,Change_event_time,1
Bringing,Judgment_communication,1
Lighting,Departing,1
Change,Receiving,1
Publishing,Receiving,1
Cause_to_amalgamate,Receiving,1
Social_event,Body_movement,1
Cause_to_make_progress,Recording,1
Motion_directional,Cause_change_of_position_on_a_scale,1
Writing,Supporting,1
Giving,Statement,1
Research,Telling,1
Legal_rulings,Attack,1
Legal_rulings,Defending,1
Telling,Request,1
Expend_resource,Reporting,1
Expend_resource,Death,1
Statement,Coming_to_believe,1
Reveal_secret,Bodily_harm,1
Manufacturing,Hold,1
Connect,Coming_to_be,1
Scouring,Know,1
Being_in_operation,Submitting_documents,1
Response,Change,1
Robbery,Committing_crime,1
Bringing,Rescuing,1
Supporting,Revenge,1
Releasing,Self_motion,1
Defending,Military_operation,1
Conquering,Patrolling,1
Besieging,Revenge,1
Robbery,Expend_resource,1
Robbery,Surrendering,1
Expend_resource,Cause_change_of_position_on_a_scale,1
Robbery,Cause_change_of_position_on_a_scale,1
Connect,Publishing,1
Commerce_sell,Check,1
Publishing,Expend_resource,1
Publishing,Commerce_sell,1
Publishing,Temporary_stay,1
Publishing,Placing,1
Influence,Cause_to_be_included,1
Influence,Communication,1
Carry_goods,Judgment_communication,1
Judgment_communication,Influence,1
Change_event_time,Hindering,1
Perception_active,Bringing,1
Perception_active,Surrendering,1
Coming_to_believe,Reporting,1
Motion_directional,Expansion,1
Releasing,Use_firearm,1
Expressing_publicly,Commitment,1
Releasing,Death,1
Come_together,Robbery,1
Change_of_leadership,Competition,1
Receiving,Emptying,1
Giving,Emptying,1
Conquering,Research,1
Arranging,Convincing,1
Surrendering,Killing,1
Coming_to_believe,Defending,1
Cause_to_amalgamate,Defending,1
Publishing,Commerce_buy,1
Earnings_and_losses,GetReady,1
GetReady,Recovering,1
Departing,GetReady,1
Body_movement,Use_firearm,1
Exchange,Death,1
Commitment,Conquering,1
Attack,Testing,1
Departing,Becoming,1
Check,Cure,1
Arriving,Wearing,1
Violence,Receiving,1
Limiting,Removing,1
Scrutiny,Removing,1
Arrest,Receiving,1
Limiting,Agree_or_refuse_to_act,1
Bringing,Military_operation,1
Change_of_leadership,Cause_change_of_strength,1
Violence,Prison,1
Violence,Legality,1
Getting,Traveling,1
Committing_crime,Process_start,1
Social_event,Recovering,1
Publishing,Supply,1
GiveUp,Judgment_communication,1
GiveUp,Legal_rulings,1
Expend_resource,Building,1
Releasing,Employment,1
Expend_resource,Recovering,1
Control,Coming_to_be,1
GiveUp,Employment,1
GiveUp,Releasing,1
Legal_rulings,Employment,1
Change_of_leadership,Create_artwork,1
Preventing_or_letting,Robbery,1
Change_of_leadership,Sending,1
Escaping,Telling,1
Escaping,Name_conferral,1
Arriving,Hold,1
Motion_directional,Telling,1
Supporting,Presence,1
Arranging,Sign_agreement,1
Giving,Reporting,1
Death,Sign_agreement,1
Becoming_a_member,Sign_agreement,1
Social_event,Coming_to_believe,1
Recording,Conquering,1
Recovering,Control,1
Hold,Commerce_buy,1
Military_operation,Expend_resource,1
Building,Arriving,1
Hindering,Expend_resource,1
Hindering,Use_firearm,1
Use_firearm,Expend_resource,1
Change_sentiment,Statement,1
Temporary_stay,Judgment_communication,1
Come_together,Judgment_communication,1
Testing,Statement,1
Scrutiny,Commerce_buy,1
Name_conferral,Surrendering,1
Change,Catastrophe,1
Use_firearm,Reforming_a_system,1
Traveling,GiveUp,1
Preventing_or_letting,Testing,1
Body_movement,Testing,1
Response,Testing,1
Departing,Recording,1
Deciding,Legal_rulings,1
Research,Criminal_investigation,1
Commerce_sell,Social_event,1
Cause_change_of_position_on_a_scale,Commerce_sell,1
Recording,Having_or_lacking_access,1
Bringing,Openness,1
Warning,Openness,1
Warning,Expressing_publicly,1
Warning,Motion_directional,1
Warning,Bringing,1
Self_motion,Wearing,1
Perception_active,Cause_to_make_progress,1
Perception_active,Publishing,1
Building,Supporting,1
Motion_directional,Arranging,1
Traveling,Recovering,1
Catastrophe,Patrolling,1
Dispersal,Coming_to_be,1
Know,Hindering,1
Influence,Violence,1
Change_of_leadership,Departing,1
Rescuing,Motion,1
Rescuing,Temporary_stay,1
Escaping,Action,1
GiveUp,Robbery,1
Surrendering,Departing,1
Surrendering,Traveling,1
Hiding_objects,Presence,1
Writing,Earnings_and_losses,1
Connect,Assistance,1
Hindering,Request,1
Temporary_stay,Temporary_stay,1
Building,Dispersal,1
Building,Assistance,1
Hiding_objects,Request,1
Hiding_objects,Commitment,1
Hiding_objects,Attack,1
Expressing_publicly,Communication,1
Arranging,Writing,1
Expressing_publicly,Writing,1
Becoming,Writing,1
Becoming,Cause_to_make_progress,1
Name_conferral,Change_event_time,1
Building,Sending,1
Removing,Committing_crime,1
Earnings_and_losses,Defending,1
Request,Hindering,1
Process_start,Having_or_lacking_access,1
Self_motion,Committing_crime,1
Self_motion,Having_or_lacking_access,1
Self_motion,Traveling,1
Becoming_a_member,Departing,1
Placing,Traveling,1
Departing,Committing_crime,1
Control,Use_firearm,1
Becoming_a_member,Committing_crime,1
Presence,Legality,1
Presence,Rewards_and_punishments,1
Criminal_investigation,Prison,1
Connect,Arrest,1
Escaping,Kidnapping,1
Hold,Filling,1
Creating,Commerce_buy,1
Wearing,Releasing,1
Arrest,Presence,1
Wearing,Presence,1
Publishing,Presence,1
Releasing,Presence,1
Publishing,GetReady,1
Wearing,Arrest,1
Publishing,Competition,1
Wearing,Motion,1
Exchange,Departing,1
Motion,Exchange,1
Recording,Criminal_investigation,1
Exchange,Recording,1
Recording,Departing,1
Agree_or_refuse_to_act,GiveUp,1
Cause_change_of_position_on_a_scale,Criminal_investigation,1
Motion,Recording,1
Criminal_investigation,Departing,1
Cause_change_of_strength,Expend_resource,1
Self_motion,Expend_resource,1
Arriving,Achieve,1
Hiding_objects,Know,1
Cause_to_amalgamate,Competition,1
Departing,Filling,1
Filling,Action,1
Change_of_leadership,Supply,1
Arranging,Bearing_arms,1
Emptying,Process_start,1
Presence,Surrendering,1
Change_of_leadership,Cause_to_amalgamate,1
Reforming_a_system,Hindering,1
Agree_or_refuse_to_act,Reforming_a_system,1
Reforming_a_system,Process_start,1
Arriving,Exchange,1
Process_start,Exchange,1
Protest,Action,1
Forming_relationships,Escaping,1
Action,Forming_relationships,1
Forming_relationships,Change_of_leadership,1
Cause_change_of_strength,Connect,1
Action,Connect,1
Forming_relationships,Temporary_stay,1
Know,Award,1
Surrounding,Surrendering,1
Action,Award,1
Filling,Damaging,1
Cause_to_amalgamate,Commerce_pay,1
Connect,Presence,1
Confronting_problem,Sending,1
Preserving,Receiving,1
Arranging,Rewards_and_punishments,1
Earnings_and_losses,Rewards_and_punishments,1
Achieve,Expressing_publicly,1
Achieve,Commerce_pay,1
Judgment_communication,Achieve,1
Resolve_problem,Sign_agreement,1
Coming_to_be,Research,1
Cause_change_of_strength,Perception_active,1
Conquering,Connect,1
Defending,Perception_active,1
Sending,Manufacturing,1
Supply,Patrolling,1
Response,Publishing,1
Quarreling,Statement,1
Quarreling,Publishing,1
Publishing,Recovering,1
Use_firearm,Committing_crime,1
Death,Communication,1
Motion_directional,Sending,1
Connect,Sending,1
Hold,Renting,1
Process_end,Renting,1
Renting,Arriving,1
Choosing,Renting,1
Criminal_investigation,Influence,1
Earnings_and_losses,Rite,1
Sending,Criminal_investigation,1
Earnings_and_losses,Influence,1
Sending,Commerce_buy,1
Know,Commerce_buy,1
Receiving,Receiving,1
Sending,Influence,1
Hindering,Destroying,1
Arrest,Rite,1
Statement,Rite,1
Confronting_problem,Commerce_buy,1
Know,Confronting_problem,1
Arrest,Influence,1
Criminal_investigation,Commerce_buy,1
Hold,Openness,1
Receiving,Legal_rulings,1
Receiving,Telling,1
Receiving,Request,1
Exchange,Confronting_problem,1
Commerce_sell,Perception_active,1
Building,Traveling,1
Destroying,Traveling,1
Commerce_sell,Building,1
Assistance,Building,1
Warning,Warning,1
Robbery,Becoming,1
Create_artwork,Cause_to_be_included,1
Resolve_problem,Agree_or_refuse_to_act,1
Filling,Defending,1
Change_of_leadership,Change_event_time,1
Sending,Request,1
Bodily_harm,Besieging,1
Check,Use_firearm,1
Check,Arrest,1
Defending,Cure,1
Prison,Preventing_or_letting,1
Besieging,Prison,1
Prison,Conquering,1
Scrutiny,Deciding,1
Cure,Giving,1
Influence,Catastrophe,1
Choosing,Bearing_arms,1
Quarreling,Bearing_arms,1
Change_of_leadership,Catastrophe,1
Releasing,Creating,1
Placing,Name_conferral,1
Placing,Manufacturing,1
Writing,Agree_or_refuse_to_act,1
Convincing,Publishing,1
Forming_relationships,Research,1
Defending,Change,1
Commerce_sell,Preventing_or_letting,1
Traveling,Coming_to_believe,1
Violence,Research,1
Response,Legality,1
Criminal_investigation,Response,1
Self_motion,Publishing,1
Self_motion,Testing,1
Reforming_a_system,Cure,1
Terrorism,Cure,1
Terrorism,Agree_or_refuse_to_act,1
Bringing,Motion_directional,1
Bringing,Action,1
Bringing,Reforming_a_system,1
Manufacturing,Reveal_secret,1
Scrutiny,Damaging,1
Scrutiny,Releasing,1
Action,Reveal_secret,1
Rewards_and_punishments,Rewards_and_punishments,1
Commerce_sell,Process_start,1
Commerce_sell,Hold,1
Commerce_sell,Attack,1
Commerce_sell,Statement,1
Body_movement,Hindering,1
Kidnapping,Cause_change_of_strength,1
Terrorism,Name_conferral,1
Commerce_buy,Perception_active,1
Confronting_problem,Recovering,1
Confronting_problem,Exchange,1
Removing,Agree_or_refuse_to_act,1
Confronting_problem,Removing,1
Change_event_time,Getting,1
Removing,Cause_change_of_position_on_a_scale,1
Assistance,Response,1
Exchange,Arriving,1
Change_event_time,Agree_or_refuse_to_act,1
Change_event_time,Arriving,1
Process_end,Check,1
Removing,Recovering,1
Removing,Exchange,1
Process_end,Exchange,1
Assistance,Commerce_pay,1
Change_event_time,Check,1
Change_event_time,Surrendering,1
Confronting_problem,Process_end,1
Change_event_time,Exchange,1
Escaping,Check,1
Escaping,Exchange,1
Confronting_problem,Commerce_pay,1
Assistance,Confronting_problem,1
Change_event_time,Confronting_problem,1
Change_event_time,Attack,1
Assistance,Check,1
Confronting_problem,Arriving,1
Request,Confronting_problem,1
Assistance,Exchange,1
Confronting_problem,Attack,1
Commerce_pay,Arriving,1
Escaping,Commerce_pay,1
Removing,Commerce_pay,1
Confronting_problem,Check,1
Escaping,Response,1
Commerce_pay,Conquering,1
Commerce_pay,Hold,1
Cause_to_make_progress,Rescuing,1
Temporary_stay,Rescuing,1
Cause_to_make_progress,Temporary_stay,1
Creating,Research,1
Being_in_operation,Process_start,1
Motion_directional,Warning,1
Practice,Publishing,1
Emptying,Coming_to_be,1
Earnings_and_losses,Forming_relationships,1
Traveling,Education_teaching,1
Motion_directional,Education_teaching,1
Getting,Education_teaching,1
Preventing_or_letting,Bringing,1
Know,Rescuing,1
Rescuing,Bringing,1
Perception_active,Legal_rulings,1
Killing,Education_teaching,1
Process_start,Cure,1
Destroying,Cure,1
Change,Cure,1
Placing,Coming_to_be,1
Commitment,Bringing,1
Conquering,Commitment,1
Surrendering,Assistance,1
Know,Coming_to_be,1
Placing,Commitment,1
Arrest,Exchange,1
Statement,Exchange,1
Patrolling,Bringing,1
Patrolling,Escaping,1
Motion_directional,Bringing,1
Building,Temporary_stay,1
Expressing_publicly,Motion_directional,1
Escaping,Scrutiny,1
Expressing_publicly,Scrutiny,1
Hold,Cause_change_of_strength,1
Giving,Rewards_and_punishments,1
Commerce_pay,Giving,1
Commerce_pay,Rewards_and_punishments,1
Damaging,Cure,1
Convincing,Placing,1
Convincing,Arranging,1
Convincing,Social_event,1
Recovering,Bringing,1
Removing,Besieging,1
Self_motion,Hiding_objects,1
Hiding_objects,Arriving,1
Creating,Employment,1
Presence,Expansion,1
Change_of_leadership,Besieging,1
Becoming,Besieging,1
Receiving,Besieging,1
Presence,Reforming_a_system,1
Reforming_a_system,Motion,1
Reforming_a_system,Coming_to_believe,1
Process_end,Damaging,1
Process_end,Death,1
Presence,Research,1
Reforming_a_system,Research,1
Process_start,Collaboration,1
Collaboration,Agree_or_refuse_to_act,1
Cause_to_amalgamate,Process_start,1
Preventing_or_letting,Dispersal,1
Competition,Recovering,1
Competition,Create_artwork,1
Reforming_a_system,Placing,1
Building,Placing,1
Sign_agreement,Preserving,1
Action,Bearing_arms,1
Departing,Control,1
Bearing_arms,Use_firearm,1
Supporting,Communication,1
Supporting,Reporting,1
Building,Recovering,1
Expansion,Becoming,1
Death,Reveal_secret,1
Limiting,Cause_change_of_strength,1
Catastrophe,Limiting,1
Temporary_stay,Exchange,1
Sending,Releasing,1
Temporary_stay,Releasing,1
Conquering,Convincing,1
Committing_crime,Hold,1
Research,Change,1
Change,Protest,1
Research,Cause_change_of_position_on_a_scale,1
Expend_resource,Receiving,1
Communication,Dispersal,1
Convincing,Expressing_publicly,1
Communication,Hiding_objects,1
Change,Change_event_time,1
Change,Come_together,1
Protest,Preserving,1
Removing,Communication,1
Cause_change_of_position_on_a_scale,Protest,1
Protest,Communication,1
Cause_change_of_position_on_a_scale,Preserving,1
Supply,Protest,1
Supply,Preserving,1
Protest,Control,1
Employment,Protest,1
Employment,Preserving,1
Supply,Communication,1
Removing,Preserving,1
Cure,Recovering,1
Cure,Change_event_time,1
Supporting,Cause_change_of_position_on_a_scale,1
Supporting,Expend_resource,1
Supporting,Traveling,1
Supporting,Hold,1
Cause_change_of_position_on_a_scale,Social_event,1
Agree_or_refuse_to_act,Receiving,1
Cause_to_amalgamate,Cause_to_amalgamate,1
Recording,Getting,1
Sending,Social_event,1
Change_event_time,Social_event,1
Surrendering,Motion_directional,1
Departing,Surrendering,1
Patrolling,Surrendering,1
Expressing_publicly,Departing,1
Commerce_pay,Employment,1
Expressing_publicly,Robbery,1
Change,Robbery,1
Choosing,Besieging,1
Creating,Besieging,1
Killing,Recovering,1
Change_event_time,Destroying,1
Arriving,Carry_goods,1
Carry_goods,Expressing_publicly,1
Catastrophe,Carry_goods,1
Being_in_operation,Writing,1
Being_in_operation,Carry_goods,1
Hiding_objects,Motion,1
Change_of_leadership,Coming_to_believe,1
Change_of_leadership,Arranging,1
Connect,Criminal_investigation,1
Publishing,Name_conferral,1
Come_together,Name_conferral,1
Come_together,Publishing,1
Come_together,Use_firearm,1
Warning,Dispersal,1
Attack,Employment,1
Warning,Destroying,1
Having_or_lacking_access,Destroying,1
Warning,Agree_or_refuse_to_act,1
Having_or_lacking_access,Earnings_and_losses,1
Destroying,Cause_change_of_strength,1
Warning,Besieging,1
Revenge,Damaging,1
Revenge,Departing,1
Deciding,Name_conferral,1
Statement,Name_conferral,1
Deciding,Arrest,1
Becoming_a_member,Giving,1
Becoming_a_member,Surrendering,1
Becoming_a_member,Bodily_harm,1
Surrendering,Giving,1
Becoming_a_member,Besieging,1
Request,Coming_to_believe,1
Building,Commerce_buy,1
Arranging,Commerce_buy,1
Choosing,Commerce_buy,1
Removing,Presence,1
Judgment_communication,Limiting,1
Sending,Judgment_communication,1
Judgment_communication,Supply,1
Influence,Change_event_time,1
Choosing,Damaging,1
Bodily_harm,Assistance,1
Departing,Emptying,1
Coming_to_believe,Cause_to_make_progress,1
Coming_to_believe,Conquering,1
Expend_resource,Self_motion,1
Expend_resource,Agree_or_refuse_to_act,1
Being_in_operation,Hostile_encounter,1
Carry_goods,Preventing_or_letting,1
Carry_goods,Motion,1
Carry_goods,Control,1
Expend_resource,Change_of_leadership,1
Perception_active,Agree_or_refuse_to_act,1
Cause_change_of_position_on_a_scale,Deciding,1
Cause_to_amalgamate,Name_conferral,1
Communication,Reporting,1
Destroying,Hold,1
Damaging,Perception_active,1
Action,Supporting,1
Commerce_pay,Reporting,1
Action,Body_movement,1
Action,Arranging,1
Know,Exchange,1
Self_motion,Exchange,1
Agree_or_refuse_to_act,Exchange,1
Scrutiny,Surrendering,1
Expend_resource,Escaping,1
Expend_resource,Motion,1
Sending,Becoming_a_member,1
Defending,Bearing_arms,1
Surrendering,Control,1
Surrendering,Defending,1
Preventing_or_letting,Death,1
Surrendering,Cause_change_of_strength,1
Surrendering,Becoming_a_member,1
Surrendering,Confronting_problem,1
Research,Judgment_communication,1
Education_teaching,Judgment_communication,1
Come_together,Achieve,1
Cause_change_of_position_on_a_scale,Choosing,1
Connect,Change,1
Connect,Connect,1
Connect,Resolve_problem,1
Connect,Motion_directional,1
Judgment_communication,Getting,1
Employment,Getting,1
Motion_directional,Judgment_communication,1
Besieging,Communication,1
Exchange,Bringing,1
Change_event_time,Bringing,1
Exchange,Change_event_time,1
Earnings_and_losses,Dispersal,1
Dispersal,Statement,1
Telling,Quarreling,1
Becoming,Legal_rulings,1
Becoming,Protest,1
Becoming,Come_together,1
Becoming,Response,1
Becoming,Assistance,1
Commerce_pay,Assistance,1
Defending,Protest,1
Writing,Death,1
Response,Choosing,1
Reforming_a_system,Giving,1
Violence,Sending,1
Violence,Collaboration,1
Escaping,Recording,1
Criminal_investigation,Protest,1
Perception_active,Coming_to_be,1
Perception_active,Use_firearm,1
Placing,Releasing,1
Bodily_harm,Releasing,1
Recovering,Placing,1
Perception_active,Destroying,1
Presence,Hiding_objects,1
Preventing_or_letting,Cause_to_make_progress,1
Process_start,Reforming_a_system,1
Cause_to_make_progress,Reforming_a_system,1
Expend_resource,Presence,1
Motion_directional,Come_together,1
Rescuing,Rescuing,1
Connect,Surrendering,1
Action,Filling,1
Sending,Filling,1
Cause_to_make_progress,Bodily_harm,1
Collaboration,Removing,1
Coming_to_be,Collaboration,1
Commerce_sell,Dispersal,1
Quarreling,Dispersal,1
Commerce_sell,Quarreling,1
Supply,Reforming_a_system,1
Preserving,Process_end,1
Exchange,Becoming,1
Publishing,Coming_to_believe,1
Traveling,Commerce_pay,1
Traveling,Expend_resource,1
Expend_resource,Commerce_pay,1
Traveling,Writing,1
Giving,Request,1
Legality,Request,1
Traveling,Legal_rulings,1
Traveling,Legality,1
Expend_resource,Releasing,1
Achieve,Hindering,1
Perception_active,Escaping,1
Departing,Assistance,1
Assistance,Coming_to_believe,1
Motion_directional,Cure,1
Change,Scrutiny,1
Releasing,Criminal_investigation,1
Arriving,Criminal_investigation,1
Warning,Statement,1
Releasing,Arriving,1
Check,Legality,1
Giving,Legal_rulings,1
Know,Name_conferral,1
Communication,Rewards_and_punishments,1
Preventing_or_letting,Know,1
Response,Cause_change_of_strength,1
Preventing_or_letting,Commerce_sell,1
Preventing_or_letting,Commerce_pay,1
Supporting,Agree_or_refuse_to_act,1
Come_together,Surrounding,1
Removing,Cause_to_be_included,1
Agree_or_refuse_to_act,Patrolling,1
Escaping,Patrolling,1
Self_motion,Patrolling,1
Cause_to_amalgamate,Patrolling,1
Dispersal,Patrolling,1
Hindering,Motion_directional,1
Hindering,Killing,1
Temporary_stay,Creating,1
Action,Expansion,1
Departing,Reveal_secret,1
Cause_change_of_strength,GiveUp,1
Cause_change_of_strength,Temporary_stay,1
Building,Receiving,1
Cause_to_be_included,Filling,1
Reporting,Influence,1
Destroying,Come_together,1
Process_start,Patrolling,1
Hold,Patrolling,1
Change_event_time,Hold,1
Award,Hold,1
Change_event_time,Award,1
Statement,Bodily_harm,1
Warning,Damaging,1
Warning,Catastrophe,1
Cause_change_of_position_on_a_scale,Warning,1
Cause_to_be_included,Statement,1
Committing_crime,Expressing_publicly,1
Cause_to_be_included,Death,1
Influence,Motion_directional,1
Building,Departing,1
Building,Becoming,1
GiveUp,Motion,1
Writing,Convincing,1
Writing,Preventing_or_letting,1
Writing,Supply,1
Commitment,Reporting,1
Commitment,Statement,1
Response,Legal_rulings,1
Commitment,Know,1
Bringing,Request,1
Preventing_or_letting,Rewards_and_punishments,1
Getting,Damaging,1
Surrounding,Attack,1
Manufacturing,Removing,1
Come_together,Change_of_leadership,1
Deciding,Commitment,1
Achieve,Judgment_communication,1
Rescuing,Statement,1
Conquering,Rescuing,1
GetReady,Statement,1
Education_teaching,Being_in_operation,1
Education_teaching,Supply,1
Change,Being_in_operation,1
Competition,Being_in_operation,1
Process_end,Resolve_problem,1
Forming_relationships,Resolve_problem,1
Forming_relationships,Commitment,1
Research,Attack,1
Research,Motion,1
Research,Process_start,1
Killing,Confronting_problem,1
Sign_agreement,Killing,1
Self_motion,Perception_active,1
Process_end,Influence,1
Recovering,Communication,1
Agree_or_refuse_to_act,Cause_to_amalgamate,1
Manufacturing,Hindering,1
Destroying,Arranging,1
Choosing,GetReady,1
Cause_to_amalgamate,Check,1
Defending,Check,1
Defending,Cause_to_amalgamate,1
Patrolling,Change,1
Patrolling,Agree_or_refuse_to_act,1
Process_end,Agree_or_refuse_to_act,1
Patrolling,Traveling,1
Patrolling,Process_end,1
Catastrophe,Expend_resource,1
Giving,Cause_change_of_strength,1
Earnings_and_losses,Arrest,1
Preventing_or_letting,Change_of_leadership,1
Cause_change_of_position_on_a_scale,Placing,1
Perception_active,Departing,1
Hindering,Damaging,1
Preserving,Attack,1
Preserving,Action,1
Preserving,Damaging,1
Preserving,Hindering,1
Motion_directional,Supporting,1
Arranging,Commitment,1
Preserving,Bringing,1
Earnings_and_losses,Recording,1
Expansion,Earnings_and_losses,1
Military_operation,Cause_to_amalgamate,1
Control,Sign_agreement,1
Destroying,Limiting,1
Publishing,Manufacturing,1
Expansion,Destroying,1
Collaboration,Conquering,1
Expansion,Emptying,1
Emptying,Hostile_encounter,1
Hostile_encounter,Patrolling,1
Collaboration,Arriving,1
Coming_to_be,Come_together,1
Patrolling,Bodily_harm,1
Patrolling,Name_conferral,1
Education_teaching,Preventing_or_letting,1
Education_teaching,Damaging,1
Education_teaching,Name_conferral,1
Placing,Earnings_and_losses,1
Change_sentiment,Escaping,1
Dispersal,Request,1
Surrounding,Becoming,1
Being_in_operation,Filling,1
Being_in_operation,Creating,1
Being_in_operation,Dispersal,1
Receiving,Cause_to_amalgamate,1
Forming_relationships,Earnings_and_losses,1
Expressing_publicly,Connect,1
Preventing_or_letting,Writing,1
Besieging,Getting,1
Know,Besieging,1
Hold,Cause_to_amalgamate,1
Manufacturing,Cause_to_amalgamate,1
Change_event_time,Process_start,1
Sign_agreement,Hold,1
Creating,Limiting,1
Recording,Social_event,1
Reforming_a_system,Control,1
Control,Expansion,1
Getting,Preserving,1
Bearing_arms,Destroying,1
Expressing_publicly,Request,1
Rewards_and_punishments,Killing,1
Telling,GiveUp,1
Telling,Escaping,1
Expansion,Besieging,1
Action,Telling,1
Placing,Hiding_objects,1
Being_in_operation,Influence,1
Being_in_operation,Rewards_and_punishments,1
Being_in_operation,Coming_to_believe,1
Being_in_operation,Agree_or_refuse_to_act,1
Catastrophe,Rewards_and_punishments,1
Hiding_objects,Coming_to_be,1
Supply,Motion,1
Expend_resource,Name_conferral,1
Giving,Change_event_time,1
Assistance,Earnings_and_losses,1
Choosing,Body_movement,1
Expressing_publicly,Deciding,1
Action,Releasing,1
Removing,Building,1
Dispersal,Killing,1
Dispersal,Conquering,1
Conquering,Manufacturing,1
Choosing,Control,1
Arrest,Military_operation,1
Communication,Hostile_encounter,1
Communication,Change_of_leadership,1
Control,Receiving,1
Change_event_time,Sign_agreement,1
Bodily_harm,Deciding,1
Bodily_harm,Reveal_secret,1
Request,Cure,1
Conquering,Cure,1
Know,Action,1
Know,Cure,1
Action,Cure,1
Know,Recording,1
Request,Presence,1
Cause_change_of_position_on_a_scale,Presence,1
Presence,Besieging,1
Military_operation,Change_event_time,1
Quarreling,Change_event_time,1
Response,Cause_change_of_position_on_a_scale,1
Expressing_publicly,Bearing_arms,1
Commitment,Sign_agreement,1
Motion,Military_operation,1
Coming_to_believe,Destroying,1
Sign_agreement,Destroying,1
Manufacturing,Supply,1
Commitment,Presence,1
GetReady,Action,1
Coming_to_believe,Expressing_publicly,1
Coming_to_believe,Change,1
Manufacturing,Military_operation,1
Change,Expressing_publicly,1
Assistance,Cause_change_of_strength,1
Military_operation,Filling,1
Bearing_arms,Hostile_encounter,1
Competition,Rewards_and_punishments,1
Scrutiny,Attack,1
Besieging,Arrest,1
Publishing,Cause_to_be_included,1
Commitment,Change,1
Commitment,Request,1
Commitment,Name_conferral,1
Manufacturing,Dispersal,1
Communication,Damaging,1
Filling,Reporting,1
Dispersal,Escaping,1
Coming_to_be,Limiting,1
Bearing_arms,Getting,1
Agree_or_refuse_to_act,Getting,1
Bearing_arms,Recording,1
Getting,Sign_agreement,1
Resolve_problem,Becoming,1
Collaboration,Sign_agreement,1
Collaboration,Change,1
Communication,Hold,1
Assistance,Social_event,1
Judgment_communication,Quarreling,1
Process_end,Releasing,1
Request,Change_event_time,1
Change_event_time,Judgment_communication,1
Change,Arrest,1
Coming_to_believe,Arrest,1
Legal_rulings,Coming_to_believe,1
Becoming_a_member,Removing,1
Judgment_communication,Coming_to_believe,1
Convincing,Arrest,1
Expressing_publicly,Reveal_secret,1
Deciding,Arranging,1
Request,Collaboration,1
Scrutiny,Preventing_or_letting,1
Self_motion,Filling,1
Filling,Recovering,1
Social_event,Arriving,1
Cause_change_of_strength,Rewards_and_punishments,1
Know,Expansion,1
Cause_change_of_strength,Surrendering,1
Cause_to_be_included,Becoming,1
Besieging,Agree_or_refuse_to_act,1
Convincing,Hostile_encounter,1
Hold,Convincing,1
Giving,Creating,1
Hindering,Sending,1
Besieging,Action,1
Coming_to_believe,Cause_change_of_strength,1
Death,Filling,1
Coming_to_believe,Arriving,1
Response,Use_firearm,1
Come_together,Assistance,1
Convincing,Hiding_objects,1
Limiting,Creating,1
Preventing_or_letting,Limiting,1
Motion,Limiting,1
Cause_to_be_included,Preventing_or_letting,1
Statement,Wearing,1
Motion_directional,Quarreling,1
Motion_directional,Writing,1
Supply,Expressing_publicly,1
Expend_resource,Giving,1
Supporting,Commerce_pay,1
Reforming_a_system,Escaping,1
Building,Military_operation,1
Hindering,Hiding_objects,1
Statement,Warning,1
Statement,Getting,1
Connect,Use_firearm,1
Patrolling,Achieve,1
Change,Connect,1
Arriving,Collaboration,1
Connect,Recovering,1
Recording,Temporary_stay,1
Competition,Commerce_pay,1
Process_end,Supporting,1
Recovering,Body_movement,1
Change_event_time,Conquering,1
Bringing,Change,1
Bringing,Cause_to_amalgamate,1
Cause_change_of_position_on_a_scale,Cause_to_amalgamate,1
Cause_to_amalgamate,Change,1
Hindering,Emptying,1
Escaping,Emptying,1
Departing,Building,1
Departing,Carry_goods,1
Catastrophe,Commerce_sell,1
Sending,Commerce_sell,1
Name_conferral,Commerce_sell,1
Manufacturing,Control,1
Know,Protest,1
Limiting,Getting,1
Presence,Change_event_time,1
Change_of_leadership,GiveUp,1
GiveUp,Bringing,1
Assistance,Action,1
Statement,Bringing,1
Placing,Social_event,1
Change_of_leadership,Action,1
Emptying,Motion,1
Dispersal,Emptying,1
Come_together,Placing,1
Dispersal,Deciding,1
Come_together,Hold,1
Reporting,Besieging,1
Besieging,Damaging,1
Reporting,Death,1
Reporting,Damaging,1
Reporting,Protest,1
Destroying,Besieging,1
Destroying,Protest,1
Reporting,Killing,1
Killing,Coming_to_believe,1
Self_motion,Manufacturing,1
Communication,Publishing,1
Communication,Process_start,1
Departing,Removing,1
Arriving,Education_teaching,1
Connect,Process_start,1
Supporting,Removing,1
Supporting,Arriving,1
Escaping,Creating,1
Connect,Creating,1
Request,Carry_goods,1
Cause_change_of_strength,Placing,1
Commitment,Coming_to_believe,1
Expend_resource,Coming_to_believe,1
Expend_resource,Social_event,1
Connect,Body_movement,1
GetReady,Judgment_communication,1
Deciding,Competition,1
Supply,Assistance,1
Rescuing,Change_event_time,1
Committing_crime,Recording,1
Escaping,Cure,1
Publishing,Catastrophe,1
Terrorism,Come_together,1
Placing,Terrorism,1
Cause_to_make_progress,Placing,1
Cause_to_make_progress,Hold,1
Cause_to_make_progress,Receiving,1
Motion,Education_teaching,1
Traveling,Reveal_secret,1
Perception_active,Killing,1
Change_sentiment,Coming_to_believe,1
Coming_to_believe,Communication,1
Use_firearm,Hold,1
Killing,Becoming_a_member,1
Assistance,Publishing,1
Supply,Death,1
Supply,Scrutiny,1
Expansion,Damaging,1
Reporting,Process_start,1
Reporting,Surrounding,1
Hostile_encounter,Connect,1
Expansion,Connect,1
Coming_to_believe,Emptying,1
Receiving,Motion_directional,1
Preserving,Patrolling,1
Preserving,Besieging,1
Social_event,Manufacturing,1
Process_start,Reveal_secret,1
Competition,GetReady,1
Conquering,Surrounding,1
Escaping,Surrounding,1
Achieve,Deciding,1
Destroying,Publishing,1
Cause_to_be_included,Damaging,1
Request,Bearing_arms,1
Body_movement,Cause_change_of_strength,1
Control,Hiding_objects,1
Perception_active,Process_start,1
Motion,Preserving,1
Being_in_operation,Temporary_stay,1
Arriving,Check,1
Choosing,Motion_directional,1
Check,Coming_to_be,1
Check,Preventing_or_letting,1
Request,Coming_to_be,1
Hindering,Attack,1
Hindering,Resolve_problem,1
Writing,Escaping,1
Rescuing,Destroying,1
Surrendering,Rescuing,1
Body_movement,Agree_or_refuse_to_act,1
Presence,Having_or_lacking_access,1
Action,Influence,1
Judgment_communication,Recovering,1
Control,Choosing,1
Change_of_leadership,Violence,1
Self_motion,Violence,1
Violence,Choosing,1
Process_end,Publishing,1
Sign_agreement,Statement,1
Sign_agreement,Know,1
Achieve,Process_start,1
Limiting,Process_start,1
Control,Manufacturing,1
Limiting,Achieve,1
Escaping,Damaging,1
Besieging,Statement,1
GiveUp,Damaging,1
Confronting_problem,GiveUp,1
Carry_goods,Motion_directional,1
Carry_goods,Hindering,1
Carry_goods,Military_operation,1
Catastrophe,Education_teaching,1
Expressing_publicly,Catastrophe,1
GetReady,Damaging,1
GetReady,Dispersal,1
Education_teaching,Choosing,1
Killing,Defending,1
Social_event,Award,1
Publishing,Getting,1
Publishing,Award,1
Cause_to_be_included,Arranging,1
Creating,Rewards_and_punishments,1
Violence,Rewards_and_punishments,1
Receiving,Cause_to_make_progress,1
Hiding_objects,Emptying,1
Cause_change_of_position_on_a_scale,Confronting_problem,1
Action,Hindering,1
Supply,Action,1
Publishing,Arriving,1
Supply,Process_end,1
Supply,Hostile_encounter,1
Bringing,Attack,1
Bearing_arms,Attack,1
Bearing_arms,Defending,1
Building,Commerce_sell,1
Arranging,Surrounding,1
Arranging,Connect,1
Commerce_sell,Coming_to_believe,1
Commerce_sell,Bringing,1
Collaboration,Preventing_or_letting,1
Cause_change_of_strength,Warning,1
Emptying,Attack,1
Criminal_investigation,Employment,1
Statement,Resolve_problem,1
Statement,Social_event,1
Name_conferral,Becoming_a_member,1
Name_conferral,Arranging,1
Recording,Expansion,1
Name_conferral,Action,1
Supply,Cause_to_make_progress,1
Name_conferral,Assistance,1
Coming_to_be,Cure,1
Commitment,Cause_change_of_strength,1
Defending,Receiving,1
Defending,Criminal_investigation,1
Being_in_operation,Emptying,1
Expend_resource,Emptying,1
Cause_change_of_position_on_a_scale,Manufacturing,1
Bodily_harm,Terrorism,1
Confronting_problem,Assistance,1
Quarreling,Change,1
Hostile_encounter,Check,1
Check,Creating,1
Recording,Becoming,1
Expressing_publicly,Check,1
Expressing_publicly,Cause_to_be_included,1
Commerce_sell,Agree_or_refuse_to_act,1
Creating,Forming_relationships,1
Motion_directional,Check,1
Cause_to_make_progress,Change_event_time,1
Escaping,Coming_to_believe,1
Cause_to_make_progress,Openness,1
Attack,Forming_relationships,1
Emptying,Death,1
Emptying,Reporting,1
Influence,Know,1
Emptying,Bodily_harm,1
Supporting,Response,1
Giving,Coming_to_be,1
Military_operation,Convincing,1
Placing,Departing,1
Achieve,Catastrophe,1
Hindering,Giving,1
Process_start,Protest,1
Commerce_pay,Judgment_communication,1
Emptying,Know,1
Collaboration,Response,1
Destroying,Commerce_sell,1
Military_operation,Reveal_secret,1
Bringing,Filling,1
Temporary_stay,Cause_change_of_strength,1
Judgment_communication,Defending,1
Sign_agreement,Conquering,1
Come_together,Check,1
Defending,Damaging,1
Sending,Presence,1
Response,Becoming,1
GiveUp,Arriving,1
GiveUp,Come_together,1
Resolve_problem,Cause_change_of_position_on_a_scale,1
Resolve_problem,Killing,1
Change,Recording,1
Forming_relationships,Forming_relationships,1
Reporting,Agree_or_refuse_to_act,1
Recording,Sending,1
Bringing,Hold,1
Violence,Publishing,1
Coming_to_be,Hiding_objects,1
Bringing,Preserving,1
Besieging,Preserving,1
Perception_active,Cause_to_be_included,1
Perception_active,Rescuing,1
Bringing,Defending,1
Conquering,Traveling,1
GetReady,Resolve_problem,1
Action,Departing,1
Cause_to_amalgamate,Killing,1
Cause_to_amalgamate,Bodily_harm,1
Emptying,Change,1
Emptying,Preventing_or_letting,1
Cause_to_amalgamate,Presence,1
Committing_crime,Creating,1
Action,Competition,1
Cause_change_of_strength,Control,1
Quarreling,Earnings_and_losses,1
Connect,Filling,1
Social_event,Warning,1
Sending,Becoming,1
Sending,Escaping,1
Cause_to_make_progress,Emptying,1
Cause_to_make_progress,Filling,1
Dispersal,Surrounding,1
Motion,Surrounding,1
Commerce_sell,Recording,1
Becoming_a_member,Social_event,1
Response,Resolve_problem,1
Placing,Publishing,1
Removing,Departing,1
Temporary_stay,Deciding,1
Killing,Presence,1
Recording,Judgment_communication,1
Filling,Judgment_communication,1
Manufacturing,Judgment_communication,1
Supply,Judgment_communication,1
Expressing_publicly,Openness,1
Earnings_and_losses,Supply,1
Surrendering,Preserving,1
Deciding,Temporary_stay,1
Earnings_and_losses,Agree_or_refuse_to_act,1
Earnings_and_losses,Choosing,1
Employment,Process_start,1
Scrutiny,GetReady,1
Know,GetReady,1
Publishing,Dispersal,1
Motion,Being_in_operation,1
Temporary_stay,Cause_change_of_position_on_a_scale,1
Perception_active,Response,1
Preserving,Cause_change_of_position_on_a_scale,1
Cause_change_of_strength,Preserving,1
Sign_agreement,Cause_change_of_strength,1
Conquering,Hiding_objects,1
Communication,Cause_change_of_strength,1
Process_end,Name_conferral,1
Name_conferral,Cause_to_make_progress,1
Coming_to_be,Legality,1
Bringing,Come_together,1
Come_together,Commitment,1
Cause_to_be_included,Catastrophe,1
Cause_to_be_included,Departing,1
Cause_to_be_included,Motion,1
Escaping,GetReady,1
Creating,Convincing,1
Convincing,Preserving,1
Creating,Legal_rulings,1
Hold,Committing_crime,1
Bringing,Receiving,1
Bringing,Rewards_and_punishments,1
Bringing,Coming_to_believe,1
Sending,Arrest,1
Bringing,Committing_crime,1
Change_sentiment,Preventing_or_letting,1
Employment,Damaging,1
Placing,Emptying,1
Bringing,Bringing,1
Arriving,Body_movement,1
Name_conferral,Cause_change_of_position_on_a_scale,1
Achieve,GiveUp,1
Cause_to_amalgamate,Supply,1
Cause_to_amalgamate,Use_firearm,1
Expansion,Agree_or_refuse_to_act,1
Cause_change_of_strength,Bringing,1
Sending,Coming_to_be,1
Expansion,Come_together,1
Expansion,Cause_to_amalgamate,1
Expansion,Sending,1
Attack,Surrounding,1
Defending,Placing,1
Cause_to_amalgamate,Come_together,1
Surrounding,Getting,1
Expansion,Choosing,1
Choosing,Sending,1
Quarreling,Committing_crime,1
Quarreling,Criminal_investigation,1
Quarreling,Arrest,1
Quarreling,Motion,1
Criminal_investigation,Committing_crime,1
Quarreling,Judgment_communication,1
Damaging,Convincing,1
Damaging,Communication,1
Damaging,Scrutiny,1
Killing,Receiving,1
Receiving,Supply,1
Scrutiny,Response,1
Perception_active,Social_event,1
Carry_goods,Bringing,1
Recovering,Filling,1
Getting,Name_conferral,1
Hold,Forming_relationships,1
Social_event,Forming_relationships,1
Agree_or_refuse_to_act,Telling,1
Influence,Being_in_operation,1
Communication,Cause_to_amalgamate,1
Judgment_communication,Response,1
Receiving,Killing,1
Receiving,Bodily_harm,1
Change,Arranging,1
Change,GiveUp,1
Statement,Writing,1
Request,Change_sentiment,1
Change_sentiment,Arriving,1
Change_sentiment,Writing,1
Creating,Change_sentiment,1
Creating,Writing,1
Military_operation,Communication,1
Dispersal,Sign_agreement,1
Expressing_publicly,Agree_or_refuse_to_act,1
Influence,Agree_or_refuse_to_act,1
Terrorism,Process_end,1
Terrorism,Getting,1
Terrorism,Preventing_or_letting,1
Releasing,Change_sentiment,1
Surrounding,Hindering,1
Social_event,Use_firearm,1
Employment,Arranging,1
Social_event,Filling,1
Death,Employment,1
Writing,Placing,1
Defending,Becoming_a_member,1
Achieve,Placing,1
Removing,Cause_change_of_strength,1
Agree_or_refuse_to_act,Arranging,1
Statement,Expansion,1
Statement,Arranging,1
Scrutiny,Connect,1
Traveling,Resolve_problem,1
Killing,Sign_agreement,1
Bodily_harm,Rewards_and_punishments,1
Arriving,Reveal_secret,1
Motion_directional,Reveal_secret,1
Check,Conquering,1
Cause_to_make_progress,Warning,1
Receiving,Process_start,1
Escaping,Legality,1
Bearing_arms,Cause_to_be_included,1
Bearing_arms,Change_of_leadership,1
Commitment,Action,1
Assistance,GetReady,1
Arrest,Attack,1
Assistance,Cause_to_make_progress,1
Assistance,Killing,1
Motion,GetReady,1
Assistance,Damaging,1
Arrest,Process_end,1
Assistance,Arrest,1
Scrutiny,Creating,1
Telling,Rescuing,1
Body_movement,Departing,1
Telling,Departing,1
Hindering,Body_movement,1
Body_movement,Self_motion,1
Telling,Body_movement,1
Being_in_operation,Recovering,1
Being_in_operation,Scrutiny,1
Death,Use_firearm,1
Reporting,Motion,1
Becoming,Use_firearm,1
Reporting,Giving,1
Choosing,Writing,1
Arranging,Temporary_stay,1
Control,Know,1
Escaping,Catastrophe,1
Control,Dispersal,1
Conquering,Come_together,1
Motion,Terrorism,1
Achieve,Change_of_leadership,1
Traveling,Motion_directional,1
Deciding,Motion_directional,1
Telling,Giving,1
Telling,Dispersal,1
Traveling,Deciding,1
Deciding,Telling,1
Placing,Giving,1
Telling,Motion_directional,1
Deciding,Placing,1
Traveling,Dispersal,1
Process_end,Hindering,1
Hindering,Action,1
Traveling,Telling,1
Recovering,Cause_change_of_position_on_a_scale,1
Filling,Earnings_and_losses,1
Education_teaching,Motion_directional,1
Education_teaching,Arriving,1
Education_teaching,Escaping,1
Bodily_harm,Motion_directional,1
Resolve_problem,Emptying,1
Presence,Emptying,1
Commitment,Emptying,1
Becoming,Commerce_sell,1
Terrorism,Cause_change_of_position_on_a_scale,1
Earnings_and_losses,Committing_crime,1
Giving,Escaping,1
Change_event_time,Giving,1
Sign_agreement,Removing,1
Becoming,Choosing,1
Cause_to_amalgamate,Dispersal,1
Preserving,Dispersal,1
Rescuing,Giving,1
Escaping,Cause_to_make_progress,1
Control,Education_teaching,1
Request,Competition,1
Check,Cause_to_amalgamate,1
Expressing_publicly,Manufacturing,1
Action,Besieging,1
Bringing,Besieging,1
Assistance,Know,1
Use_firearm,Besieging,1
Coming_to_believe,GiveUp,1
Receiving,Competition,1
Sign_agreement,Manufacturing,1
Telling,Getting,1
Becoming_a_member,Creating,1
Change,Becoming_a_member,1
Motion_directional,Action,1
Criminal_investigation,Hindering,1
Control,Emptying,1
Agree_or_refuse_to_act,Openness,1
GiveUp,Receiving,1
Besieging,Creating,1
GiveUp,Process_start,1
Conquering,Receiving,1
Preventing_or_letting,Legality,1
Supply,Collaboration,1
Getting,Resolve_problem,1
Supporting,Assistance,1
Limiting,Know,1
Recording,Check,1
Building,Deciding,1
Self_motion,Name_conferral,1
Education_teaching,Conquering,1
Escaping,Competition,1
Supporting,Motion,1
Supporting,Damaging,1
GiveUp,Supporting,1
Request,Resolve_problem,1
Manufacturing,Attack,1
Supply,Supply,1
Request,Sign_agreement,1
Creating,Dispersal,1
Damaging,Confronting_problem,1
Death,Catastrophe,1
Expansion,Self_motion,1
Expansion,Getting,1
Expansion,Catastrophe,1
Reporting,Change_event_time,1
Reporting,Catastrophe,1
Check,Deciding,1
Action,Reporting,1
Giving,Becoming,1
Award,Agree_or_refuse_to_act,1
Award,Departing,1
Expansion,Judgment_communication,1
Receiving,Giving,1
Damaging,Name_conferral,1
Bearing_arms,Killing,1
Bearing_arms,Earnings_and_losses,1
Change,Bearing_arms,1
Change,Death,1
Sending,Check,1
Bearing_arms,Agree_or_refuse_to_act,1
Confronting_problem,Rescuing,1
Departing,Coming_to_be,1
Response,Expansion,1
Defending,Destroying,1
Response,Social_event,1
Giving,Bodily_harm,1
Giving,Earnings_and_losses,1
Communication,Creating,1
Manufacturing,Social_event,1
Manufacturing,Arranging,1
Perception_active,Criminal_investigation,1
Perception_active,Influence,1
Telling,Influence,1
Telling,Criminal_investigation,1
Come_together,Recording,1
Perception_active,Self_motion,1
Come_together,Forming_relationships,1
Hindering,Agree_or_refuse_to_act,1
Building,Hold,1
Cause_change_of_position_on_a_scale,Openness,1
Warning,GetReady,1
Besieging,Presence,1
Openness,Process_start,1
Damaging,Expansion,1
Change,GetReady,1
Change,Besieging,1
Getting,Supply,1
Motion,Writing,1
Hindering,Recovering,1
Hindering,Getting,1
Hindering,Protest,1
Departing,Sending,1
Being_in_operation,Conquering,1
Giving,Come_together,1
Connect,Killing,1
Surrounding,Arriving,1
Connect,Arriving,1
Use_firearm,Dispersal,1
Confronting_problem,Motion,1
Supporting,Rescuing,1
Supporting,Catastrophe,1
Supply,Motion_directional,1
Motion_directional,Placing,1
Supply,Social_event,1
Placing,Change_sentiment,1
Openness,Supporting,1
Use_firearm,Social_event,1
Use_firearm,Supporting,1
Action,Becoming_a_member,1
Destroying,Temporary_stay,1
Defending,Award,1
Becoming_a_member,Attack,1
Removing,Placing,1
Award,Process_end,1
Communication,Supply,1
Expressing_publicly,Besieging,1
Emptying,Motion_directional,1
Control,Releasing,1
Social_event,Sign_agreement,1
Receiving,Quarreling,1
Criminal_investigation,Giving,1
Criminal_investigation,Dispersal,1
Change_event_time,Deciding,1
Change_event_time,Temporary_stay,1
Receiving,Building,1
Confronting_problem,Motion_directional,1
Confronting_problem,Cause_to_make_progress,1
Cause_to_make_progress,Motion_directional,1
Warning,Request,1
Preventing_or_letting,Competition,1
GiveUp,Departing,1
Reveal_secret,Escaping,1
Terrorism,Catastrophe,1
Terrorism,Response,1
Request,GiveUp,1
Request,Name_conferral,1
Request,Convincing,1
Action,Convincing,1
Hindering,Manufacturing,1
Removing,Supporting,1
Competition,Violence,1
Emptying,Arranging,1
Competition,Protest,1
Emptying,Communication,1
Hindering,Judgment_communication,1
Violence,Supporting,1
Emptying,Come_together,1
Preventing_or_letting,Becoming_a_member,1
Supply,Change_event_time,1
Receiving,Change_event_time,1
Hindering,Temporary_stay,1
Hindering,Surrendering,1
Surrendering,Temporary_stay,1
Manufacturing,Giving,1
Sign_agreement,Arranging,1
Deciding,Bringing,1
Arranging,Preserving,1
Dispersal,Recovering,1
Hindering,Social_event,1
Commitment,Judgment_communication,1
Destroying,Expansion,1
Cause_to_amalgamate,Motion_directional,1
Statement,Create_artwork,1
Becoming_a_member,Agree_or_refuse_to_act,1
Supply,Arriving,1
Being_in_operation,Defending,1
Change_event_time,Arranging,1
Sign_agreement,Motion,1
Arriving,Change_event_time,1
Being_in_operation,Name_conferral,1
GiveUp,Change_event_time,1
Earnings_and_losses,Becoming_a_member,1
Damaging,Change_of_leadership,1
Bringing,Agree_or_refuse_to_act,1
Becoming,Cause_to_amalgamate,1
Bringing,Preventing_or_letting,1
Body_movement,Damaging,1
Know,Perception_active,1
Dispersal,GiveUp,1
Sign_agreement,Hostile_encounter,1
Sign_agreement,Name_conferral,1
Besieging,Judgment_communication,1
Besieging,Name_conferral,1
Arranging,Influence,1
Cause_to_amalgamate,Resolve_problem,1
Cause_to_amalgamate,Giving,1
Besieging,Resolve_problem,1
Renting,Placing,1
Renting,Giving,1
Confronting_problem,Violence,1
Presence,Violence,1
Presence,Confronting_problem,1
Preventing_or_letting,Perception_active,1
Competition,Building,1
Process_start,Employment,1
Come_together,Change_event_time,1
Influence,Expressing_publicly,1
Assistance,Statement,1
Presence,Assistance,1
Deciding,Come_together,1
Openness,Name_conferral,1
Emptying,Placing,1
Removing,Damaging,1
Hold,Know,1
Damaging,Know,1
Sign_agreement,Bringing,1
Creating,Surrendering,1
Statement,Confronting_problem,1
Know,Supply,1
Manufacturing,Process_end,1
Employment,Receiving,1
Employment,Process_end,1
Defending,Expend_resource,1
GiveUp,Becoming,1
GiveUp,Death,1
Influence,Hostile_encounter,1
Manufacturing,Placing,1
Presence,Being_in_operation,1
Hold,Being_in_operation,1
Creating,Commerce_sell,1
Presence,Social_event,1
Employment,Supporting,1
Action,Communication,1
Receiving,Body_movement,1
Departing,Placing,1
Motion_directional,Besieging,1
Receiving,Come_together,1
Body_movement,Award,1
Award,Change,1
Quarreling,Bodily_harm,1
Influence,Recovering,1
Process_start,Violence,1
Hold,Change_event_time,1
Hold,GiveUp,1
Dispersal,Know,1
Quarreling,Self_motion,1
Quarreling,Besieging,1
Quarreling,Convincing,1
Confronting_problem,Preventing_or_letting,1
Confronting_problem,Military_operation,1
Motion_directional,Building,1
Military_operation,Come_together,1
Military_operation,Placing,1
Bodily_harm,Cause_to_make_progress,1
Collaboration,Recording,1
GiveUp,Presence,1
Telling,Scrutiny,1
Scrutiny,Legal_rulings,1
Telling,Know,1
Arrest,Telling,1
Arranging,Telling,1
Conquering,Telling,1
Arrest,Arranging,1
Competition,Cause_to_be_included,1
Confronting_problem,Receiving,1
GiveUp,Surrendering,1
Judgment_communication,Surrendering,1
Judgment_communication,Conquering,1
Agree_or_refuse_to_act,Being_in_operation,1
Convincing,Military_operation,1
Reforming_a_system,Getting,1
Releasing,Defending,1
Releasing,Hindering,1
Releasing,Motion,1
Change_event_time,Come_together,1
Self_motion,Hold,1
Besieging,Body_movement,1
Besieging,Becoming_a_member,1
Competition,Traveling,1
Request,Protest,1
Supporting,Giving,1
Besieging,GiveUp,1
Dispersal,Supply,1
Judgment_communication,Change_sentiment,1
Quarreling,Escaping,1
Control,Temporary_stay,1
Besieging,Response,1
Collaboration,Dispersal,1
Being_in_operation,Becoming_a_member,1
Being_in_operation,Achieve,1
Recovering,Cause_to_make_progress,1
Expressing_publicly,Recovering,1
Cause_to_make_progress,Expansion,1
Change_of_leadership,Cause_to_make_progress,1
Confronting_problem,Earnings_and_losses,1
Self_motion,Confronting_problem,1
Hindering,Expansion,1
Cause_change_of_position_on_a_scale,Change_event_time,1
Confronting_problem,Departing,1
Confronting_problem,Expansion,1
Supply,Earnings_and_losses,1
Being_in_operation,Hold,1
Defending,Expansion,1
Being_in_operation,Expansion,1
Perception_active,Catastrophe,1
Cause_to_amalgamate,Perception_active,1
Dispersal,Perception_active,1
Reforming_a_system,Process_end,1
Reforming_a_system,Bringing,1
Reforming_a_system,Recovering,1
Forming_relationships,Know,1
Reforming_a_system,Surrendering,1
Surrendering,Statement,1
Bringing,Recovering,1
Arrest,Surrendering,1
Surrendering,Recovering,1
Response,Surrendering,1
Reforming_a_system,Response,1
Reforming_a_system,Use_firearm,1
Forming_relationships,Preventing_or_letting,1
Arrest,Control,1
Preventing_or_letting,Traveling,1
Process_end,Placing,1
Besieging,Social_event,1
Surrendering,Social_event,1
Earnings_and_losses,Social_event,1
Achieve,Competition,1
GiveUp,Earnings_and_losses,1
GiveUp,Getting,1
Recovering,Damaging,1
Arrest,Damaging,1
Openness,Cause_to_make_progress,1
Manufacturing,Assistance,1
Influence,Manufacturing,1
Expressing_publicly,Presence,1
Becoming_a_member,Assistance,1
Becoming_a_member,Hindering,1
Becoming_a_member,Process_end,1
Getting,Bringing,1
Presence,Supporting,1
Manufacturing,Departing,1
Preventing_or_letting,Giving,1
Achieve,Achieve,1
Achieve,Giving,1
Achieve,Preventing_or_letting,1
Change,Control,1
Rewards_and_punishments,Getting,1
Bodily_harm,Coming_to_be,1
Hold,Come_together,1
Choosing,Achieve,1
Destroying,Influence,1
Destroying,Presence,1
Reforming_a_system,Defending,1
Earnings_and_losses,Communication,1
Being_in_operation,Getting,1
Change_sentiment,Sending,1
Change_sentiment,Earnings_and_losses,1
Change_sentiment,Hold,1
Control,Besieging,1
Change_sentiment,Departing,1
Change_sentiment,Control,1
Change_sentiment,Death,1
Change_sentiment,Cause_change_of_position_on_a_scale,1
Change_sentiment,Besieging,1
Cause_to_make_progress,Traveling,1
Cause_change_of_position_on_a_scale,Expansion,1
Cause_change_of_position_on_a_scale,Receiving,1
Military_operation,Perception_active,1
Building,Cause_to_amalgamate,1
Becoming,Motion_directional,1
Openness,Arriving,1
Violence,Filling,1
Expansion,Deciding,1
Expansion,Cause_to_make_progress,1
Creating,GiveUp,1
Cause_to_make_progress,Deciding,1
Cause_change_of_position_on_a_scale,Employment,1
Achieve,Supporting,1
Openness,Presence,1
Removing,Social_event,1
Come_together,Removing,1
Cause_change_of_strength,Departing,1
Cause_change_of_strength,Request,1
Manufacturing,Influence,1
Expressing_publicly,Arranging,1
Achieve,Escaping,1
Openness,Escaping,1
Coming_to_be,Being_in_operation,1
Committing_crime,Committing_crime,1
Committing_crime,Arranging,1
Violence,Defending,1
Cause_change_of_position_on_a_scale,Recovering,1
Cause_to_be_included,Expansion,1
Motion_directional,Manufacturing,1
Giving,Removing,1
Quarreling,Assistance,1
Quarreling,Surrendering,1
Escaping,Communication,1
GiveUp,Communication,1
Escaping,Deciding,1
Preventing_or_letting,Confronting_problem,1
Supporting,Arranging,1
Killing,Choosing,1
Know,Come_together,1
Military_operation,Legal_rulings,1
Departing,Competition,1
Traveling,Cause_to_be_included,1
Recording,Change,1
Recording,Change_sentiment,1
Change_sentiment,Change,1
Bringing,Change_event_time,1
Process_end,Social_event,1
Manufacturing,Openness,1
Cause_to_be_included,Change_of_leadership,1
Bodily_harm,Control,1
Come_together,Reporting,1
Death,Departing,1
Departing,Hostile_encounter,1
Defending,Competition,1
Judgment_communication,Cause_to_make_progress,1
Process_end,Competition,1
Sending,Hindering,1
Manufacturing,Becoming,1
Manufacturing,Perception_active,1
Manufacturing,Cause_to_make_progress,1
Manufacturing,Deciding,1
Manufacturing,Getting,1
Manufacturing,Sending,1
Cause_to_make_progress,Choosing,1
Perception_active,Earnings_and_losses,1
Motion_directional,Receiving,1
Expansion,Conquering,1
Cause_to_amalgamate,Expressing_publicly,1
Expansion,Bringing,1
Expansion,Expressing_publicly,1
Publishing,Coming_to_be,1
Giving,Influence,1
Defending,Cause_to_make_progress,1
Deciding,Becoming_a_member,1
Arriving,Cure,1
Cause_change_of_position_on_a_scale,Cause_to_be_included,1
Change,Competition,1
Dispersal,Creating,1
Coming_to_be,Competition,1
Hold,Create_artwork,1
